platform,source_event_id,source_market_id,source_selection_id,player_name,team,sport,stat_type,prop_category,line,over_american_odds,under_american_odds,game_id,game_start_time,status,pulled_at
fanduel,34100802,751.159281256,56029693,REGULAR_SEASON_WINS_SGP,,NFL,Arizona Cardinals - Regular Season Wins 2026-27,player_performance,0.0,460,-600,34100802,2026-03-06T18:48:05.000Z,,2026-09-09T12:23:34.192600+00:00
fanduel,34100802,751.159281323,53962441,REGULAR_SEASON_WINS_SGP,,NFL,Atlanta Falcons - Regular Season Wins 2026-27,player_performance,0.0,350,-450,34100802,2026-03-06T18:48:05.000Z,,2026-09-09T12:23:34.192600+00:00
fanduel,34100802,751.159281341,53248516,REGULAR_SEASON_WINS_SGP,,NFL,Baltimore Ravens - Regular Season Wins 2026-27,player_performance,0.0,450,-600,34100802,2026-03-06T18:48:05.000Z,,2026-09-09T12:23:34.192600+00:00
fanduel,34100802,751.159281364,53248569,REGULAR_SEASON_WINS_SGP,,NFL,Buffalo Bills - Regular Season Wins 2026-27,player_performance,0.0,250,-310,34100802,2026-03-06T18:48:05.000Z,,2026-09-09T12:23:34.192600+00:00
fanduel,34100802,751.159281409,53962441,REGULAR_SEASON_WINS_SGP,,NFL,Carolina Panthers - Regular Season Wins 2026-27,player_performance,0.0,360,-460,34100802,2026-03-06T18:48:05.000Z,,2026-09-09T12:23:34.192600+00:00
fanduel,34100802,751.159281445,53956881,REGULAR_SEASON_WINS_SGP,,NFL,Chicago Bears - Regular Season Wins 2026-27,player_performance,0.0,300,-370,34100802,2026-03-06T18:48:05.000Z,,2026-09-09T12:23:34.192600+00:00
fanduel,34100802,751.159281499,53956881,REGULAR_SEASON_WINS_SGP,,NFL,Cincinnati Bengals - Regular Season Wins 2026-27,player_performance,0.0,170,-200,34100802,2026-03-06T18:48:05.000Z,,2026-09-09T12:23:34.192600+00:00
fanduel,34100802,751.159281507,53962803,REGULAR_SEASON_WINS_SGP,,NFL,Cleveland Browns - Regular Season Wins 2026-27,player_performance,0.0,450,-600,34100802,2026-03-06T18:48:05.000Z,,2026-09-09T12:23:34.192600+00:00
fanduel,34100802,751.159281528,53956881,REGULAR_SEASON_WINS_SGP,,NFL,Dallas Cowboys - Regular Season Wins 2026-27,player_performance,0.0,270,-330,34100802,2026-03-06T18:48:05.000Z,,2026-09-09T12:23:34.192600+00:00
fanduel,34100802,751.159282203,53956881,REGULAR_SEASON_WINS_SGP,,NFL,Denver Broncos - Regular Season Wins 2026-27,player_performance,0.0,230,-280,34100802,2026-03-06T18:48:05.000Z,,2026-09-09T12:23:34.192600+00:00
fanduel,34100802,751.159282213,53248569,REGULAR_SEASON_WINS_SGP,,NFL,Detroit Lions - Regular Season Wins 2026-27,player_performance,0.0,250,-310,34100802,2026-03-06T18:48:05.000Z,,2026-09-09T12:23:34.192600+00:00
fanduel,34100802,751.159282738,53956881,REGULAR_SEASON_WINS_SGP,,NFL,Green Bay Packers - Regular Season Wins 2026-27,player_performance,0.0,270,-330,34100802,2026-03-06T18:48:05.000Z,,2026-09-09T12:23:34.192600+00:00
fanduel,34100802,751.159282835,53956881,REGULAR_SEASON_WINS_SGP,,NFL,Houston Texans - Regular Season Wins 2026-27,player_performance,0.0,220,-270,34100802,2026-03-06T18:48:05.000Z,,2026-09-09T12:23:34.192600+00:00
fanduel,34100802,751.159282888,53962441,REGULAR_SEASON_WINS_SGP,,NFL,Indianapolis Colts - Regular Season Wins 2026-27,player_performance,0.0,190,-230,34100802,2026-03-06T18:48:05.000Z,,2026-09-09T12:23:34.192600+00:00
fanduel,34100802,751.159283166,53956881,REGULAR_SEASON_WINS_SGP,,NFL,Jacksonville Jaguars - Regular Season Wins 2026-27,player_performance,0.0,360,-460,34100802,2026-03-06T18:48:05.000Z,,2026-09-09T12:23:34.192600+00:00
fanduel,34100802,751.159283194,53248569,REGULAR_SEASON_WINS_SGP,,NFL,Kansas City Chiefs - Regular Season Wins 2026-27,player_performance,0.0,400,-550,34100802,2026-03-06T18:48:05.000Z,,2026-09-09T12:23:34.192600+00:00
fanduel,34100802,751.159283213,55163812,REGULAR_SEASON_WINS_SGP,,NFL,Las Vegas Raiders - Regular Season Wins 2026-27,player_performance,0.0,220,-270,34100802,2026-03-06T18:48:05.000Z,,2026-09-09T12:23:34.192600+00:00
fanduel,34100802,751.159283232,53956881,REGULAR_SEASON_WINS_SGP,,NFL,Los Angeles Chargers - Regular Season Wins 2026-27,player_performance,0.0,240,-290,34100802,2026-03-06T18:48:05.000Z,,2026-09-09T12:23:34.192600+00:00
fanduel,34100802,751.159283258,53248516,REGULAR_SEASON_WINS_SGP,,NFL,Los Angeles Rams - Regular Season Wins 2026-27,player_performance,0.0,250,-300,34100802,2026-03-06T18:48:05.000Z,,2026-09-09T12:23:34.192600+00:00
fanduel,34100802,751.159283269,56029693,REGULAR_SEASON_WINS_SGP,,NFL,Miami Dolphins - Regular Season Wins 2026-27,player_performance,0.0,460,-600,34100802,2026-03-06T18:48:05.000Z,,2026-09-09T12:23:34.192600+00:00
fanduel,34100802,751.159283294,53962494,REGULAR_SEASON_WINS_SGP,,NFL,Minnesota Vikings - Regular Season Wins 2026-27,player_performance,0.0,230,-280,34100802,2026-03-06T18:48:05.000Z,,2026-09-09T12:23:34.192600+00:00
fanduel,34100802,751.159283315,53956881,REGULAR_SEASON_WINS_SGP,,NFL,New England Patriots - Regular Season Wins 2026-27,player_performance,0.0,230,-280,34100802,2026-03-06T18:48:05.000Z,,2026-09-09T12:23:34.192600+00:00
fanduel,34100802,751.159283330,53962441,REGULAR_SEASON_WINS_SGP,,NFL,New Orleans Saints - Regular Season Wins 2026-27,player_performance,0.0,280,-340,34100802,2026-03-06T18:48:05.000Z,,2026-09-09T12:23:34.192600+00:00
fanduel,34100802,751.159283370,53962441,REGULAR_SEASON_WINS_SGP,,NFL,New York Giants - Regular Season Wins 2026-27,player_performance,0.0,300,-370,34100802,2026-03-06T18:48:05.000Z,,2026-09-09T12:23:34.192600+00:00
fanduel,34100802,751.159283389,55163812,REGULAR_SEASON_WINS_SGP,,NFL,New York Jets - Regular Season Wins 2026-27,player_performance,0.0,300,-370,34100802,2026-03-06T18:48:05.000Z,,2026-09-09T12:23:34.192600+00:00
fanduel,34100802,751.159283436,53248569,REGULAR_SEASON_WINS_SGP,,NFL,Philadelphia Eagles - Regular Season Wins 2026-27,player_performance,0.0,350,-450,34100802,2026-03-06T18:48:05.000Z,,2026-09-09T12:23:34.192600+00:00
fanduel,34100802,751.159283466,53962441,REGULAR_SEASON_WINS_SGP,,NFL,Pittsburgh Steelers - Regular Season Wins 2026-27,player_performance,0.0,210,-250,34100802,2026-03-06T18:48:05.000Z,,2026-09-09T12:23:34.192600+00:00
fanduel,34100802,751.159283476,53248569,REGULAR_SEASON_WINS_SGP,,NFL,San Francisco 49ers - Regular Season Wins 2026-27,player_performance,0.0,420,-550,34100802,2026-03-06T18:48:05.000Z,,2026-09-09T12:23:34.192600+00:00
fanduel,34100802,751.159283816,53248569,REGULAR_SEASON_WINS_SGP,,NFL,Seattle Seahawks - Regular Season Wins 2026-27,player_performance,0.0,270,-330,34100802,2026-03-06T18:48:05.000Z,,2026-09-09T12:23:34.192600+00:00
fanduel,34100802,751.159283826,53962494,REGULAR_SEASON_WINS_SGP,,NFL,Tampa Bay Buccaneers - Regular Season Wins 2026-27,player_performance,0.0,320,-410,34100802,2026-03-06T18:48:05.000Z,,2026-09-09T12:23:34.192600+00:00
fanduel,34100802,751.159283851,53962803,REGULAR_SEASON_WINS_SGP,,NFL,Tennessee Titans - Regular Season Wins 2026-27,player_performance,0.0,320,-400,34100802,2026-03-06T18:48:05.000Z,,2026-09-09T12:23:34.192600+00:00
fanduel,34100802,751.180827684,50201,BEST_RECORD_SGP,,NFL,Worst Regular Season Record 2026-27,player_performance,0.0,,,34100802,2026-03-06T18:48:05.000Z,,2026-09-09T12:23:34.192600+00:00
fanduel,34100802,751.162539007,50203,MAKE_PLAYOFFS_AFC_SGP,,NFL,To Make the Playoffs AFC 2026-27,player_performance,0.0,,,34100802,2026-03-06T18:48:05.000Z,,2026-09-09T12:23:34.192600+00:00
fanduel,34100802,751.162539035,10782388,MAKE_PLAYOFFS_NFC_SGP,,NFL,To Make the Playoffs NFC 2026-27,player_performance,0.0,,,34100802,2026-03-06T18:48:05.000Z,,2026-09-09T12:23:34.192600+00:00
fanduel,35610168,751.169090585,7017916,TOTAL_POINTS_(OVER/UNDER),,NFL,Total Points,player_performance,49.5,-115,-105,35610168,2026-09-13T17:01:00.000Z,,2026-09-09T12:23:34.192600+00:00
fanduel,35610168,751.169090586,50196,MONEY_LINE,,NFL,Moneyline,player_performance,0.0,,,35610168,2026-09-13T17:01:00.000Z,,2026-09-09T12:23:34.192600+00:00
fanduel,35610171,751.169090664,50192,MATCH_HANDICAP_(2-WAY),,NFL,Spread,player_performance,1.5,,,35610171,2026-09-13T20:25:00.000Z,,2026-09-09T12:23:34.192600+00:00
fanduel,35610171,751.169090665,50192,MONEY_LINE,,NFL,Moneyline,player_performance,0.0,,,35610171,2026-09-13T20:25:00.000Z,,2026-09-09T12:23:34.192600+00:00
fanduel,35610190,751.169091670,50205,MATCH_HANDICAP_(2-WAY),,NFL,Spread,player_performance,-3.5,,,35610190,2026-09-13T17:01:00.000Z,,2026-09-09T12:23:34.192600+00:00
fanduel,35610170,751.169090660,50188,MATCH_HANDICAP_(2-WAY),,NFL,Spread,player_performance,9.5,,,35610170,2026-09-13T20:26:00.000Z,,2026-09-09T12:23:34.192600+00:00
fanduel,35610190,751.169091673,50205,MONEY_LINE,,NFL,Moneyline,player_performance,0.0,,,35610190,2026-09-13T17:01:00.000Z,,2026-09-09T12:23:34.192600+00:00
fanduel,35610190,751.169091672,7017916,TOTAL_POINTS_(OVER/UNDER),,NFL,Total Points,player_performance,47.5,-115,-105,35610190,2026-09-13T17:01:00.000Z,,2026-09-09T12:23:34.192600+00:00
fanduel,35610168,751.169090584,50196,MATCH_HANDICAP_(2-WAY),,NFL,Spread,player_performance,6.5,,,35610168,2026-09-13T17:01:00.000Z,,2026-09-09T12:23:34.192600+00:00
fanduel,35610170,751.169090661,7017916,TOTAL_POINTS_(OVER/UNDER),,NFL,Total Points,player_performance,47.5,-104,-118,35610170,2026-09-13T20:26:00.000Z,,2026-09-09T12:23:34.192600+00:00
fanduel,35610171,751.169090666,7017916,TOTAL_POINTS_(OVER/UNDER),,NFL,Total Points,player_performance,46.5,-110,-110,35610171,2026-09-13T20:25:00.000Z,,2026-09-09T12:23:34.192600+00:00
fanduel,35609021,751.169057007,50202,MATCH_HANDICAP_(2-WAY),,NFL,Spread,player_performance,1.5,,,35609021,2026-09-13T17:01:00.000Z,,2026-09-09T12:23:34.192600+00:00
fanduel,35596960,751.168680698,43010249,MONEY_LINE,,NFL,Moneyline,player_performance,0.0,,,35596960,2026-09-11T00:35:00.000Z,,2026-09-09T12:23:34.192600+00:00
fanduel,35609021,751.169057005,7017916,TOTAL_POINTS_(OVER/UNDER),,NFL,Total Points,player_performance,39.5,-110,-110,35609021,2026-09-13T17:01:00.000Z,,2026-09-09T12:23:34.192600+00:00
fanduel,35609021,751.169057004,50202,MONEY_LINE,,NFL,Moneyline,player_performance,0.0,,,35609021,2026-09-13T17:01:00.000Z,,2026-09-09T12:23:34.192600+00:00
fanduel,35601246,751.168789311,7017916,TOTAL_POINTS_(OVER/UNDER),,NFL,Total Points,player_performance,43.5,-108,-112,35601246,2026-09-15T00:15:00.000Z,,2026-09-09T12:23:34.192600+00:00
fanduel,35607262,751.168949224,50204,MONEY_LINE,,NFL,Moneyline,player_performance,0.0,,,35607262,2026-09-10T00:15:00.000Z,,2026-09-09T12:23:34.192600+00:00
fanduel,35607262,751.168949223,7017916,TOTAL_POINTS_(OVER/UNDER),,NFL,Total Points,player_performance,44.5,-110,-110,35607262,2026-09-10T00:15:00.000Z,,2026-09-09T12:23:34.192600+00:00
fanduel,35607262,751.168949222,50204,MATCH_HANDICAP_(2-WAY),,NFL,Spread,player_performance,3.5,,,35607262,2026-09-10T00:15:00.000Z,,2026-09-09T12:23:34.192600+00:00
fanduel,35610169,751.169090610,50190,MONEY_LINE,,NFL,Moneyline,player_performance,0.0,,,35610169,2026-09-13T17:01:00.000Z,,2026-09-09T12:23:34.192600+00:00
fanduel,35610170,751.169090659,50188,MONEY_LINE,,NFL,Moneyline,player_performance,0.0,,,35610170,2026-09-13T20:26:00.000Z,,2026-09-09T12:23:34.192600+00:00
fanduel,35610167,751.169090578,7017916,TOTAL_POINTS_(OVER/UNDER),,NFL,Total Points,player_performance,44.5,-118,-104,35610167,2026-09-13T17:00:00.000Z,,2026-09-09T12:23:34.192600+00:00
fanduel,35610169,751.169090611,7017916,TOTAL_POINTS_(OVER/UNDER),,NFL,Total Points,player_performance,50.5,-112,-108,35610169,2026-09-13T17:01:00.000Z,,2026-09-09T12:23:34.192600+00:00
fanduel,35610167,751.169090579,50203,MONEY_LINE,,NFL,Moneyline,player_performance,0.0,,,35610167,2026-09-13T17:00:00.000Z,,2026-09-09T12:23:34.192600+00:00
fanduel,35610169,751.169090612,50190,MATCH_HANDICAP_(2-WAY),,NFL,Spread,player_performance,3.5,,,35610169,2026-09-13T17:01:00.000Z,,2026-09-09T12:23:34.192600+00:00
fanduel,35601246,751.168789309,50211,MONEY_LINE,,NFL,Moneyline,player_performance,0.0,,,35601246,2026-09-15T00:15:00.000Z,,2026-09-09T12:23:34.192600+00:00
fanduel,35610167,751.169090580,50203,MATCH_HANDICAP_(2-WAY),,NFL,Spread,player_performance,-1.5,,,35610167,2026-09-13T17:00:00.000Z,,2026-09-09T12:23:34.192600+00:00
fanduel,35601246,751.168789308,50211,MATCH_HANDICAP_(2-WAY),,NFL,Spread,player_performance,2.5,,,35601246,2026-09-15T00:15:00.000Z,,2026-09-09T12:23:34.192600+00:00
fanduel,35609018,751.169056927,7017916,TOTAL_POINTS_(OVER/UNDER),,NFL,Total Points,player_performance,40.5,-114,-106,35609018,2026-09-13T20:26:00.000Z,,2026-09-09T12:23:34.192600+00:00
fanduel,35609018,751.169056928,50201,MATCH_HANDICAP_(2-WAY),,NFL,Spread,player_performance,3.5,,,35609018,2026-09-13T20:26:00.000Z,,2026-09-09T12:23:34.192600+00:00
fanduel,35609020,751.169056969,7017916,TOTAL_POINTS_(OVER/UNDER),,NFL,Total Points,player_performance,41.5,-115,-105,35609020,2026-09-13T17:01:00.000Z,,2026-09-09T12:23:34.192600+00:00
fanduel,35609018,751.169056926,50201,MONEY_LINE,,NFL,Moneyline,player_performance,0.0,,,35609018,2026-09-13T20:26:00.000Z,,2026-09-09T12:23:34.192600+00:00
fanduel,35596960,751.168680700,43010249,MATCH_HANDICAP_(2-WAY),,NFL,Spread,player_performance,3.5,,,35596960,2026-09-11T00:35:00.000Z,,2026-09-09T12:23:34.192600+00:00
fanduel,35596960,751.168680701,7017916,TOTAL_POINTS_(OVER/UNDER),,NFL,Total Points,player_performance,48.5,-105,-115,35596960,2026-09-11T00:35:00.000Z,,2026-09-09T12:23:34.192600+00:00
fanduel,35609020,751.169056972,50199,MATCH_HANDICAP_(2-WAY),,NFL,Spread,player_performance,3.5,,,35609020,2026-09-13T17:01:00.000Z,,2026-09-09T12:23:34.192600+00:00
fanduel,35609020,751.169056970,50199,MONEY_LINE,,NFL,Moneyline,player_performance,0.0,,,35609020,2026-09-13T17:01:00.000Z,,2026-09-09T12:23:34.192600+00:00
fanduel,35596943,751.168679841,50189,MATCH_HANDICAP_(2-WAY),,NFL,Spread,player_performance,-2.5,,,35596943,2026-09-14T00:20:00.000Z,,2026-09-09T12:23:34.192600+00:00
fanduel,35609293,751.169061271,42568622,MATCH_HANDICAP_(2-WAY),,NFL,Spread,player_performance,5.5,,,35609293,2026-09-13T20:25:00.000Z,,2026-09-09T12:23:34.192600+00:00
fanduel,35609293,751.169061270,42568622,MONEY_LINE,,NFL,Moneyline,player_performance,0.0,,,35609293,2026-09-13T20:25:00.000Z,,2026-09-09T12:23:34.192600+00:00
fanduel,35607426,751.168960509,50194,MONEY_LINE,,NFL,Moneyline,player_performance,0.0,,,35607426,2026-09-13T17:01:00.000Z,,2026-09-09T12:23:34.192600+00:00
fanduel,35609019,751.169056956,50209,MONEY_LINE,,NFL,Moneyline,player_performance,0.0,,,35609019,2026-09-13T17:01:00.000Z,,2026-09-09T12:23:34.192600+00:00
fanduel,35607426,751.168960508,7017916,TOTAL_POINTS_(OVER/UNDER),,NFL,Total Points,player_performance,47.5,-102,-120,35607426,2026-09-13T17:01:00.000Z,,2026-09-09T12:23:34.192600+00:00
fanduel,35609019,751.169056957,7017916,TOTAL_POINTS_(OVER/UNDER),,NFL,Total Points,player_performance,40.5,-108,-112,35609019,2026-09-13T17:01:00.000Z,,2026-09-09T12:23:34.192600+00:00
fanduel,35609019,751.169056954,50209,MATCH_HANDICAP_(2-WAY),,NFL,Spread,player_performance,8.5,,,35609019,2026-09-13T17:01:00.000Z,,2026-09-09T12:23:34.192600+00:00
fanduel,35607426,751.168960510,50194,MATCH_HANDICAP_(2-WAY),,NFL,Spread,player_performance,-3.0,,,35607426,2026-09-13T17:01:00.000Z,,2026-09-09T12:23:34.192600+00:00
fanduel,35609293,751.169061268,7017916,TOTAL_POINTS_(OVER/UNDER),,NFL,Total Points,player_performance,44.5,-112,-108,35609293,2026-09-13T20:25:00.000Z,,2026-09-09T12:23:34.192600+00:00
fanduel,35596943,751.168679839,50189,MONEY_LINE,,NFL,Moneyline,player_performance,0.0,,,35596943,2026-09-14T00:20:00.000Z,,2026-09-09T12:23:34.192600+00:00
fanduel,35596943,751.168679838,7017916,TOTAL_POINTS_(OVER/UNDER),,NFL,Total Points,player_performance,48.5,-105,-115,35596943,2026-09-14T00:20:00.000Z,,2026-09-09T12:23:34.192600+00:00
fanduel,36048240,751.185432848,50196,MONEY_LINE,,NFL,Moneyline,player_performance,0.0,,,36048240,2026-09-20T17:01:00.000Z,,2026-09-09T12:23:34.192600+00:00
fanduel,36048250,751.185433418,27443341,MONEY_LINE,,NFL,Moneyline,player_performance,0.0,,,36048250,2026-09-20T20:06:00.000Z,,2026-09-09T12:23:34.192600+00:00
fanduel,36048250,751.185433419,7017916,TOTAL_POINTS_(OVER/UNDER),,NFL,Total Points,player_performance,42.5,-118,-104,36048250,2026-09-20T20:06:00.000Z,,2026-09-09T12:23:34.192600+00:00
fanduel,36048250,751.185433417,27443341,MATCH_HANDICAP_(2-WAY),,NFL,Spread,player_performance,8.5,,,36048250,2026-09-20T20:06:00.000Z,,2026-09-09T12:23:34.192600+00:00
fanduel,36048240,751.185432846,50196,MATCH_HANDICAP_(2-WAY),,NFL,Spread,player_performance,8.5,,,36048240,2026-09-20T17:01:00.000Z,,2026-09-09T12:23:34.192600+00:00
fanduel,36048240,751.185432843,7017916,TOTAL_POINTS_(OVER/UNDER),,NFL,Total Points,player_performance,46.5,-118,-104,36048240,2026-09-20T17:01:00.000Z,,2026-09-09T12:23:34.192600+00:00
fanduel,36048241,751.185432900,7017916,TOTAL_POINTS_(OVER/UNDER),,NFL,Total Points,player_performance,42.5,-118,-104,36048241,2026-09-20T17:01:00.000Z,,2026-09-09T12:23:34.192600+00:00
fanduel,35599552,751.168723407,50193,MATCH_HANDICAP_(2-WAY),,NFL,Spread,player_performance,3.5,,,35599552,2026-09-18T00:15:00.000Z,,2026-09-09T12:23:34.192600+00:00
fanduel,35599552,751.168723404,50193,MONEY_LINE,,NFL,Moneyline,player_performance,0.0,,,35599552,2026-09-18T00:15:00.000Z,,2026-09-09T12:23:34.192600+00:00
fanduel,36048248,751.185433318,50186,MONEY_LINE,,NFL,Moneyline,player_performance,0.0,,,36048248,2026-09-20T17:01:00.000Z,,2026-09-09T12:23:34.192600+00:00
fanduel,35599552,751.168723405,7017916,TOTAL_POINTS_(OVER/UNDER),,NFL,Total Points,player_performance,52.5,-110,-110,35599552,2026-09-18T00:15:00.000Z,,2026-09-09T12:23:34.192600+00:00
fanduel,36048248,751.185433315,7017916,TOTAL_POINTS_(OVER/UNDER),,NFL,Total Points,player_performance,41.5,-115,-105,36048248,2026-09-20T17:01:00.000Z,,2026-09-09T12:23:34.192600+00:00
fanduel,36048248,751.185433316,50186,MATCH_HANDICAP_(2-WAY),,NFL,Spread,player_performance,-5.5,,,36048248,2026-09-20T17:01:00.000Z,,2026-09-09T12:23:34.192600+00:00
fanduel,36048246,751.185433159,50185,MONEY_LINE,,NFL,Moneyline,player_performance,0.0,,,36048246,2026-09-22T00:16:00.000Z,,2026-09-09T12:23:34.192600+00:00
fanduel,36048246,751.185433162,50185,MATCH_HANDICAP_(2-WAY),,NFL,Spread,player_performance,9.5,,,36048246,2026-09-22T00:16:00.000Z,,2026-09-09T12:23:34.192600+00:00
fanduel,36048246,751.185433163,7017916,TOTAL_POINTS_(OVER/UNDER),,NFL,Total Points,player_performance,47.5,-110,-110,36048246,2026-09-22T00:16:00.000Z,,2026-09-09T12:23:34.192600+00:00
fanduel,36048241,751.185432908,50192,MONEY_LINE,,NFL,Moneyline,player_performance,0.0,,,36048241,2026-09-20T17:01:00.000Z,,2026-09-09T12:23:34.192600+00:00
fanduel,36048247,751.185433209,50209,MONEY_LINE,,NFL,Moneyline,player_performance,0.0,,,36048247,2026-09-20T17:01:00.000Z,,2026-09-09T12:23:34.192600+00:00
fanduel,36048241,751.185432912,50192,MATCH_HANDICAP_(2-WAY),,NFL,Spread,player_performance,-5.5,,,36048241,2026-09-20T17:01:00.000Z,,2026-09-09T12:23:34.192600+00:00
fanduel,36048247,751.185433208,50209,MATCH_HANDICAP_(2-WAY),,NFL,Spread,player_performance,6.5,,,36048247,2026-09-20T17:01:00.000Z,,2026-09-09T12:23:34.192600+00:00
fanduel,36048243,751.185432995,7017916,TOTAL_POINTS_(OVER/UNDER),,NFL,Total Points,player_performance,44.5,-102,-120,36048243,2026-09-20T20:26:00.000Z,,2026-09-09T12:23:34.192600+00:00
fanduel,36048244,751.185433049,50210,MONEY_LINE,,NFL,Moneyline,player_performance,0.0,,,36048244,2026-09-20T17:01:00.000Z,,2026-09-09T12:23:34.192600+00:00
fanduel,36048243,751.185432997,50213,MATCH_HANDICAP_(2-WAY),,NFL,Spread,player_performance,-9.5,,,36048243,2026-09-20T20:26:00.000Z,,2026-09-09T12:23:34.192600+00:00
fanduel,36048243,751.185432996,50213,MONEY_LINE,,NFL,Moneyline,player_performance,0.0,,,36048243,2026-09-20T20:26:00.000Z,,2026-09-09T12:23:34.192600+00:00
fanduel,36049680,751.185477390,42568622,MONEY_LINE,,NFL,Moneyline,player_performance,0.0,,,36049680,2026-09-20T20:26:00.000Z,,2026-09-09T12:23:34.192600+00:00
fanduel,36049680,751.185477391,42568622,MATCH_HANDICAP_(2-WAY),,NFL,Spread,player_performance,4.5,,,36049680,2026-09-20T20:26:00.000Z,,2026-09-09T12:23:34.192600+00:00
fanduel,36049680,751.185477392,7017916,TOTAL_POINTS_(OVER/UNDER),,NFL,Total Points,player_performance,51.5,-115,-105,36049680,2026-09-20T20:26:00.000Z,,2026-09-09T12:23:34.192600+00:00
fanduel,36048244,751.185433053,7017916,TOTAL_POINTS_(OVER/UNDER),,NFL,Total Points,player_performance,46.5,-110,-110,36048244,2026-09-20T17:01:00.000Z,,2026-09-09T12:23:34.192600+00:00
fanduel,36048244,751.185433051,50210,MATCH_HANDICAP_(2-WAY),,NFL,Spread,player_performance,2.5,,,36048244,2026-09-20T17:01:00.000Z,,2026-09-09T12:23:34.192600+00:00
fanduel,36048247,751.185433212,7017916,TOTAL_POINTS_(OVER/UNDER),,NFL,Total Points,player_performance,40.5,-105,-115,36048247,2026-09-20T17:01:00.000Z,,2026-09-09T12:23:34.192600+00:00
fanduel,36048239,751.185432815,50198,MONEY_LINE,,NFL,Moneyline,player_performance,0.0,,,36048239,2026-09-20T17:01:00.000Z,,2026-09-09T12:23:34.192600+00:00
fanduel,36048239,751.185432814,7017916,TOTAL_POINTS_(OVER/UNDER),,NFL,Total Points,player_performance,43.5,-110,-110,36048239,2026-09-20T17:01:00.000Z,,2026-09-09T12:23:34.192600+00:00
fanduel,36048239,751.185432813,50198,MATCH_HANDICAP_(2-WAY),,NFL,Spread,player_performance,1.5,,,36048239,2026-09-20T17:01:00.000Z,,2026-09-09T12:23:34.192600+00:00
fanduel,36048245,751.185433069,50208,MATCH_HANDICAP_(2-WAY),,NFL,Spread,player_performance,5.5,,,36048245,2026-09-20T17:01:00.000Z,,2026-09-09T12:23:34.192600+00:00
fanduel,36048245,751.185433068,50208,MONEY_LINE,,NFL,Moneyline,player_performance,0.0,,,36048245,2026-09-20T17:01:00.000Z,,2026-09-09T12:23:34.192600+00:00
fanduel,36048249,751.185433359,7017916,TOTAL_POINTS_(OVER/UNDER),,NFL,Total Points,player_performance,44.5,-118,-104,36048249,2026-09-20T20:06:00.000Z,,2026-09-09T12:23:34.192600+00:00
fanduel,36048251,751.185433479,7017916,TOTAL_POINTS_(OVER/UNDER),,NFL,Total Points,player_performance,45.5,-118,-104,36048251,2026-09-20T20:26:00.000Z,,2026-09-09T12:23:34.192600+00:00
fanduel,36048249,751.185433358,50207,MATCH_HANDICAP_(2-WAY),,NFL,Spread,player_performance,2.5,,,36048249,2026-09-20T20:06:00.000Z,,2026-09-09T12:23:34.192600+00:00
fanduel,36048251,751.185433476,50201,MATCH_HANDICAP_(2-WAY),,NFL,Spread,player_performance,12.5,,,36048251,2026-09-20T20:26:00.000Z,,2026-09-09T12:23:34.192600+00:00
fanduel,36048251,751.185433477,50201,MONEY_LINE,,NFL,Moneyline,player_performance,0.0,,,36048251,2026-09-20T20:26:00.000Z,,2026-09-09T12:23:34.192600+00:00
fanduel,36048245,751.185433079,7017916,TOTAL_POINTS_(OVER/UNDER),,NFL,Total Points,player_performance,43.5,-105,-115,36048245,2026-09-20T17:01:00.000Z,,2026-09-09T12:23:34.192600+00:00
fanduel,36048249,751.185433360,50207,MONEY_LINE,,NFL,Moneyline,player_performance,0.0,,,36048249,2026-09-20T20:06:00.000Z,,2026-09-09T12:23:34.192600+00:00
fanduel,36048252,751.185433528,7017916,TOTAL_POINTS_(OVER/UNDER),,NFL,Total Points,player_performance,46.5,-110,-110,36048252,2026-09-21T00:21:00.000Z,,2026-09-09T12:23:34.192600+00:00
fanduel,36048252,751.185433529,50200,MONEY_LINE,,NFL,Moneyline,player_performance,0.0,,,36048252,2026-09-21T00:21:00.000Z,,2026-09-09T12:23:34.192600+00:00
fanduel,36048242,751.185432954,7017916,TOTAL_POINTS_(OVER/UNDER),,NFL,Total Points,player_performance,46.5,-110,-110,36048242,2026-09-20T17:01:00.000Z,,2026-09-09T12:23:34.192600+00:00
fanduel,36048252,751.185433527,50200,MATCH_HANDICAP_(2-WAY),,NFL,Spread,player_performance,5.5,,,36048252,2026-09-21T00:21:00.000Z,,2026-09-09T12:23:34.192600+00:00
fanduel,36048242,751.185432956,50191,MATCH_HANDICAP_(2-WAY),,NFL,Spread,player_performance,3.0,,,36048242,2026-09-20T17:01:00.000Z,,2026-09-09T12:23:34.192600+00:00
fanduel,36048242,751.185432952,50191,MONEY_LINE,,NFL,Moneyline,player_performance,0.0,,,36048242,2026-09-20T17:01:00.000Z,,2026-09-09T12:23:34.192600+00:00
fanduel,34100802,751.154620815,10782388,SUPER_BOWL_WINNER_SGP,,NFL,Super Bowl LXI Winner,player_performance,0.0,,,34100802,2026-03-06T18:48:05.000Z,,2026-09-09T12:23:34.192600+00:00
fanduel,34100802,751.162539120,50201,MISS_PLAYOFFS_AFC_SGP,,NFL,To Miss the Playoffs AFC 2026-27,player_performance,0.0,,,34100802,2026-03-06T18:48:05.000Z,,2026-09-09T12:23:34.192600+00:00
fanduel,34100802,751.162539138,50188,MISS_PLAYOFFS_NFC_SGP,,NFL,To Miss the Playoffs NFC 2026-27,player_performance,0.0,,,34100802,2026-03-06T18:48:05.000Z,,2026-09-09T12:23:34.192600+00:00
fanduel,28297422,751.169368208,99952803,REGULAR_SEASON_PROPS_-_QUARTERBACKS,,NFL,Aaron Rodgers Regular Season Passing Yards 2026-27,player_performance,0.0,-114,-114,28297422,2030-12-01T18:00:00.000Z,,2026-09-09T12:23:34.192600+00:00
fanduel,28297422,751.166815212,98240858,REGULAR_SEASON_PROPS_-_QUARTERBACKS,,NFL,Baker Mayfield Regular Season Passing Yards 2026-27,player_performance,0.0,-114,-114,28297422,2030-12-01T18:00:00.000Z,,2026-09-09T12:23:34.192600+00:00
fanduel,28297422,751.166816090,98948304,REGULAR_SEASON_PROPS_-_QUARTERBACKS,,NFL,Brock Purdy Regular Season Passing Yards 2026-27,player_performance,0.0,-114,-114,28297422,2030-12-01T18:00:00.000Z,,2026-09-09T12:23:34.192600+00:00
fanduel,28297422,751.166818884,101468537,REGULAR_SEASON_PROPS_-_QUARTERBACKS,,NFL,Bryce Young Regular Season Passing Yards 2026-27,player_performance,0.0,-114,-114,28297422,2030-12-01T18:00:00.000Z,,2026-09-09T12:23:34.192600+00:00
fanduel,28297422,751.166819234,102439970,REGULAR_SEASON_PROPS_-_QUARTERBACKS,,NFL,Caleb Williams Regular Season Passing Yards 2026-27,player_performance,0.0,-114,-114,28297422,2030-12-01T18:00:00.000Z,,2026-09-09T12:23:34.192600+00:00
fanduel,28297422,751.166814625,98995357,REGULAR_SEASON_PROPS_-_QUARTERBACKS,,NFL,Cam Ward Regular Season Passing Yards 2026-27,player_performance,0.0,-114,-114,28297422,2030-12-01T18:00:00.000Z,,2026-09-09T12:23:34.192600+00:00
fanduel,28297422,751.166818153,102401539,REGULAR_SEASON_PROPS_-_QUARTERBACKS,,NFL,C.J. Stroud Regular Season Passing Yards 2026-27,player_performance,0.0,-114,-114,28297422,2030-12-01T18:00:00.000Z,,2026-09-09T12:23:34.192600+00:00
fanduel,28297422,751.166819536,102441569,REGULAR_SEASON_PROPS_-_QUARTERBACKS,,NFL,Dak Prescott Regular Season Passing Yards 2026-27,player_performance,0.0,-114,-114,28297422,2030-12-01T18:00:00.000Z,,2026-09-09T12:23:34.192600+00:00
fanduel,28297422,751.179750582,102392662,REGULAR_SEASON_PROPS_-_QUARTERBACKS,,NFL,Daniel Jones Regular Season Passing Yards 2026-27,player_performance,0.0,-114,-114,28297422,2030-12-01T18:00:00.000Z,,2026-09-09T12:23:34.192600+00:00
fanduel,28297422,751.166819787,100970650,REGULAR_SEASON_PROPS_-_QUARTERBACKS,,NFL,Drake Maye Regular Season Passing Yards 2026-27,player_performance,0.0,-114,-114,28297422,2030-12-01T18:00:00.000Z,,2026-09-09T12:23:34.192600+00:00
fanduel,28297422,751.165267666,102600124,REGULAR_SEASON_PROPS_-_QUARTERBACKS,,NFL,Fernando Mendoza Regular Season Passing Yards 2026-27,player_performance,0.0,-114,-114,28297422,2030-12-01T18:00:00.000Z,,2026-09-09T12:23:34.192600+00:00
fanduel,28297422,751.166883487,98948331,REGULAR_SEASON_PROPS_-_QUARTERBACKS,,NFL,Jalen Hurts Regular Season Passing Yards 2026-27,player_performance,0.0,-114,-114,28297422,2030-12-01T18:00:00.000Z,,2026-09-09T12:23:34.192600+00:00
fanduel,28297422,751.166818542,98240798,REGULAR_SEASON_PROPS_-_QUARTERBACKS,,NFL,Jared Goff Regular Season Passing Yards 2026-27,player_performance,0.0,-114,-114,28297422,2030-12-01T18:00:00.000Z,,2026-09-09T12:23:34.192600+00:00
fanduel,28297422,751.166817406,97984775,REGULAR_SEASON_PROPS_-_QUARTERBACKS,,NFL,Jaxson Dart Regular Season Passing Yards 2026-27,player_performance,0.0,-114,-114,28297422,2030-12-01T18:00:00.000Z,,2026-09-09T12:23:34.192600+00:00
fanduel,28297422,751.166813367,98948526,REGULAR_SEASON_PROPS_-_QUARTERBACKS,,NFL,Jayden Daniels Regular Season Passing Yards 2026-27,player_performance,0.0,-114,-114,28297422,2030-12-01T18:00:00.000Z,,2026-09-09T12:23:34.192600+00:00
fanduel,28297422,751.166814834,100252260,REGULAR_SEASON_PROPS_-_QUARTERBACKS,,NFL,Josh Allen Regular Season Passing Yards 2026-27,player_performance,0.0,-114,-114,28297422,2030-12-01T18:00:00.000Z,,2026-09-09T12:23:34.192600+00:00
fanduel,28297422,751.166817887,102301001,REGULAR_SEASON_PROPS_-_QUARTERBACKS,,NFL,Jordan Love Regular Season Passing Yards 2026-27,player_performance,0.0,-114,-114,28297422,2030-12-01T18:00:00.000Z,,2026-09-09T12:23:34.192600+00:00
fanduel,28297422,751.166817472,98240844,REGULAR_SEASON_PROPS_-_QUARTERBACKS,,NFL,Justin Herbert Regular Season Passing Yards 2026-27,player_performance,0.0,-114,-114,28297422,2030-12-01T18:00:00.000Z,,2026-09-09T12:23:34.192600+00:00
fanduel,28297422,751.166817335,99171616,REGULAR_SEASON_PROPS_-_QUARTERBACKS,,NFL,Lamar Jackson Regular Season Passing Yards 2026-27,player_performance,0.0,-114,-114,28297422,2030-12-01T18:00:00.000Z,,2026-09-09T12:23:34.192600+00:00
fanduel,28297422,751.166816963,100970635,REGULAR_SEASON_PROPS_-_QUARTERBACKS,,NFL,Matthew Stafford Regular Season Passing Yards 2026-27,player_performance,0.0,-114,-114,28297422,2030-12-01T18:00:00.000Z,,2026-09-09T12:23:34.192600+00:00
fanduel,28297422,751.166816111,102441575,REGULAR_SEASON_PROPS_-_QUARTERBACKS,,NFL,Sam Darnold Regular Season Passing Yards 2026-27,player_performance,0.0,-114,-114,28297422,2030-12-01T18:00:00.000Z,,2026-09-09T12:23:34.192600+00:00
fanduel,28297422,751.166815398,98240736,REGULAR_SEASON_PROPS_-_QUARTERBACKS,,NFL,Trevor Lawrence Regular Season Passing Yards 2026-27,player_performance,0.0,-114,-114,28297422,2030-12-01T18:00:00.000Z,,2026-09-09T12:23:34.192600+00:00
fanduel,28297422,751.166817756,101808022,REGULAR_SEASON_PROPS_-_QUARTERBACKS,,NFL,Tyler Shough Regular Season Passing Yards 2026-27,player_performance,0.0,-114,-114,28297422,2030-12-01T18:00:00.000Z,,2026-09-09T12:23:34.192600+00:00
fanduel,28297422,751.167899372,98227873,REGULAR_SEASON_PROPS_-_RUNNING_BACKS,,NFL,Ashton Jeanty Regular Season Rushing Yards 2026-27,player_performance,0.0,-114,-114,28297422,2030-12-01T18:00:00.000Z,,2026-09-09T12:23:34.192600+00:00
fanduel,28297422,751.167897926,99983894,REGULAR_SEASON_PROPS_-_RUNNING_BACKS,,NFL,Bijan Robinson Regular Season Rushing Yards 2026-27,player_performance,0.0,-114,-114,28297422,2030-12-01T18:00:00.000Z,,2026-09-09T12:23:34.192600+00:00
fanduel,28297422,751.167902374,99171620,REGULAR_SEASON_PROPS_-_RUNNING_BACKS,,NFL,Breece Hall Regular Season Rushing Yards 2026-27,player_performance,0.0,-114,-114,28297422,2030-12-01T18:00:00.000Z,,2026-09-09T12:23:34.192600+00:00
fanduel,28297422,751.167902608,102061951,REGULAR_SEASON_PROPS_-_RUNNING_BACKS,,NFL,Chase Brown Regular Season Rushing Yards 2026-27,player_performance,0.0,-114,-114,28297422,2030-12-01T18:00:00.000Z,,2026-09-09T12:23:34.192600+00:00
fanduel,28297422,751.167900031,98227979,REGULAR_SEASON_PROPS_-_RUNNING_BACKS,,NFL,Christian McCaffrey Regular Season Rushing Yards 2026-27,player_performance,0.0,-114,-114,28297422,2030-12-01T18:00:00.000Z,,2026-09-09T12:23:34.192600+00:00
fanduel,28297422,751.167903059,99153350,REGULAR_SEASON_PROPS_-_RUNNING_BACKS,,NFL,D'Andre Swift Regular Season Rushing Yards 2026-27,player_performance,0.0,-114,-114,28297422,2030-12-01T18:00:00.000Z,,2026-09-09T12:23:34.192600+00:00
fanduel,28297422,751.167902821,98725633,REGULAR_SEASON_PROPS_-_RUNNING_BACKS,,NFL,David Montgomery Regular Season Rushing Yards 2026-27,player_performance,0.0,-114,-114,28297422,2030-12-01T18:00:00.000Z,,2026-09-09T12:23:34.192600+00:00
fanduel,28297422,751.167899072,99965603,REGULAR_SEASON_PROPS_-_RUNNING_BACKS,,NFL,De'Von Achane Regular Season Rushing Yards 2026-27,player_performance,0.0,-114,-114,28297422,2030-12-01T18:00:00.000Z,,2026-09-09T12:23:34.192600+00:00
fanduel,28297422,751.167897514,99983863,REGULAR_SEASON_PROPS_-_RUNNING_BACKS,,NFL,Derrick Henry Regular Season Rushing Yards 2026-27,player_performance,0.0,-114,-114,28297422,2030-12-01T18:00:00.000Z,,2026-09-09T12:23:34.192600+00:00
fanduel,28297422,751.167904527,98228178,REGULAR_SEASON_PROPS_-_RUNNING_BACKS,,NFL,Drake Maye Regular Season Rushing Yards 2026-27,player_performance,0.0,-114,-114,28297422,2030-12-01T18:00:00.000Z,,2026-09-09T12:23:34.192600+00:00
fanduel,28297422,751.167898750,98227817,REGULAR_SEASON_PROPS_-_RUNNING_BACKS,,NFL,Jahmyr Gibbs Regular Season Rushing Yards 2026-27,player_performance,0.0,-114,-114,28297422,2030-12-01T18:00:00.000Z,,2026-09-09T12:23:34.192600+00:00
fanduel,28297422,751.167903882,98228114,REGULAR_SEASON_PROPS_-_RUNNING_BACKS,,NFL,Jalen Hurts Regular Season Rushing Yards 2026-27,player_performance,0.0,-114,-114,28297422,2030-12-01T18:00:00.000Z,,2026-09-09T12:23:34.192600+00:00
fanduel,28297422,751.167887958,100970736,REGULAR_SEASON_PROPS_-_RUNNING_BACKS,,NFL,James Cook Regular Season Rushing Yards 2026-27,player_performance,0.0,-114,-114,28297422,2030-12-01T18:00:00.000Z,,2026-09-09T12:23:34.192600+00:00
fanduel,28297422,751.167900720,100252251,REGULAR_SEASON_PROPS_-_RUNNING_BACKS,,NFL,Javonte Williams Regular Season Rushing Yards 2026-27,player_performance,0.0,-114,-114,28297422,2030-12-01T18:00:00.000Z,,2026-09-09T12:23:34.192600+00:00
fanduel,28297422,751.173552945,100993965,REGULAR_SEASON_PROPS_-_RUNNING_BACKS,,NFL,Jaylen Warren Regular Season Rushing Yards 2026-27,player_performance,0.0,-114,-114,28297422,2030-12-01T18:00:00.000Z,,2026-09-09T12:23:34.192600+00:00
fanduel,28297422,751.167904210,100958530,REGULAR_SEASON_PROPS_-_RUNNING_BACKS,,NFL,Jaxson Dart Regular Season Rushing Yards 2026-27,player_performance,0.0,-114,-114,28297422,2030-12-01T18:00:00.000Z,,2026-09-09T12:23:34.192600+00:00
fanduel,28297422,751.165329439,101780165,REGULAR_SEASON_PROPS_-_RUNNING_BACKS,,NFL,Jeremiyah Love Regular Season Rushing Yards 2026-27,player_performance,0.0,-114,-114,28297422,2030-12-01T18:00:00.000Z,,2026-09-09T12:23:34.192600+00:00
fanduel,28297422,751.167887615,100630781,REGULAR_SEASON_PROPS_-_RUNNING_BACKS,,NFL,Jonathan Taylor Regular Season Rushing Yards 2026-27,player_performance,0.0,-114,-114,28297422,2030-12-01T18:00:00.000Z,,2026-09-09T12:23:34.192600+00:00
fanduel,28297422,751.173551451,99811594,REGULAR_SEASON_PROPS_-_RUNNING_BACKS,,NFL,J.K. Dobbins Regular Season Rushing Yards 2026-27,player_performance,0.0,-114,-114,28297422,2030-12-01T18:00:00.000Z,,2026-09-09T12:23:34.192600+00:00
fanduel,28297422,751.167903722,98241183,REGULAR_SEASON_PROPS_-_RUNNING_BACKS,,NFL,Josh Allen Regular Season Rushing Yards 2026-27,player_performance,0.0,-114,-114,28297422,2030-12-01T18:00:00.000Z,,2026-09-09T12:23:34.192600+00:00
fanduel,28297422,751.167899731,102059164,REGULAR_SEASON_PROPS_-_RUNNING_BACKS,,NFL,Kenneth Walker Regular Season Rushing Yards 2026-27,player_performance,0.0,-114,-114,28297422,2030-12-01T18:00:00.000Z,,2026-09-09T12:23:34.192600+00:00
fanduel,28297422,751.173485846,99983895,REGULAR_SEASON_PROPS_-_RUNNING_BACKS,,NFL,Kyren Williams Regular Season Rushing Yards 2026-27,player_performance,0.0,-114,-114,28297422,2030-12-01T18:00:00.000Z,,2026-09-09T12:23:34.192600+00:00
fanduel,28297422,751.167903527,100970787,REGULAR_SEASON_PROPS_-_RUNNING_BACKS,,NFL,Lamar Jackson Regular Season Rushing Yards 2026-27,player_performance,0.0,-114,-114,28297422,2030-12-01T18:00:00.000Z,,2026-09-09T12:23:34.192600+00:00
fanduel,28297422,751.173551269,101978806,REGULAR_SEASON_PROPS_-_RUNNING_BACKS,,NFL,Quinshon Judkins Regular Season Rushing Yards 2026-27,player_performance,0.0,-114,-114,28297422,2030-12-01T18:00:00.000Z,,2026-09-09T12:23:34.192600+00:00
fanduel,28297422,751.173552008,102600784,REGULAR_SEASON_PROPS_-_RUNNING_BACKS,,NFL,Rhamondre Stevenson Regular Season Rushing Yards 2026-27,player_performance,0.0,-114,-114,28297422,2030-12-01T18:00:00.000Z,,2026-09-09T12:23:34.192600+00:00
fanduel,28297422,751.167888413,99983944,REGULAR_SEASON_PROPS_-_RUNNING_BACKS,,NFL,Saquon Barkley Regular Season Rushing Yards 2026-27,player_performance,0.0,-114,-114,28297422,2030-12-01T18:00:00.000Z,,2026-09-09T12:23:34.192600+00:00
fanduel,28297422,751.167901194,100959016,REGULAR_SEASON_PROPS_-_RUNNING_BACKS,,NFL,Tony Pollard Regular Season Rushing Yards 2026-27,player_performance,0.0,-114,-114,28297422,2030-12-01T18:00:00.000Z,,2026-09-09T12:23:34.192600+00:00
fanduel,28297422,751.173552852,102054720,REGULAR_SEASON_PROPS_-_RUNNING_BACKS,,NFL,Travis Etienne Regular Season Rushing Yards 2026-27,player_performance,0.0,-114,-114,28297422,2030-12-01T18:00:00.000Z,,2026-09-09T12:23:34.192600+00:00
fanduel,28297422,751.168917056,98467676,REGULAR_SEASON_PROPS_-_WIDE_RECEIVERS,,NFL,Amon-Ra St. Brown Regular Season Receiving Yards 2026-27,player_performance,0.0,-114,-114,28297422,2030-12-01T18:00:00.000Z,,2026-09-09T12:23:34.192600+00:00
fanduel,28297422,751.171356914,102245252,REGULAR_SEASON_PROPS_-_WIDE_RECEIVERS,,NFL,A.J. Brown Regular Season Receiving Yards 2026-27,player_performance,0.0,-114,-114,28297422,2030-12-01T18:00:00.000Z,,2026-09-09T12:23:34.192600+00:00
fanduel,28297422,751.168921983,100861633,REGULAR_SEASON_PROPS_-_WIDE_RECEIVERS,,NFL,Brock Bowers Regular Season Receiving Yards 2026-27,player_performance,0.0,-114,-114,28297422,2030-12-01T18:00:00.000Z,,2026-09-09T12:23:34.192600+00:00
fanduel,28297422,751.165572541,97918738,REGULAR_SEASON_PROPS_-_WIDE_RECEIVERS,,NFL,Carnell Tate Regular Season Receiving Yards 2026-27,player_performance,0.0,-114,-114,28297422,2030-12-01T18:00:00.000Z,,2026-09-09T12:23:34.192600+00:00
fanduel,28297422,751.168917318,99983892,REGULAR_SEASON_PROPS_-_WIDE_RECEIVERS,,NFL,CeeDee Lamb Regular Season Receiving Yards 2026-27,player_performance,0.0,-114,-114,28297422,2030-12-01T18:00:00.000Z,,2026-09-09T12:23:34.192600+00:00
fanduel,28297422,751.168917788,98467741,REGULAR_SEASON_PROPS_-_WIDE_RECEIVERS,,NFL,Chris Olave Regular Season Receiving Yards 2026-27,player_performance,0.0,-114,-114,28297422,2030-12-01T18:00:00.000Z,,2026-09-09T12:23:34.192600+00:00
fanduel,28297422,751.168921650,102304878,REGULAR_SEASON_PROPS_-_WIDE_RECEIVERS,,NFL,Christian Watson Regular Season Receiving Yards 2026-27,player_performance,0.0,-114,-114,28297422,2030-12-01T18:00:00.000Z,,2026-09-09T12:23:34.192600+00:00
fanduel,28297422,751.173483624,99787627,REGULAR_SEASON_PROPS_-_WIDE_RECEIVERS,,NFL,Christian McCaffrey Regular Season Receiving Yards 2026-27,player_performance,0.0,-114,-114,28297422,2030-12-01T18:00:00.000Z,,2026-09-09T12:23:34.192600+00:00
fanduel,28297422,751.168924599,102089043,REGULAR_SEASON_PROPS_-_WIDE_RECEIVERS,,NFL,Colston Loveland Regular Season Receiving Yards 2026-27,player_performance,0.0,-114,-114,28297422,2030-12-01T18:00:00.000Z,,2026-09-09T12:23:34.192600+00:00
fanduel,28297422,751.168920564,102441629,REGULAR_SEASON_PROPS_-_WIDE_RECEIVERS,,NFL,Davante Adams Regular Season Receiving Yards 2026-27,player_performance,0.0,-114,-114,28297422,2030-12-01T18:00:00.000Z,,2026-09-09T12:23:34.192600+00:00
fanduel,28297422,751.168917991,98467861,REGULAR_SEASON_PROPS_-_WIDE_RECEIVERS,,NFL,Drake London Regular Season Receiving Yards 2026-27,player_performance,0.0,-114,-114,28297422,2030-12-01T18:00:00.000Z,,2026-09-09T12:23:34.192600+00:00
fanduel,28297422,751.168924833,100630803,REGULAR_SEASON_PROPS_-_WIDE_RECEIVERS,,NFL,Emeka Egbuka Regular Season Receiving Yards 2026-27,player_performance,0.0,-114,-114,28297422,2030-12-01T18:00:00.000Z,,2026-09-09T12:23:34.192600+00:00
fanduel,28297422,751.173478939,100630901,REGULAR_SEASON_PROPS_-_WIDE_RECEIVERS,,NFL,George Kittle Regular Season Receiving Yards 2026-27,player_performance,0.0,-114,-114,28297422,2030-12-01T18:00:00.000Z,,2026-09-09T12:23:34.192600+00:00
fanduel,28297422,751.173481685,101638584,REGULAR_SEASON_PROPS_-_WIDE_RECEIVERS,,NFL,Courtland Sutton Regular Season Receiving Yards 2026-27,player_performance,0.0,-114,-114,28297422,2030-12-01T18:00:00.000Z,,2026-09-09T12:23:34.192600+00:00
fanduel,28297422,751.168919882,98467989,REGULAR_SEASON_PROPS_-_WIDE_RECEIVERS,,NFL,Garrett Wilson Regular Season Receiving Yards 2026-27,player_performance,0.0,-114,-114,28297422,2030-12-01T18:00:00.000Z,,2026-09-09T12:23:34.192600+00:00
fanduel,28297422,751.168917538,98516980,REGULAR_SEASON_PROPS_-_WIDE_RECEIVERS,,NFL,George Pickens Regular Season Receiving Yards 2026-27,player_performance,0.0,-114,-114,28297422,2030-12-01T18:00:00.000Z,,2026-09-09T12:23:34.192600+00:00
fanduel,28297422,751.168919215,99983974,REGULAR_SEASON_PROPS_-_WIDE_RECEIVERS,,NFL,Jameson Williams Regular Season Receiving Yards 2026-27,player_performance,0.0,-114,-114,28297422,2030-12-01T18:00:00.000Z,,2026-09-09T12:23:34.192600+00:00
fanduel,28297422,751.168916865,99983884,REGULAR_SEASON_PROPS_-_WIDE_RECEIVERS,,NFL,Ja'Marr Chase Regular Season Receiving Yards 2026-27,player_performance,0.0,-114,-114,28297422,2030-12-01T18:00:00.000Z,,2026-09-09T12:23:34.192600+00:00
fanduel,28297422,751.168913265,102040202,REGULAR_SEASON_PROPS_-_WIDE_RECEIVERS,,NFL,Jaxon Smith-Njigba Regular Season Receiving Yards 2026-27,player_performance,0.0,-114,-114,28297422,2030-12-01T18:00:00.000Z,,2026-09-09T12:23:34.192600+00:00
fanduel,28297422,751.168921395,100861626,REGULAR_SEASON_PROPS_-_WIDE_RECEIVERS,,NFL,Jaylen Waddle Regular Season Receiving Yards 2026-27,player_performance,0.0,-114,-114,28297422,2030-12-01T18:00:00.000Z,,2026-09-09T12:23:34.192600+00:00
fanduel,28297422,751.168917440,98467711,REGULAR_SEASON_PROPS_-_WIDE_RECEIVERS,,NFL,Justin Jefferson Regular Season Receiving Yards 2026-27,player_performance,0.0,-114,-114,28297422,2030-12-01T18:00:00.000Z,,2026-09-09T12:23:34.192600+00:00
fanduel,28297422,751.173484586,100970850,REGULAR_SEASON_PROPS_-_WIDE_RECEIVERS,,NFL,Jahmyr Gibbs Regular Season Receiving Yards 2026-27,player_performance,0.0,-114,-114,28297422,2030-12-01T18:00:00.000Z,,2026-09-09T12:23:34.192600+00:00
fanduel,28297422,751.165575977,97695501,REGULAR_SEASON_PROPS_-_WIDE_RECEIVERS,,NFL,KC Concepcion Regular Season Receiving Yards 2026-27,player_performance,0.0,-114,-114,28297422,2030-12-01T18:00:00.000Z,,2026-09-09T12:23:34.192600+00:00
fanduel,28297422,751.168925306,98472887,REGULAR_SEASON_PROPS_-_WIDE_RECEIVERS,,NFL,Kyle Pitts Regular Season Receiving Yards 2026-27,player_performance,0.0,-114,-114,28297422,2030-12-01T18:00:00.000Z,,2026-09-09T12:23:34.192600+00:00
fanduel,28297422,751.168921057,100731539,REGULAR_SEASON_PROPS_-_WIDE_RECEIVERS,,NFL,Ladd McConkey Regular Season Receiving Yards 2026-27,player_performance,0.0,-114,-114,28297422,2030-12-01T18:00:00.000Z,,2026-09-09T12:23:34.192600+00:00
fanduel,28297422,751.165573575,101562690,REGULAR_SEASON_PROPS_-_WIDE_RECEIVERS,,NFL,Makai Lemon Regular Season Receiving Yards 2026-27,player_performance,0.0,-114,-114,28297422,2030-12-01T18:00:00.000Z,,2026-09-09T12:23:34.192600+00:00
fanduel,28297422,751.168923797,98468425,REGULAR_SEASON_PROPS_-_WIDE_RECEIVERS,,NFL,Marvin Harrison Jr. Regular Season Receiving Yards 2026-27,player_performance,0.0,-114,-114,28297422,2030-12-01T18:00:00.000Z,,2026-09-09T12:23:34.192600+00:00
fanduel,28297422,751.173483930,99787657,REGULAR_SEASON_PROPS_-_WIDE_RECEIVERS,,NFL,Mark Andrews Regular Season Receiving Yards 2026-27,player_performance,0.0,-114,-114,28297422,2030-12-01T18:00:00.000Z,,2026-09-09T12:23:34.192600+00:00
fanduel,28297422,751.173479739,99787353,REGULAR_SEASON_PROPS_-_WIDE_RECEIVERS,,NFL,Mike Evans Regular Season Receiving Yards 2026-27,player_performance,0.0,-114,-114,28297422,2030-12-01T18:00:00.000Z,,2026-09-09T12:23:34.192600+00:00
fanduel,28297422,751.173482676,99787542,REGULAR_SEASON_PROPS_-_WIDE_RECEIVERS,,NFL,Michael Pittman Jr. Regular Season Receiving Yards 2026-27,player_performance,0.0,-114,-114,28297422,2030-12-01T18:00:00.000Z,,2026-09-09T12:23:34.192600+00:00
fanduel,28297422,751.168919710,98663740,REGULAR_SEASON_PROPS_-_WIDE_RECEIVERS,,NFL,Malik Nabers Regular Season Receiving Yards 2026-27,player_performance,0.0,-114,-114,28297422,2030-12-01T18:00:00.000Z,,2026-09-09T12:23:34.192600+00:00
fanduel,28297422,751.168917689,102052697,REGULAR_SEASON_PROPS_-_WIDE_RECEIVERS,,NFL,Nico Collins Regular Season Receiving Yards 2026-27,player_performance,0.0,-114,-114,28297422,2030-12-01T18:00:00.000Z,,2026-09-09T12:23:34.192600+00:00
fanduel,28297422,751.165573728,101850268,REGULAR_SEASON_PROPS_-_WIDE_RECEIVERS,,NFL,Omar Cooper Jr. Regular Season Receiving Yards 2026-27,player_performance,0.0,-114,-114,28297422,2030-12-01T18:00:00.000Z,,2026-09-09T12:23:34.192600+00:00
fanduel,28297422,751.168913142,102441625,REGULAR_SEASON_PROPS_-_WIDE_RECEIVERS,,NFL,Puka Nacua Regular Season Receiving Yards 2026-27,player_performance,0.0,-114,-114,28297422,2030-12-01T18:00:00.000Z,,2026-09-09T12:23:34.192600+00:00
fanduel,28297422,751.168923606,98516979,REGULAR_SEASON_PROPS_-_WIDE_RECEIVERS,,NFL,Rome Odunze Regular Season Receiving Yards 2026-27,player_performance,0.0,-114,-114,28297422,2030-12-01T18:00:00.000Z,,2026-09-09T12:23:34.192600+00:00
fanduel,28297422,751.173484956,102561760,REGULAR_SEASON_PROPS_-_WIDE_RECEIVERS,,NFL,Rashid Shaheed Regular Season Receiving Yards 2026-27,player_performance,0.0,-114,-114,28297422,2030-12-01T18:00:00.000Z,,2026-09-09T12:23:34.192600+00:00
fanduel,28297422,751.173482134,99787478,REGULAR_SEASON_PROPS_-_WIDE_RECEIVERS,,NFL,Sam LaPorta Regular Season Receiving Yards 2026-27,player_performance,0.0,-114,-114,28297422,2030-12-01T18:00:00.000Z,,2026-09-09T12:23:34.192600+00:00
fanduel,28297422,751.168920015,102089548,REGULAR_SEASON_PROPS_-_WIDE_RECEIVERS,,NFL,Tee Higgins Regular Season Receiving Yards 2026-27,player_performance,0.0,-114,-114,28297422,2030-12-01T18:00:00.000Z,,2026-09-09T12:23:34.192600+00:00
fanduel,28297422,751.168920792,101185675,REGULAR_SEASON_PROPS_-_WIDE_RECEIVERS,,NFL,Tetairoa McMillan Regular Season Receiving Yards 2026-27,player_performance,0.0,-114,-114,28297422,2030-12-01T18:00:00.000Z,,2026-09-09T12:23:34.192600+00:00
fanduel,28297422,751.168925898,99316700,REGULAR_SEASON_PROPS_-_WIDE_RECEIVERS,,NFL,Travis Kelce Regular Season Receiving Yards 2026-27,player_performance,0.0,-114,-114,28297422,2030-12-01T18:00:00.000Z,,2026-09-09T12:23:34.192600+00:00
fanduel,28297422,751.173479237,99787247,REGULAR_SEASON_PROPS_-_WIDE_RECEIVERS,,NFL,Terry McLaurin Regular Season Receiving Yards 2026-27,player_performance,0.0,-114,-114,28297422,2030-12-01T18:00:00.000Z,,2026-09-09T12:23:34.192600+00:00
fanduel,28297422,751.168918103,99984012,REGULAR_SEASON_PROPS_-_WIDE_RECEIVERS,,NFL,Trey McBride Regular Season Receiving Yards 2026-27,player_performance,0.0,-114,-114,28297422,2030-12-01T18:00:00.000Z,,2026-09-09T12:23:34.192600+00:00
fanduel,28297422,751.168925091,98472818,REGULAR_SEASON_PROPS_-_WIDE_RECEIVERS,,NFL,Tyler Warren Regular Season Receiving Yards 2026-27,player_performance,0.0,-114,-114,28297422,2030-12-01T18:00:00.000Z,,2026-09-09T12:23:34.192600+00:00
fanduel,28297422,751.168918271,100191434,REGULAR_SEASON_PROPS_-_WIDE_RECEIVERS,,NFL,Zay Flowers Regular Season Receiving Yards 2026-27,player_performance,0.0,-114,-114,28297422,2030-12-01T18:00:00.000Z,,2026-09-09T12:23:34.192600+00:00
fanduel,28297422,751.166911851,78488498,MOST_REGULAR_SEASON_YARDS,,NFL,Most Regular Season Rookie Receiving Yards 2026-27,player_performance,0.0,,,28297422,2030-12-01T18:00:00.000Z,,2026-09-09T12:23:34.192600+00:00
fanduel,28297422,751.169057482,98497169,REGULAR_SEASON_PROPS_-_QUARTERBACKS,,NFL,Baker Mayfield Regular Season Passing TDs 2026-27,player_performance,0.0,102,-136,28297422,2030-12-01T18:00:00.000Z,,2026-09-09T12:23:34.192600+00:00
fanduel,28297422,751.169049315,98496714,REGULAR_SEASON_PROPS_-_QUARTERBACKS,,NFL,Brock Purdy Regular Season Passing TDs 2026-27,player_performance,0.0,-108,-122,28297422,2030-12-01T18:00:00.000Z,,2026-09-09T12:23:34.192600+00:00
fanduel,28297422,751.169060040,98506671,REGULAR_SEASON_PROPS_-_QUARTERBACKS,,NFL,Bryce Young Regular Season Passing TDs 2026-27,player_performance,0.0,-108,-122,28297422,2030-12-01T18:00:00.000Z,,2026-09-09T12:23:34.192600+00:00
fanduel,28297422,751.169058126,98497232,REGULAR_SEASON_PROPS_-_QUARTERBACKS,,NFL,Caleb Williams Regular Season Passing TDs 2026-27,player_performance,0.0,-122,-108,28297422,2030-12-01T18:00:00.000Z,,2026-09-09T12:23:34.192600+00:00
fanduel,28297422,751.169065934,98498258,REGULAR_SEASON_PROPS_-_QUARTERBACKS,,NFL,Cam Ward Regular Season Passing TDs 2026-27,player_performance,0.0,106,-140,28297422,2030-12-01T18:00:00.000Z,,2026-09-09T12:23:34.192600+00:00
fanduel,28297422,751.169059755,98497299,REGULAR_SEASON_PROPS_-_QUARTERBACKS,,NFL,C.J. Stroud Regular Season Passing TDs 2026-27,player_performance,0.0,-122,-108,28297422,2030-12-01T18:00:00.000Z,,2026-09-09T12:23:34.192600+00:00
fanduel,28297422,751.169051616,98496853,REGULAR_SEASON_PROPS_-_QUARTERBACKS,,NFL,Dak Prescott Regular Season Passing TDs 2026-27,player_performance,0.0,-102,-130,28297422,2030-12-01T18:00:00.000Z,,2026-09-09T12:23:34.192600+00:00
fanduel,28297422,751.179751031,101396948,REGULAR_SEASON_PROPS_-_QUARTERBACKS,,NFL,Daniel Jones Regular Season Passing TDs 2026-27,player_performance,0.0,-136,102,28297422,2030-12-01T18:00:00.000Z,,2026-09-09T12:23:34.192600+00:00
fanduel,28297422,751.169052472,98496904,REGULAR_SEASON_PROPS_-_QUARTERBACKS,,NFL,Drake Maye Regular Season Passing TDs 2026-27,player_performance,0.0,-144,108,28297422,2030-12-01T18:00:00.000Z,,2026-09-09T12:23:34.192600+00:00
fanduel,28297422,751.165268440,102600121,REGULAR_SEASON_PROPS_-_QUARTERBACKS,,NFL,Fernando Mendoza Regular Season Passing TDs 2026-27,player_performance,0.0,-114,-114,28297422,2030-12-01T18:00:00.000Z,,2026-09-09T12:23:34.192600+00:00
fanduel,28297422,751.169059490,100215516,REGULAR_SEASON_PROPS_-_QUARTERBACKS,,NFL,Jalen Hurts Regular Season Passing TDs 2026-27,player_performance,0.0,-122,-108,28297422,2030-12-01T18:00:00.000Z,,2026-09-09T12:23:34.192600+00:00
fanduel,28297422,751.169073672,98496701,REGULAR_SEASON_PROPS_-_QUARTERBACKS,,NFL,Jared Goff Regular Season Passing TDs 2026-27,player_performance,0.0,-108,-122,28297422,2030-12-01T18:00:00.000Z,,2026-09-09T12:23:34.192600+00:00
fanduel,28297422,751.169065651,98498215,REGULAR_SEASON_PROPS_-_QUARTERBACKS,,NFL,Jaxson Dart Regular Season Passing TDs 2026-27,player_performance,0.0,-108,-122,28297422,2030-12-01T18:00:00.000Z,,2026-09-09T12:23:34.192600+00:00
fanduel,28297422,751.169060205,101185683,REGULAR_SEASON_PROPS_-_QUARTERBACKS,,NFL,Jayden Daniels Regular Season Passing TDs 2026-27,player_performance,0.0,-102,-130,28297422,2030-12-01T18:00:00.000Z,,2026-09-09T12:23:34.192600+00:00
fanduel,28297422,751.169047448,98496370,REGULAR_SEASON_PROPS_-_QUARTERBACKS,,NFL,Joe Burrow Regular Season Passing TDs 2026-27,player_performance,0.0,-114,-114,28297422,2030-12-01T18:00:00.000Z,,2026-09-09T12:23:34.192600+00:00
fanduel,28297422,751.169058801,102300985,REGULAR_SEASON_PROPS_-_QUARTERBACKS,,NFL,Jordan Love Regular Season Passing TDs 2026-27,player_performance,0.0,-108,-122,28297422,2030-12-01T18:00:00.000Z,,2026-09-09T12:23:34.192600+00:00
fanduel,28297422,751.169057862,98497218,REGULAR_SEASON_PROPS_-_QUARTERBACKS,,NFL,Josh Allen Regular Season Passing TDs 2026-27,player_performance,0.0,-120,-110,28297422,2030-12-01T18:00:00.000Z,,2026-09-09T12:23:34.192600+00:00
fanduel,28297422,751.169057205,98497164,REGULAR_SEASON_PROPS_-_QUARTERBACKS,,NFL,Justin Herbert Regular Season Passing TDs 2026-27,player_performance,0.0,-108,-122,28297422,2030-12-01T18:00:00.000Z,,2026-09-09T12:23:34.192600+00:00
fanduel,28297422,751.169058486,98497244,REGULAR_SEASON_PROPS_-_QUARTERBACKS,,NFL,Lamar Jackson Regular Season Passing TDs 2026-27,player_performance,0.0,-122,-108,28297422,2030-12-01T18:00:00.000Z,,2026-09-09T12:23:34.192600+00:00
fanduel,28297422,751.169050087,98496803,REGULAR_SEASON_PROPS_-_QUARTERBACKS,,NFL,Matthew Stafford Regular Season Passing TDs 2026-27,player_performance,0.0,-132,100,28297422,2030-12-01T18:00:00.000Z,,2026-09-09T12:23:34.192600+00:00
fanduel,28297422,751.169059098,98497287,REGULAR_SEASON_PROPS_-_QUARTERBACKS,,NFL,Sam Darnold Regular Season Passing TDs 2026-27,player_performance,0.0,-102,-130,28297422,2030-12-01T18:00:00.000Z,,2026-09-09T12:23:34.192600+00:00
fanduel,28297422,751.169052099,98496892,REGULAR_SEASON_PROPS_-_QUARTERBACKS,,NFL,Trevor Lawrence Regular Season Passing TDs 2026-27,player_performance,0.0,-102,-130,28297422,2030-12-01T18:00:00.000Z,,2026-09-09T12:23:34.192600+00:00
fanduel,28297422,751.169066267,98996829,REGULAR_SEASON_PROPS_-_QUARTERBACKS,,NFL,Tyler Shough Regular Season Passing TDs 2026-27,player_performance,0.0,-148,112,28297422,2030-12-01T18:00:00.000Z,,2026-09-09T12:23:34.192600+00:00
fanduel,28297422,751.170827184,99007940,REGULAR_SEASON_PROPS_-_RUNNING_BACKS,,NFL,Ashton Jeanty Regular Season Rushing TDs 2026-27,player_performance,0.0,-108,-122,28297422,2030-12-01T18:00:00.000Z,,2026-09-09T12:23:34.192600+00:00
fanduel,28297422,751.170804315,99983711,REGULAR_SEASON_PROPS_-_RUNNING_BACKS,,NFL,Bijan Robinson Regular Season Rushing TDs 2026-27,player_performance,0.0,-108,-122,28297422,2030-12-01T18:00:00.000Z,,2026-09-09T12:23:34.192600+00:00
fanduel,28297422,751.170824623,99007763,REGULAR_SEASON_PROPS_-_RUNNING_BACKS,,NFL,Breece Hall Regular Season Rushing TDs 2026-27,player_performance,0.0,116,-154,28297422,2030-12-01T18:00:00.000Z,,2026-09-09T12:23:34.192600+00:00
fanduel,28297422,751.170811587,102357990,REGULAR_SEASON_PROPS_-_RUNNING_BACKS,,NFL,Chase Brown Regular Season Rushing TDs 2026-27,player_performance,0.0,106,-140,28297422,2030-12-01T18:00:00.000Z,,2026-09-09T12:23:34.192600+00:00
fanduel,28297422,751.170806043,99006760,REGULAR_SEASON_PROPS_-_RUNNING_BACKS,,NFL,Christian McCaffrey Regular Season Rushing TDs 2026-27,player_performance,0.0,106,-140,28297422,2030-12-01T18:00:00.000Z,,2026-09-09T12:23:34.192600+00:00
fanduel,28297422,751.170810517,99007008,REGULAR_SEASON_PROPS_-_RUNNING_BACKS,,NFL,D'Andre Swift Regular Season Rushing TDs 2026-27,player_performance,0.0,-158,118,28297422,2030-12-01T18:00:00.000Z,,2026-09-09T12:23:34.192600+00:00
fanduel,28297422,751.170808367,99006892,REGULAR_SEASON_PROPS_-_RUNNING_BACKS,,NFL,David Montgomery Regular Season Rushing TDs 2026-27,player_performance,0.0,-102,-130,28297422,2030-12-01T18:00:00.000Z,,2026-09-09T12:23:34.192600+00:00
fanduel,28297422,751.170802145,100630862,REGULAR_SEASON_PROPS_-_RUNNING_BACKS,,NFL,Derrick Henry Regular Season Rushing TDs 2026-27,player_performance,0.0,-132,-102,28297422,2030-12-01T18:00:00.000Z,,2026-09-09T12:23:34.192600+00:00
fanduel,28297422,751.170826329,99007914,REGULAR_SEASON_PROPS_-_RUNNING_BACKS,,NFL,Drake Maye Regular Season Rushing TDs 2026-27,player_performance,0.0,-108,-122,28297422,2030-12-01T18:00:00.000Z,,2026-09-09T12:23:34.192600+00:00
fanduel,28297422,751.170804673,99006729,REGULAR_SEASON_PROPS_-_RUNNING_BACKS,,NFL,James Cook Regular Season Rushing TDs 2026-27,player_performance,0.0,106,-140,28297422,2030-12-01T18:00:00.000Z,,2026-09-09T12:23:34.192600+00:00
fanduel,28297422,751.170809318,99006927,REGULAR_SEASON_PROPS_-_RUNNING_BACKS,,NFL,Jalen Hurts Regular Season Rushing TDs 2026-27,player_performance,0.0,-148,112,28297422,2030-12-01T18:00:00.000Z,,2026-09-09T12:23:34.192600+00:00
fanduel,28297422,751.170805628,99006750,REGULAR_SEASON_PROPS_-_RUNNING_BACKS,,NFL,Javonte Williams Regular Season Rushing TDs 2026-27,player_performance,0.0,-128,-104,28297422,2030-12-01T18:00:00.000Z,,2026-09-09T12:23:34.192600+00:00
fanduel,28297422,751.170803945,99007984,REGULAR_SEASON_PROPS_-_RUNNING_BACKS,,NFL,Jahmyr Gibbs Regular Season Rushing TDs 2026-27,player_performance,0.0,-166,120,28297422,2030-12-01T18:00:00.000Z,,2026-09-09T12:23:34.192600+00:00
fanduel,28297422,751.170802529,99006667,REGULAR_SEASON_PROPS_-_RUNNING_BACKS,,NFL,Jonathan Taylor Regular Season Rushing TDs 2026-27,player_performance,0.0,-122,-108,28297422,2030-12-01T18:00:00.000Z,,2026-09-09T12:23:34.192600+00:00
fanduel,28297422,751.170824864,100454290,REGULAR_SEASON_PROPS_-_RUNNING_BACKS,,NFL,Jaxson Dart Regular Season Rushing TDs 2026-27,player_performance,0.0,-118,-112,28297422,2030-12-01T18:00:00.000Z,,2026-09-09T12:23:34.192600+00:00
fanduel,28297422,751.170810862,97499451,REGULAR_SEASON_PROPS_-_RUNNING_BACKS,,NFL,Jeremiyah Love Regular Season Rushing TDs 2026-27,player_performance,0.0,-122,-108,28297422,2030-12-01T18:00:00.000Z,,2026-09-09T12:23:34.192600+00:00
fanduel,28297422,751.170805028,99006745,REGULAR_SEASON_PROPS_-_RUNNING_BACKS,,NFL,Josh Allen Regular Season Rushing TDs 2026-27,player_performance,0.0,-128,-104,28297422,2030-12-01T18:00:00.000Z,,2026-09-09T12:23:34.192600+00:00
fanduel,28297422,751.170808982,99006903,REGULAR_SEASON_PROPS_-_RUNNING_BACKS,,NFL,Kenneth Walker III Regular Season Rushing TDs 2026-27,player_performance,0.0,-130,-102,28297422,2030-12-01T18:00:00.000Z,,2026-09-09T12:23:34.192600+00:00
fanduel,28297422,751.170825684,99007823,REGULAR_SEASON_PROPS_-_RUNNING_BACKS,,NFL,Lamar Jackson Regular Season Rushing TDs 2026-27,player_performance,0.0,-130,-102,28297422,2030-12-01T18:00:00.000Z,,2026-09-09T12:23:34.192600+00:00
fanduel,28297422,751.170811841,99007129,REGULAR_SEASON_PROPS_-_RUNNING_BACKS,,NFL,Rhamondre Stevenson Regular Season Rushing TDs 2026-27,player_performance,0.0,-138,104,28297422,2030-12-01T18:00:00.000Z,,2026-09-09T12:23:34.192600+00:00
fanduel,28297422,751.170809750,99006961,REGULAR_SEASON_PROPS_-_RUNNING_BACKS,,NFL,Saquon Barkley Regular Season Rushing TDs 2026-27,player_performance,0.0,-114,-114,28297422,2030-12-01T18:00:00.000Z,,2026-09-09T12:23:34.192600+00:00
fanduel,28297422,751.170811228,99007090,REGULAR_SEASON_PROPS_-_RUNNING_BACKS,,NFL,Tony Pollard Regular Season Rushing TDs 2026-27,player_performance,0.0,112,-148,28297422,2030-12-01T18:00:00.000Z,,2026-09-09T12:23:34.192600+00:00
fanduel,28297422,751.170824277,99007761,REGULAR_SEASON_PROPS_-_RUNNING_BACKS,,NFL,Travis Etienne Regular Season Rushing TDs 2026-27,player_performance,0.0,124,-166,28297422,2030-12-01T18:00:00.000Z,,2026-09-09T12:23:34.192600+00:00
