lead_days,sample_count,mae_f,mean_bias_f,last_updated
0,4156,1.911,0.204,2026-09-29T16:56:07.065343+00:00
1,3980,1.854,0.069,2026-09-29T16:56:07.065343+00:00
2,3742,2.093,0.058,2026-09-29T16:56:07.065343+00:00
3,3550,2.267,0.12,2026-09-29T16:56:07.065343+00:00
4,3358,2.604,0.253,2026-09-29T16:56:07.065343+00:00
5,3166,2.991,0.572,2026-09-29T16:56:07.065343+00:00
6,2974,3.221,0.761,2026-09-29T16:56:07.065343+00:00
7,2466,3.465,0.854,2026-09-29T16:56:07.065343+00:00
8,764,3.243,0.716,2026-09-29T16:56:07.065343+00:00
