flag_id,track,flagged_side,first_flagged_at,first_flagged_model_prob,first_flagged_market_price,first_flagged_edge,consensus_available,consensus_label,consensus_price,consensus_edge,last_seen_at,last_seen_market_price,status,closing_market_price,closing_pulled_at,price_moved,clv_edge_at_close,platform,source_event_id,source_market_id,source_selection_id,player_name,team,sport,stat_type,prop_category,resolved_stat_key,line,game_id,game_start_time,implied_prob_includes_field_vig
draftkings|0QA334612412#2151925101_13L88808Q1-1063669179Q20,props,over,2026-09-09T22:51:56Z,0.3361,0.1628,0.1733,False,,,,2026-09-09T22:56:58Z,0.1628069553264412,open,,,,,draftkings,34118042,334612412.0,0QA334612412#2151925101_13L88808Q1-1063669179Q20,Rhamondre Stevenson,,NFL,2+ TDs,player_touchdown,rushing_tds+receiving_tds,,34118042,2026-09-10T00:20:00.0000000Z,False
draftkings|0QA334612412#2233956191_13L88808Q11556454751Q20,props,over,2026-09-09T22:51:56Z,0.1637,0.011,0.1527,False,,,,2026-09-09T22:56:58Z,0.0110004699544892,open,,,,,draftkings,34118042,334612412.0,0QA334612412#2233956191_13L88808Q11556454751Q20,Tory Horton,,NFL,2+ TDs,player_touchdown,rushing_tds+receiving_tds,,34118042,2026-09-10T00:20:00.0000000Z,False
draftkings|0QA334613199#2151928221_13L88808Q1-1828996474Q20,props,over,2026-09-09T22:51:56Z,0.6977,0.0953,0.6024,False,,,,2026-09-09T22:56:58Z,0.0952997700556407,open,,,,,draftkings,34118042,334613199.0,0QA334613199#2151928221_13L88808Q1-1828996474Q20,Rhamondre Stevenson,,NFL,Anytime TD Scorer,player_touchdown,rushing_tds+receiving_tds,,34118042,2026-09-10T00:20:00.0000000Z,False
draftkings|0QA334613199#2151928211_13L88808Q11896367839Q20,props,over,2026-09-09T22:51:56Z,0.3776,0.0849,0.2926,False,,,,2026-09-09T22:56:58Z,0.0849410993974189,open,,,,,draftkings,34118042,334613199.0,0QA334613199#2151928211_13L88808Q11896367839Q20,Jaxon Smith-Njigba,,NFL,Anytime TD Scorer,player_touchdown,rushing_tds+receiving_tds,,34118042,2026-09-10T00:20:00.0000000Z,False
draftkings|0QA334613199#2169981631_13L88808Q11457589561Q20,props,over,2026-09-09T22:51:56Z,0.3386,0.0724,0.2662,False,,,,2026-09-09T22:56:58Z,0.0723572328200235,open,,,,,draftkings,34118042,334613199.0,0QA334613199#2169981631_13L88808Q11457589561Q20,A.J. Brown,,NFL,Anytime TD Scorer,player_touchdown,rushing_tds+receiving_tds,,34118042,2026-09-10T00:20:00.0000000Z,False
draftkings|0QA334613199#2151928217_13L88808Q12121391530Q20,props,over,2026-09-09T22:51:56Z,0.1605,0.0641,0.0965,False,,,,2026-09-09T22:56:58Z,0.0640539438078896,open,,,,,draftkings,34118042,334613199.0,0QA334613199#2151928217_13L88808Q12121391530Q20,George Holani,,NFL,Anytime TD Scorer,player_touchdown,rushing_tds+receiving_tds,,34118042,2026-09-10T00:20:00.0000000Z,False
draftkings|0QA334613199#2151928214_13L88808Q1-1216598181Q20,props,over,2026-09-09T22:51:56Z,0.0974,0.0543,0.0432,False,,,,2026-09-09T22:56:58Z,0.0542679246150176,open,,,,,draftkings,34118042,334613199.0,0QA334613199#2151928214_13L88808Q1-1216598181Q20,Cooper Kupp,,NFL,Anytime TD Scorer,player_touchdown,rushing_tds+receiving_tds,,34118042,2026-09-10T00:20:00.0000000Z,False
draftkings|0QA334613199#2151928224_13L88808Q1-1762786291Q20,props,over,2026-09-09T22:51:56Z,0.3501,0.0521,0.298,False,,,,2026-09-09T22:56:58Z,0.0520972076304169,open,,,,,draftkings,34118042,334613199.0,0QA334613199#2151928224_13L88808Q1-1762786291Q20,Hunter Henry,,NFL,Anytime TD Scorer,player_touchdown,rushing_tds+receiving_tds,,34118042,2026-09-10T00:20:00.0000000Z,False
draftkings|0QA334613199#2151928223_13L88808Q1-349638135Q20,props,over,2026-09-09T22:51:56Z,0.2971,0.0465,0.2506,False,,,,2026-09-09T22:56:58Z,0.0465153639557294,open,,,,,draftkings,34118042,334613199.0,0QA334613199#2151928223_13L88808Q1-349638135Q20,Romeo Doubs,,NFL,Anytime TD Scorer,player_touchdown,rushing_tds+receiving_tds,,34118042,2026-09-10T00:20:00.0000000Z,False
draftkings|0QA334613199#2151928226_13L88808Q1-725127430Q20,props,over,2026-09-09T22:51:56Z,0.2115,0.0355,0.176,False,,,,2026-09-09T22:56:58Z,0.0355208233843751,open,,,,,draftkings,34118042,334613199.0,0QA334613199#2151928226_13L88808Q1-725127430Q20,Drake Maye,,NFL,Anytime TD Scorer,player_touchdown,rushing_tds+receiving_tds,,34118042,2026-09-10T00:20:00.0000000Z,False
draftkings|0QA334613199#2151928212_13L88808Q11707072676Q20,props,over,2026-09-09T22:51:56Z,0.0845,0.0301,0.0544,False,,,,2026-09-09T22:56:58Z,0.0300560813252405,open,,,,,draftkings,34118042,334613199.0,0QA334613199#2151928212_13L88808Q11707072676Q20,Emanuel Wilson,,NFL,Anytime TD Scorer,player_touchdown,rushing_tds+receiving_tds,,34118042,2026-09-10T00:20:00.0000000Z,False
draftkings|0QA334613199#2151928229_13L88808Q1-205213128Q20,props,over,2026-09-09T22:51:56Z,0.0895,0.0244,0.0651,False,,,,2026-09-09T22:56:58Z,0.0244205660767579,open,,,,,draftkings,34118042,334613199.0,0QA334613199#2151928229_13L88808Q1-205213128Q20,Demario Douglas,,NFL,Anytime TD Scorer,player_touchdown,rushing_tds+receiving_tds,,34118042,2026-09-10T00:20:00.0000000Z,False
draftkings|0QA334613199#2233956178_13L88808Q1-2108815135Q20,props,over,2026-09-09T22:51:56Z,0.5145,0.0217,0.4928,False,,,,2026-09-09T22:56:58Z,0.021707169846007,open,,,,,draftkings,34118042,334613199.0,0QA334613199#2233956178_13L88808Q1-2108815135Q20,Tory Horton,,NFL,Anytime TD Scorer,player_touchdown,rushing_tds+receiving_tds,,34118042,2026-09-10T00:20:00.0000000Z,False
draftkings|0QA334613199#2151928227_13L88808Q1950577073Q20,props,over,2026-09-09T22:51:56Z,0.0689,0.0195,0.0494,False,,,,2026-09-09T22:56:58Z,0.0195364528614063,open,,,,,draftkings,34118042,334613199.0,0QA334613199#2151928227_13L88808Q1950577073Q20,Mack Hollins,,NFL,Anytime TD Scorer,player_touchdown,rushing_tds+receiving_tds,,34118042,2026-09-10T00:20:00.0000000Z,False
draftkings|0QA334613199#2151928228_13L88808Q11958986630Q20,props,over,2026-09-09T22:51:56Z,0.219,0.014,0.205,False,,,,2026-09-09T22:56:58Z,0.0139546091867188,open,,,,,draftkings,34118042,334613199.0,0QA334613199#2151928228_13L88808Q11958986630Q20,Kyle Williams,,NFL,Anytime TD Scorer,player_touchdown,rushing_tds+receiving_tds,,34118042,2026-09-10T00:20:00.0000000Z,False
draftkings|0QA334613199#2252728011_13L88808Q1-2056923875Q20,props,over,2026-09-09T22:51:56Z,0.171,0.0098,0.1612,False,,,,2026-09-09T22:56:58Z,0.0097682264307031,open,,,,,draftkings,34118042,334613199.0,0QA334613199#2252728011_13L88808Q1-2056923875Q20,Efton Chism III,,NFL,Anytime TD Scorer,player_touchdown,rushing_tds+receiving_tds,,34118042,2026-09-10T00:20:00.0000000Z,False
draftkings|0QA334323197#2150675684_13L88808Q1-1442390665Q20,props,over,2026-09-09T22:51:56Z,0.2367,0.1946,0.042,False,,,,2026-09-09T22:56:58Z,0.1946482785435477,open,,,,,draftkings,34107951,334323197.0,0QA334323197#2150675684_13L88808Q1-1442390665Q20,Christian McCaffrey,,NFL,2+ TDs,player_touchdown,rushing_tds+receiving_tds,,34107951,2026-09-11T00:35:00.0000000Z,False
draftkings|0QA334323197#2150675560_13L88808Q1273996050Q20,props,over,2026-09-09T22:51:56Z,0.2129,0.1168,0.0961,False,,,,2026-09-09T22:56:58Z,0.1167889671261286,open,,,,,draftkings,34107951,334323197.0,0QA334323197#2150675560_13L88808Q1273996050Q20,Davante Adams,,NFL,2+ TDs,player_touchdown,rushing_tds+receiving_tds,,34107951,2026-09-11T00:35:00.0000000Z,False
draftkings|0QA334323197#2150675579_13L88808Q11214736899Q20,props,over,2026-09-09T22:51:56Z,0.2362,0.0849,0.1513,False,,,,2026-09-09T22:56:58Z,0.0849374306371844,open,,,,,draftkings,34107951,334323197.0,0QA334323197#2150675579_13L88808Q11214736899Q20,Puka Nacua,,NFL,2+ TDs,player_touchdown,rushing_tds+receiving_tds,,34107951,2026-09-11T00:35:00.0000000Z,False
draftkings|0QA334323197#2150675714_13L88808Q11108077714Q20,props,over,2026-09-09T22:51:56Z,0.1036,0.0359,0.0676,False,,,,2026-09-09T22:56:58Z,0.0359350668080395,open,,,,,draftkings,34107951,334323197.0,0QA334323197#2150675714_13L88808Q11108077714Q20,George Kittle,,NFL,2+ TDs,player_touchdown,rushing_tds+receiving_tds,,34107951,2026-09-11T00:35:00.0000000Z,False
draftkings|0QA334323197#2150675635_13L88808Q12084623368Q20,props,over,2026-09-09T22:51:56Z,0.0716,0.0228,0.0488,False,,,,2026-09-09T22:56:58Z,0.0227880911465616,open,,,,,draftkings,34107951,334323197.0,0QA334323197#2150675635_13L88808Q12084623368Q20,Terrance Ferguson,,NFL,2+ TDs,player_touchdown,rushing_tds+receiving_tds,,34107951,2026-09-11T00:35:00.0000000Z,False
draftkings|0QA334323197#2150675597_13L88808Q11942991799Q20,props,over,2026-09-09T22:51:56Z,0.1897,0.0203,0.1694,False,,,,2026-09-09T22:56:58Z,0.0203111247175875,open,,,,,draftkings,34107951,334323197.0,0QA334323197#2150675597_13L88808Q11942991799Q20,Colby Parkinson,,NFL,2+ TDs,player_touchdown,rushing_tds+receiving_tds,,34107951,2026-09-11T00:35:00.0000000Z,False
draftkings|0QA334323197#2150675609_13L88808Q11735898398Q20,props,over,2026-09-09T22:51:56Z,0.0576,0.0123,0.0453,False,,,,2026-09-09T22:56:58Z,0.0122935754869609,open,,,,,draftkings,34107951,334323197.0,0QA334323197#2150675609_13L88808Q11735898398Q20,Tyler Higbee,,NFL,2+ TDs,player_touchdown,rushing_tds+receiving_tds,,34107951,2026-09-11T00:35:00.0000000Z,False
draftkings|0QA334323197#2150675739_13L88808Q11557081727Q20,props,over,2026-09-09T22:51:56Z,0.0774,0.0123,0.0651,False,,,,2026-09-09T22:56:58Z,0.0122935754869609,open,,,,,draftkings,34107951,334323197.0,0QA334323197#2150675739_13L88808Q11557081727Q20,Brock Purdy,,NFL,2+ TDs,player_touchdown,rushing_tds+receiving_tds,,34107951,2026-09-11T00:35:00.0000000Z,False
draftkings|0QA334323197#2150675773_13L88808Q11567635031Q20,props,over,2026-09-09T22:51:56Z,0.0857,0.0123,0.0734,False,,,,2026-09-09T22:56:58Z,0.0122935754869609,open,,,,,draftkings,34107951,334323197.0,0QA334323197#2150675773_13L88808Q11567635031Q20,Jake Tonges,,NFL,2+ TDs,player_touchdown,rushing_tds+receiving_tds,,34107951,2026-09-11T00:35:00.0000000Z,False
draftkings|0QA334323199#2150675650_13L88808Q1-1719984573Q20,props,over,2026-09-09T22:51:56Z,0.5768,0.1046,0.4722,False,,,,2026-09-09T22:56:58Z,0.1046180114861982,open,,,,,draftkings,34107951,334323199.0,0QA334323199#2150675650_13L88808Q1-1719984573Q20,Davante Adams,,NFL,Anytime TD Scorer,player_touchdown,rushing_tds+receiving_tds,,34107951,2026-09-11T00:35:00.0000000Z,False
draftkings|0QA334323199#2150675659_13L88808Q1-1261907500Q20,props,over,2026-09-09T22:51:56Z,0.603,0.0935,0.5095,False,,,,2026-09-09T22:56:58Z,0.0934884357961771,open,,,,,draftkings,34107951,334323199.0,0QA334323199#2150675659_13L88808Q1-1261907500Q20,Puka Nacua,,NFL,Anytime TD Scorer,player_touchdown,rushing_tds+receiving_tds,,34107951,2026-09-11T00:35:00.0000000Z,False
draftkings|0QA334323199#2150675640_13L88808Q11373713880Q20,props,over,2026-09-09T22:51:56Z,0.3406,0.0845,0.2561,False,,,,2026-09-09T22:56:58Z,0.0844991631234678,open,,,,,draftkings,34107951,334323199.0,0QA334323199#2150675640_13L88808Q11373713880Q20,Blake Corum,,NFL,Anytime TD Scorer,player_touchdown,rushing_tds+receiving_tds,,34107951,2026-09-11T00:35:00.0000000Z,False
draftkings|0QA334323199#2150675755_13L88808Q11665839176Q20,props,over,2026-09-09T22:51:56Z,0.338,0.0732,0.2648,False,,,,2026-09-09T22:56:58Z,0.0732326080403387,open,,,,,draftkings,34107951,334323199.0,0QA334323199#2150675755_13L88808Q11665839176Q20,Mike Evans,,NFL,Anytime TD Scorer,player_touchdown,rushing_tds+receiving_tds,,34107951,2026-09-11T00:35:00.0000000Z,False
draftkings|0QA334323199#2150675803_13L88808Q1-2099105975Q20,props,over,2026-09-09T22:51:56Z,0.4191,0.0594,0.3597,False,,,,2026-09-09T22:56:58Z,0.0593777903029773,open,,,,,draftkings,34107951,334323199.0,0QA334323199#2150675803_13L88808Q1-2099105975Q20,George Kittle,,NFL,Anytime TD Scorer,player_touchdown,rushing_tds+receiving_tds,,34107951,2026-09-11T00:35:00.0000000Z,False
draftkings|0QA334323199#2238859996_13L88808Q1-1863661381Q20,props,over,2026-09-09T22:51:56Z,0.171,0.0488,0.1221,False,,,,2026-09-09T22:56:58Z,0.0488217386935591,open,,,,,draftkings,34107951,334323199.0,0QA334323199#2238859996_13L88808Q1-1863661381Q20,Deebo Samuel,,NFL,Anytime TD Scorer,player_touchdown,rushing_tds+receiving_tds,,34107951,2026-09-11T00:35:00.0000000Z,False
draftkings|0QA334323199#2150675689_13L88808Q1610822396Q20,props,over,2026-09-09T22:51:56Z,0.3536,0.0439,0.3097,False,,,,2026-09-09T22:56:58Z,0.0439395648242032,open,,,,,draftkings,34107951,334323199.0,0QA334323199#2150675689_13L88808Q1610822396Q20,Terrance Ferguson,,NFL,Anytime TD Scorer,player_touchdown,rushing_tds+receiving_tds,,34107951,2026-09-11T00:35:00.0000000Z,False
draftkings|0QA334323199#2150675668_13L88808Q1691932532Q20,props,over,2026-09-09T22:51:56Z,0.5487,0.0418,0.5069,False,,,,2026-09-09T22:56:58Z,0.0418472045944792,open,,,,,draftkings,34107951,334323199.0,0QA334323199#2150675668_13L88808Q1691932532Q20,Colby Parkinson,,NFL,Anytime TD Scorer,player_touchdown,rushing_tds+receiving_tds,,34107951,2026-09-11T00:35:00.0000000Z,False
draftkings|0QA334323199#2150675679_13L88808Q1244078380Q20,props,over,2026-09-09T22:51:56Z,0.3195,0.0338,0.2857,False,,,,2026-09-09T22:56:58Z,0.0337996652493871,open,,,,,draftkings,34107951,334323199.0,0QA334323199#2150675679_13L88808Q1244078380Q20,Tyler Higbee,,NFL,Anytime TD Scorer,player_touchdown,rushing_tds+receiving_tds,,34107951,2026-09-11T00:35:00.0000000Z,False
draftkings|0QA334323199#2150675797_13L88808Q1579133715Q20,props,over,2026-09-09T22:51:56Z,0.3666,0.0314,0.3352,False,,,,2026-09-09T22:56:58Z,0.0313854034458594,open,,,,,draftkings,34107951,334323199.0,0QA334323199#2150675797_13L88808Q1579133715Q20,Brock Purdy,,NFL,Anytime TD Scorer,player_touchdown,rushing_tds+receiving_tds,,34107951,2026-09-11T00:35:00.0000000Z,False
draftkings|0QA334323199#2150675820_13L88808Q11147507867Q20,props,over,2026-09-09T22:51:56Z,0.3843,0.0293,0.355,False,,,,2026-09-09T22:56:58Z,0.0292930432161354,open,,,,,draftkings,34107951,334323199.0,0QA334323199#2150675820_13L88808Q11147507867Q20,Jake Tonges,,NFL,Anytime TD Scorer,player_touchdown,rushing_tds+receiving_tds,,34107951,2026-09-11T00:35:00.0000000Z,False
draftkings|0QA334323199#2150675815_13L88808Q11061966518Q20,props,over,2026-09-09T22:51:56Z,0.171,0.0244,0.1466,False,,,,2026-09-09T22:56:58Z,0.0244108693467795,open,,,,,draftkings,34107951,334323199.0,0QA334323199#2150675815_13L88808Q11061966518Q20,Kyle Juszczyk,,NFL,Anytime TD Scorer,player_touchdown,rushing_tds+receiving_tds,,34107951,2026-09-11T00:35:00.0000000Z,False
draftkings|0QA334323199#2150675809_13L88808Q1785301666Q20,props,over,2026-09-09T22:51:56Z,0.1269,0.022,0.1049,False,,,,2026-09-09T22:56:58Z,0.0219697824121016,open,,,,,draftkings,34107951,334323199.0,0QA334323199#2150675809_13L88808Q1785301666Q20,Demarcus Robinson,,NFL,Anytime TD Scorer,player_touchdown,rushing_tds+receiving_tds,,34107951,2026-09-11T00:35:00.0000000Z,False
draftkings|0QA334323199#2241738201_13L88808Q1939681134Q20,props,over,2026-09-09T22:51:56Z,0.1103,0.0157,0.0947,False,,,,2026-09-09T22:56:58Z,0.0156927017229297,open,,,,,draftkings,34107951,334323199.0,0QA334323199#2241738201_13L88808Q1939681134Q20,Luke Farrell,,NFL,Anytime TD Scorer,player_touchdown,rushing_tds+receiving_tds,,34107951,2026-09-11T00:35:00.0000000Z,False
draftkings|0QA334323199#2150675727_13L88808Q1-822030320Q20,props,over,2026-09-09T22:51:56Z,0.0952,0.0137,0.0814,False,,,,2026-09-09T22:56:58Z,0.0137311140075635,open,,,,,draftkings,34107951,334323199.0,0QA334323199#2150675727_13L88808Q1-822030320Q20,Davis Allen,,NFL,Anytime TD Scorer,player_touchdown,rushing_tds+receiving_tds,,34107951,2026-09-11T00:35:00.0000000Z,False
draftkings|0QA334323199#2262588466_13L88808Q1-1276590114Q20,props,over,2026-09-09T22:51:56Z,0.0974,0.0137,0.0837,False,,,,2026-09-09T22:56:58Z,0.0137311140075635,open,,,,,draftkings,34107951,334323199.0,0QA334323199#2262588466_13L88808Q1-1276590114Q20,Tutu Atwell,,NFL,Anytime TD Scorer,player_touchdown,rushing_tds+receiving_tds,,34107951,2026-09-11T00:35:00.0000000Z,False
draftkings|0QA334323199#2150675719_13L88808Q1-1508640754Q20,props,over,2026-09-09T22:51:56Z,0.0488,0.0122,0.0366,False,,,,2026-09-09T22:56:58Z,0.0122054346733897,open,,,,,draftkings,34107951,334323199.0,0QA334323199#2150675719_13L88808Q1-1508640754Q20,Konata Mumpfield,,NFL,Anytime TD Scorer,player_touchdown,rushing_tds+receiving_tds,,34107951,2026-09-11T00:35:00.0000000Z,False
draftkings|0QA361397313#2250875329_13L88808Q1-1466210203Q20,props,over,2026-09-09T22:51:56Z,0.3582,0.1188,0.2394,False,,,,2026-09-09T22:56:58Z,0.1188280025893786,open,,,,,draftkings,34118210,361397313.0,0QA361397313#2250875329_13L88808Q1-1466210203Q20,Amon-Ra St. Brown,,NFL,Anytime TD Scorer,player_touchdown,rushing_tds+receiving_tds,,34118210,2026-09-13T17:00:00.0000000Z,False
draftkings|0QA361397313#2250875349_13L88808Q1-1726186093Q20,props,over,2026-09-09T22:51:56Z,0.571,0.097,0.474,False,,,,2026-09-09T22:56:58Z,0.0970024510933703,open,,,,,draftkings,34118210,361397313.0,0QA361397313#2250875349_13L88808Q1-1726186093Q20,Chris Olave,,NFL,Anytime TD Scorer,player_touchdown,rushing_tds+receiving_tds,,34118210,2026-09-13T17:00:00.0000000Z,False
draftkings|0QA361397313#2250875332_13L88808Q1480222870Q20,props,over,2026-09-09T22:51:56Z,0.2335,0.0849,0.1486,False,,,,2026-09-09T22:56:58Z,0.084877144706699,open,,,,,draftkings,34118210,361397313.0,0QA361397313#2250875332_13L88808Q1480222870Q20,Jameson Williams,,NFL,Anytime TD Scorer,player_touchdown,rushing_tds+receiving_tds,,34118210,2026-09-13T17:00:00.0000000Z,False
draftkings|0QA361397313#2250875331_13L88808Q1472584472Q20,props,over,2026-09-09T22:51:56Z,0.3241,0.0834,0.2407,False,,,,2026-09-09T22:56:58Z,0.0833880719925464,open,,,,,draftkings,34118210,361397313.0,0QA361397313#2250875331_13L88808Q1472584472Q20,Sam LaPorta,,NFL,Anytime TD Scorer,player_touchdown,rushing_tds+receiving_tds,,34118210,2026-09-13T17:00:00.0000000Z,False
draftkings|0QA361397313#2250875356_13L88808Q144959304Q20,props,over,2026-09-09T22:51:56Z,0.3239,0.0495,0.2744,False,,,,2026-09-09T22:56:58Z,0.0495116677455744,open,,,,,draftkings,34118210,361397313.0,0QA361397313#2250875356_13L88808Q144959304Q20,Tyler Shough,,NFL,Anytime TD Scorer,player_touchdown,rushing_tds+receiving_tds,,34118210,2026-09-13T17:00:00.0000000Z,False
draftkings|0QA361397313#2251041117_13L88808Q1138922171Q20,props,over,2026-09-09T22:51:56Z,0.1903,0.0495,0.1408,False,,,,2026-09-09T22:56:58Z,0.0495116677455744,open,,,,,draftkings,34118210,361397313.0,0QA361397313#2251041117_13L88808Q1138922171Q20,Devaughn Vele,,NFL,Anytime TD Scorer,player_touchdown,rushing_tds+receiving_tds,,34118210,2026-09-13T17:00:00.0000000Z,False
draftkings|0QA361397313#2250875335_13L88808Q11283746776Q20,props,over,2026-09-09T22:51:56Z,0.3808,0.0413,0.3394,False,,,,2026-09-09T22:56:58Z,0.041331479161523,open,,,,,draftkings,34118210,361397313.0,0QA361397313#2250875335_13L88808Q11283746776Q20,Isaac TeSlaa,,NFL,Anytime TD Scorer,player_touchdown,rushing_tds+receiving_tds,,34118210,2026-09-13T17:00:00.0000000Z,False
draftkings|0QA361397313#2250875355_13L88808Q1-403572542Q20,props,over,2026-09-09T22:51:56Z,0.1232,0.0396,0.0835,False,,,,2026-09-09T22:56:58Z,0.0396093341964595,open,,,,,draftkings,34118210,361397313.0,0QA361397313#2250875355_13L88808Q1-403572542Q20,Kendre Miller,,NFL,Anytime TD Scorer,player_touchdown,rushing_tds+receiving_tds,,34118210,2026-09-13T17:00:00.0000000Z,False
draftkings|0QA361397313#2250875357_13L88808Q11213714519Q20,props,over,2026-09-09T22:51:56Z,0.109,0.0238,0.0852,False,,,,2026-09-09T22:56:58Z,0.0237656005178757,open,,,,,draftkings,34118210,361397313.0,0QA361397313#2250875357_13L88808Q11213714519Q20,Noah Fant,,NFL,Anytime TD Scorer,player_touchdown,rushing_tds+receiving_tds,,34118210,2026-09-13T17:00:00.0000000Z,False
draftkings|0QA361397313#2250875333_13L88808Q1779951428Q20,props,over,2026-09-09T22:51:56Z,0.1175,0.0198,0.0977,False,,,,2026-09-09T22:56:58Z,0.0198046670982297,open,,,,,draftkings,34118210,361397313.0,0QA361397313#2250875333_13L88808Q1779951428Q20,Brock Wright,,NFL,Anytime TD Scorer,player_touchdown,rushing_tds+receiving_tds,,34118210,2026-09-13T17:00:00.0000000Z,False
draftkings|0QA363177179#2258089990_13L88808Q12022577872Q20,props,over,2026-09-09T22:51:56Z,0.2079,0.0719,0.1361,False,,,,2026-09-09T22:56:58Z,0.0718658053386461,open,,,,,draftkings,34118210,363177179.0,0QA363177179#2258089990_13L88808Q12022577872Q20,Chris Olave,,NFL,2+ TDs,player_touchdown,rushing_tds+receiving_tds,,34118210,2026-09-13T17:00:00.0000000Z,False
draftkings|0QA363177179#2258089993_13L88808Q1-1801413616Q20,props,over,2026-09-09T22:51:56Z,0.0593,0.021,0.0382,False,,,,2026-09-09T22:56:58Z,0.0210338942454574,open,,,,,draftkings,34118210,363177179.0,0QA363177179#2258089993_13L88808Q1-1801413616Q20,Tyler Shough,,NFL,2+ TDs,player_touchdown,rushing_tds+receiving_tds,,34118210,2026-09-13T17:00:00.0000000Z,False
draftkings|0QA363177179#2258089979_13L88808Q1-2063073039Q20,props,over,2026-09-09T22:51:56Z,0.084,0.0154,0.0686,False,,,,2026-09-09T22:56:58Z,0.0153998154297098,open,,,,,draftkings,34118210,363177179.0,0QA363177179#2258089979_13L88808Q1-2063073039Q20,Isaac TeSlaa,,NFL,2+ TDs,player_touchdown,rushing_tds+receiving_tds,,34118210,2026-09-13T17:00:00.0000000Z,False
draftkings|0QA362382884#2254729946_13L88808Q11230695518Q20,props,over,2026-09-09T22:51:56Z,0.4475,0.089,0.3585,False,,,,2026-09-09T22:56:58Z,0.0890289247078645,open,,,,,draftkings,34118250,362382884.0,0QA362382884#2254729946_13L88808Q11230695518Q20,Bhayshul Tuten,,NFL,Anytime TD Scorer,player_touchdown,rushing_tds+receiving_tds,,34118250,2026-09-13T17:00:00.0000000Z,False
draftkings|0QA362382884#2254729961_13L88808Q1-1895349765Q20,props,over,2026-09-09T22:51:56Z,0.2811,0.079,0.2021,False,,,,2026-09-09T22:56:58Z,0.0789501785145214,open,,,,,draftkings,34118250,362382884.0,0QA362382884#2254729961_13L88808Q1-1895349765Q20,Quinshon Judkins,,NFL,Anytime TD Scorer,player_touchdown,rushing_tds+receiving_tds,,34118250,2026-09-13T17:00:00.0000000Z,False
draftkings|0QA362382884#2254729945_13L88808Q11137102484Q20,props,over,2026-09-09T22:51:56Z,0.4566,0.0775,0.3792,False,,,,2026-09-09T22:56:58Z,0.0774881381716599,open,,,,,draftkings,34118250,362382884.0,0QA362382884#2254729945_13L88808Q11137102484Q20,Chris Rodriguez Jr.,,NFL,Anytime TD Scorer,player_touchdown,rushing_tds+receiving_tds,,34118250,2026-09-13T17:00:00.0000000Z,False
draftkings|0QA362382884#2254729951_13L88808Q1-849064763Q20,props,over,2026-09-09T22:51:56Z,0.3503,0.0734,0.2769,False,,,,2026-09-09T22:56:58Z,0.0734098151099935,open,,,,,draftkings,34118250,362382884.0,0QA362382884#2254729951_13L88808Q1-849064763Q20,Parker Washington,,NFL,Anytime TD Scorer,player_touchdown,rushing_tds+receiving_tds,,34118250,2026-09-13T17:00:00.0000000Z,False
draftkings|0QA362382884#2254729903_13L88808Q1-1192653454Q20,props,over,2026-09-09T22:51:56Z,0.4907,0.0615,0.4292,False,,,,2026-09-09T22:56:58Z,0.0615346979598475,open,,,,,draftkings,34118250,362382884.0,0QA362382884#2254729903_13L88808Q1-1192653454Q20,Trevor Lawrence,,NFL,Anytime TD Scorer,player_touchdown,rushing_tds+receiving_tds,,34118250,2026-09-13T17:00:00.0000000Z,False
draftkings|0QA362382884#2254729948_13L88808Q1-992648746Q20,props,over,2026-09-09T22:51:56Z,0.1252,0.0615,0.0637,False,,,,2026-09-09T22:56:58Z,0.0615346979598475,open,,,,,draftkings,34118250,362382884.0,0QA362382884#2254729948_13L88808Q1-992648746Q20,Jakobi Meyers,,NFL,Anytime TD Scorer,player_touchdown,rushing_tds+receiving_tds,,34118250,2026-09-13T17:00:00.0000000Z,False
draftkings|0QA362382884#2254729949_13L88808Q1-1393332464Q20,props,over,2026-09-09T22:51:56Z,0.3297,0.0598,0.2699,False,,,,2026-09-09T22:56:58Z,0.0597765637324233,open,,,,,draftkings,34118250,362382884.0,0QA362382884#2254729949_13L88808Q1-1393332464Q20,Brenton Strange,,NFL,Anytime TD Scorer,player_touchdown,rushing_tds+receiving_tds,,34118250,2026-09-13T17:00:00.0000000Z,False
draftkings|0QA362382884#2254729947_13L88808Q1-271780635Q20,props,over,2026-09-09T22:51:56Z,0.1539,0.0565,0.0974,False,,,,2026-09-09T22:56:58Z,0.0565453981252653,open,,,,,draftkings,34118250,362382884.0,0QA362382884#2254729947_13L88808Q1-271780635Q20,Brian Thomas Jr.,,NFL,Anytime TD Scorer,player_touchdown,rushing_tds+receiving_tds,,34118250,2026-09-13T17:00:00.0000000Z,False
draftkings|0QA362382884#2254729962_13L88808Q1466829631Q20,props,over,2026-09-09T22:51:56Z,0.5247,0.0498,0.4749,False,,,,2026-09-09T22:56:58Z,0.0498138031103527,open,,,,,draftkings,34118250,362382884.0,0QA362382884#2254729962_13L88808Q1466829631Q20,Harold Fannin Jr.,,NFL,Anytime TD Scorer,player_touchdown,rushing_tds+receiving_tds,,34118250,2026-09-13T17:00:00.0000000Z,False
draftkings|0QA362382884#2254729963_13L88808Q1526503198Q20,props,over,2026-09-09T22:51:56Z,0.0941,0.038,0.0561,False,,,,2026-09-09T22:56:58Z,0.0380396314660875,open,,,,,draftkings,34118250,362382884.0,0QA362382884#2254729963_13L88808Q1526503198Q20,Jerry Jeudy,,NFL,Anytime TD Scorer,player_touchdown,rushing_tds+receiving_tds,,34118250,2026-09-13T17:00:00.0000000Z,False
draftkings|0QA362382884#2254729965_13L88808Q11127564074Q20,props,over,2026-09-09T22:51:56Z,0.1012,0.0262,0.075,False,,,,2026-09-09T22:56:58Z,0.0261522466329352,open,,,,,draftkings,34118250,362382884.0,0QA362382884#2254729965_13L88808Q11127564074Q20,Dylan Sampson,,NFL,Anytime TD Scorer,player_touchdown,rushing_tds+receiving_tds,,34118250,2026-09-13T17:00:00.0000000Z,False
draftkings|0QA362382884#2254729950_13L88808Q1-458881524Q20,props,over,2026-09-09T22:51:56Z,0.2184,0.022,0.1964,False,,,,2026-09-09T22:56:58Z,0.022022944532998,open,,,,,draftkings,34118250,362382884.0,0QA362382884#2254729950_13L88808Q1-458881524Q20,Travis Hunter,,NFL,Anytime TD Scorer,player_touchdown,rushing_tds+receiving_tds,,34118250,2026-09-13T17:00:00.0000000Z,False
draftkings|0QA362382884#2254729960_13L88808Q1-286456608Q20,props,over,2026-09-09T22:51:56Z,0.1732,0.01,0.1633,False,,,,2026-09-09T22:56:58Z,0.0099627606220705,open,,,,,draftkings,34118250,362382884.0,0QA362382884#2254729960_13L88808Q1-286456608Q20,Raheim Sanders,,NFL,Anytime TD Scorer,player_touchdown,rushing_tds+receiving_tds,,34118250,2026-09-13T17:00:00.0000000Z,False
draftkings|0QA362382884#2254729955_13L88808Q1-1307850565Q20,props,over,2026-09-09T22:51:56Z,0.1978,0.0067,0.1911,False,,,,2026-09-09T22:56:58Z,0.0067489668730155,open,,,,,draftkings,34118250,362382884.0,0QA362382884#2254729955_13L88808Q1-1307850565Q20,Quintin Morris,,NFL,Anytime TD Scorer,player_touchdown,rushing_tds+receiving_tds,,34118250,2026-09-13T17:00:00.0000000Z,False
draftkings|0QA362382884#2254729969_13L88808Q11011846392Q20,props,over,2026-09-09T22:51:56Z,0.0444,0.0067,0.0377,False,,,,2026-09-09T22:56:58Z,0.0067489668730155,open,,,,,draftkings,34118250,362382884.0,0QA362382884#2254729969_13L88808Q11011846392Q20,Tylan Wallace,,NFL,Anytime TD Scorer,player_touchdown,rushing_tds+receiving_tds,,34118250,2026-09-13T17:00:00.0000000Z,False
draftkings|0QA363196021#2258143631_13L88808Q1274701345Q20,props,over,2026-09-09T22:51:56Z,0.1471,0.0665,0.0806,False,,,,2026-09-09T22:56:58Z,0.0664919718937288,open,,,,,draftkings,34118250,363196021.0,0QA363196021#2258143631_13L88808Q1274701345Q20,Trevor Lawrence,,NFL,2+ TDs,player_touchdown,rushing_tds+receiving_tds,,34118250,2026-09-13T17:00:00.0000000Z,False
draftkings|0QA363196021#2258143640_13L88808Q1-862670716Q20,props,over,2026-09-09T22:51:56Z,0.1711,0.0388,0.1324,False,,,,2026-09-09T22:56:58Z,0.0387869836046751,open,,,,,draftkings,34118250,363196021.0,0QA363196021#2258143640_13L88808Q1-862670716Q20,Harold Fannin Jr.,,NFL,2+ TDs,player_touchdown,rushing_tds+receiving_tds,,34118250,2026-09-13T17:00:00.0000000Z,False
draftkings|0QA362104903#2253619459_13L88808Q1850190615Q20,props,over,2026-09-09T22:51:56Z,0.1591,0.0884,0.0707,False,,,,2026-09-09T22:56:58Z,0.0883983587379507,open,,,,,draftkings,34118028,362104903.0,0QA362104903#2253619459_13L88808Q1850190615Q20,Chuba Hubbard,,NFL,Anytime TD Scorer,player_touchdown,rushing_tds+receiving_tds,,34118028,2026-09-13T17:00:00.0000000Z,False
draftkings|0QA362104903#2253619460_13L88808Q1-719490824Q20,props,over,2026-09-09T22:51:56Z,0.2924,0.0767,0.2157,False,,,,2026-09-09T22:56:58Z,0.0767231038102969,open,,,,,draftkings,34118028,362104903.0,0QA362104903#2253619460_13L88808Q1-719490824Q20,Tetairoa McMillan,,NFL,Anytime TD Scorer,player_touchdown,rushing_tds+receiving_tds,,34118028,2026-09-13T17:00:00.0000000Z,False
draftkings|0QA362104903#2253619479_13L88808Q12086988331Q20,props,over,2026-09-09T22:51:56Z,0.1744,0.0739,0.1005,False,,,,2026-09-09T22:56:58Z,0.0739331727626497,open,,,,,draftkings,34118028,362104903.0,0QA362104903#2253619479_13L88808Q12086988331Q20,Luther Burden III,,NFL,Anytime TD Scorer,player_touchdown,rushing_tds+receiving_tds,,34118028,2026-09-13T17:00:00.0000000Z,False
draftkings|0QA362104903#2253619478_13L88808Q1-2109230062Q20,props,over,2026-09-09T22:51:56Z,0.4099,0.0689,0.341,False,,,,2026-09-09T22:56:58Z,0.0689207542702667,open,,,,,draftkings,34118028,362104903.0,0QA362104903#2253619478_13L88808Q1-2109230062Q20,Colston Loveland,,NFL,Anytime TD Scorer,player_touchdown,rushing_tds+receiving_tds,,34118028,2026-09-13T17:00:00.0000000Z,False
draftkings|0QA362104903#2253619476_13L88808Q1655740791Q20,props,over,2026-09-09T22:51:56Z,0.1368,0.0656,0.0712,False,,,,2026-09-09T22:56:58Z,0.0655858790636409,open,,,,,draftkings,34118028,362104903.0,0QA362104903#2253619476_13L88808Q1655740791Q20,Kyle Monangai,,NFL,Anytime TD Scorer,player_touchdown,rushing_tds+receiving_tds,,34118028,2026-09-13T17:00:00.0000000Z,False
draftkings|0QA362104903#2253619477_13L88808Q1-848465730Q20,props,over,2026-09-09T22:51:56Z,0.2666,0.0645,0.202,False,,,,2026-09-09T22:56:58Z,0.064544833364218,open,,,,,draftkings,34118028,362104903.0,0QA362104903#2253619477_13L88808Q1-848465730Q20,Rome Odunze,,NFL,Anytime TD Scorer,player_touchdown,rushing_tds+receiving_tds,,34118028,2026-09-13T17:00:00.0000000Z,False
draftkings|0QA362104903#2253619461_13L88808Q1-537154100Q20,props,over,2026-09-09T22:51:56Z,0.3373,0.0496,0.2877,False,,,,2026-09-09T22:56:58Z,0.0495893231944601,open,,,,,draftkings,34118028,362104903.0,0QA362104903#2253619461_13L88808Q1-537154100Q20,Jalen Coker,,NFL,Anytime TD Scorer,player_touchdown,rushing_tds+receiving_tds,,34118028,2026-09-13T17:00:00.0000000Z,False
draftkings|0QA362104903#2253619480_13L88808Q11505799344Q20,props,over,2026-09-09T22:51:56Z,0.111,0.0407,0.0703,False,,,,2026-09-09T22:56:58Z,0.0406632450194573,open,,,,,draftkings,34118028,362104903.0,0QA362104903#2253619480_13L88808Q11505799344Q20,Caleb Williams,,NFL,Anytime TD Scorer,player_touchdown,rushing_tds+receiving_tds,,34118028,2026-09-13T17:00:00.0000000Z,False
draftkings|0QA362104903#2253619464_13L88808Q1294436062Q20,props,over,2026-09-09T22:51:56Z,0.4134,0.0387,0.3746,False,,,,2026-09-09T22:56:58Z,0.0387269000185308,open,,,,,draftkings,34118028,362104903.0,0QA362104903#2253619464_13L88808Q1294436062Q20,Darren Waller,,NFL,Anytime TD Scorer,player_touchdown,rushing_tds+receiving_tds,,34118028,2026-09-13T17:00:00.0000000Z,False
draftkings|0QA362104903#2253619468_13L88808Q1-813345382Q20,props,over,2026-09-09T22:51:56Z,0.2147,0.0354,0.1793,False,,,,2026-09-09T22:56:58Z,0.0353593434951803,open,,,,,draftkings,34118028,362104903.0,0QA362104903#2253619468_13L88808Q1-813345382Q20,Tommy Tremble,,NFL,Anytime TD Scorer,player_touchdown,rushing_tds+receiving_tds,,34118028,2026-09-13T17:00:00.0000000Z,False
draftkings|0QA362104903#2253619462_13L88808Q1922326735Q20,props,over,2026-09-09T22:51:56Z,0.0952,0.0339,0.0613,False,,,,2026-09-09T22:56:58Z,0.0338860375162144,open,,,,,draftkings,34118028,362104903.0,0QA362104903#2253619462_13L88808Q1922326735Q20,Xavier Legette,,NFL,Anytime TD Scorer,player_touchdown,rushing_tds+receiving_tds,,34118028,2026-09-13T17:00:00.0000000Z,False
draftkings|0QA362104903#2253619324_13L88808Q1633357284Q20,props,over,2026-09-09T22:51:56Z,0.1248,0.0254,0.0994,False,,,,2026-09-09T22:56:58Z,0.0254145281371608,open,,,,,draftkings,34118028,362104903.0,0QA362104903#2253619324_13L88808Q1633357284Q20,Kalif Raymond,,NFL,Anytime TD Scorer,player_touchdown,rushing_tds+receiving_tds,,34118028,2026-09-13T17:00:00.0000000Z,False
draftkings|0QA362104903#2253619465_13L88808Q11112660000Q20,props,over,2026-09-09T22:51:56Z,0.171,0.0239,0.1471,False,,,,2026-09-09T22:56:58Z,0.0239195558937984,open,,,,,draftkings,34118028,362104903.0,0QA362104903#2253619465_13L88808Q11112660000Q20,Bryce Young,,NFL,Anytime TD Scorer,player_touchdown,rushing_tds+receiving_tds,,34118028,2026-09-13T17:00:00.0000000Z,False
draftkings|0QA362104903#2253619463_13L88808Q1259912862Q20,props,over,2026-09-09T22:51:56Z,0.074,0.0185,0.0556,False,,,,2026-09-09T22:56:58Z,0.0184832931906624,open,,,,,draftkings,34118028,362104903.0,0QA362104903#2253619463_13L88808Q1259912862Q20,John Metchie III,,NFL,Anytime TD Scorer,player_touchdown,rushing_tds+receiving_tds,,34118028,2026-09-13T17:00:00.0000000Z,False
draftkings|0QA362104903#2253619470_13L88808Q1-619052431Q20,props,over,2026-09-09T22:51:56Z,0.0689,0.0169,0.052,False,,,,2026-09-09T22:56:58Z,0.0169430187581072,open,,,,,draftkings,34118028,362104903.0,0QA362104903#2253619470_13L88808Q1-619052431Q20,Mitchell Evans,,NFL,Anytime TD Scorer,player_touchdown,rushing_tds+receiving_tds,,34118028,2026-09-13T17:00:00.0000000Z,False
draftkings|0QA362104903#2253619481_13L88808Q1-1770507643Q20,props,over,2026-09-09T22:51:56Z,0.357,0.0169,0.3401,False,,,,2026-09-09T22:56:58Z,0.0169430187581072,open,,,,,draftkings,34118028,362104903.0,0QA362104903#2253619481_13L88808Q1-1770507643Q20,Jahdae Walker,,NFL,Anytime TD Scorer,player_touchdown,rushing_tds+receiving_tds,,34118028,2026-09-13T17:00:00.0000000Z,False
draftkings|0QA362104903#2253619467_13L88808Q1-1009547054Q20,props,over,2026-09-09T22:51:56Z,0.1948,0.0156,0.1792,False,,,,2026-09-09T22:56:58Z,0.0156397096228682,open,,,,,draftkings,34118028,362104903.0,0QA362104903#2253619467_13L88808Q1-1009547054Q20,Ja'Tavion Sanders,,NFL,Anytime TD Scorer,player_touchdown,rushing_tds+receiving_tds,,34118028,2026-09-13T17:00:00.0000000Z,False
draftkings|0QA363171670#2258072377_13L88808Q1-244560726Q20,props,over,2026-09-09T22:51:56Z,0.0987,0.0587,0.0399,False,,,,2026-09-09T22:56:58Z,0.0587096714582723,open,,,,,draftkings,34118028,363171670.0,0QA363171670#2258072377_13L88808Q1-244560726Q20,Colston Loveland,,NFL,2+ TDs,player_touchdown,rushing_tds+receiving_tds,,34118028,2026-09-13T17:00:00.0000000Z,False
draftkings|0QA363171670#2258072363_13L88808Q1131228805Q20,props,over,2026-09-09T22:51:56Z,0.0646,0.0322,0.0324,False,,,,2026-09-09T22:56:58Z,0.0321956262835687,open,,,,,draftkings,34118028,363171670.0,0QA363171670#2258072363_13L88808Q1131228805Q20,Jalen Coker,,NFL,2+ TDs,player_touchdown,rushing_tds+receiving_tds,,34118028,2026-09-13T17:00:00.0000000Z,False
draftkings|0QA363171670#2258072364_13L88808Q1637812501Q20,props,over,2026-09-09T22:51:56Z,0.1005,0.0196,0.0809,False,,,,2026-09-09T22:56:58Z,0.0195698904860907,open,,,,,draftkings,34118028,363171670.0,0QA363171670#2258072364_13L88808Q1637812501Q20,Darren Waller,,NFL,2+ TDs,player_touchdown,rushing_tds+receiving_tds,,34118028,2026-09-13T17:00:00.0000000Z,False
draftkings|0QA363171670#2258072386_13L88808Q1-704328598Q20,props,over,2026-09-09T22:51:56Z,0.0731,0.0071,0.066,False,,,,2026-09-09T22:56:58Z,0.0070784710268839,open,,,,,draftkings,34118028,363171670.0,0QA363171670#2258072386_13L88808Q1-704328598Q20,Jahdae Walker,,NFL,2+ TDs,player_touchdown,rushing_tds+receiving_tds,,34118028,2026-09-13T17:00:00.0000000Z,False
draftkings|0QA362350810#2254581562_13L88808Q1-677035407Q20,props,over,2026-09-09T22:51:56Z,0.5883,0.1142,0.4741,False,,,,2026-09-09T22:56:58Z,0.114173910501183,open,,,,,draftkings,34118029,362350810.0,0QA362350810#2254581562_13L88808Q1-677035407Q20,Josh Allen,,NFL,Anytime TD Scorer,player_touchdown,rushing_tds+receiving_tds,,34118029,2026-09-13T17:00:00.0000000Z,False
draftkings|0QA362350810#2254581548_13L88808Q11759839095Q20,props,over,2026-09-09T22:51:56Z,0.3771,0.0944,0.2827,False,,,,2026-09-09T22:56:58Z,0.0944130413759782,open,,,,,draftkings,34118029,362350810.0,0QA362350810#2254581548_13L88808Q11759839095Q20,Nico Collins,,NFL,Anytime TD Scorer,player_touchdown,rushing_tds+receiving_tds,,34118029,2026-09-13T17:00:00.0000000Z,False
draftkings|0QA362350810#2254581547_13L88808Q11052217445Q20,props,over,2026-09-09T22:51:56Z,0.1945,0.0767,0.1178,False,,,,2026-09-09T22:56:58Z,0.0767105961179823,open,,,,,draftkings,34118029,362350810.0,0QA362350810#2254581547_13L88808Q11052217445Q20,Woody Marks,,NFL,Anytime TD Scorer,player_touchdown,rushing_tds+receiving_tds,,34118029,2026-09-13T17:00:00.0000000Z,False
draftkings|0QA362350810#2254581549_13L88808Q12038958166Q20,props,over,2026-09-09T22:51:56Z,0.2198,0.0614,0.1585,False,,,,2026-09-09T22:56:58Z,0.0613684768943858,open,,,,,draftkings,34118029,362350810.0,0QA362350810#2254581549_13L88808Q12038958166Q20,Dalton Schultz,,NFL,Anytime TD Scorer,player_touchdown,rushing_tds+receiving_tds,,34118029,2026-09-13T17:00:00.0000000Z,False
draftkings|0QA362350810#2254581564_13L88808Q12079458734Q20,props,over,2026-09-09T22:51:56Z,0.1689,0.0558,0.1131,False,,,,2026-09-09T22:56:58Z,0.0557895244494416,open,,,,,draftkings,34118029,362350810.0,0QA362350810#2254581564_13L88808Q12079458734Q20,Khalil Shakir,,NFL,Anytime TD Scorer,player_touchdown,rushing_tds+receiving_tds,,34118029,2026-09-13T17:00:00.0000000Z,False
draftkings|0QA362350810#2254581567_13L88808Q1-81077793Q20,props,over,2026-09-09T22:51:56Z,0.2353,0.0558,0.1796,False,,,,2026-09-09T22:56:58Z,0.0557895244494416,open,,,,,draftkings,34118029,362350810.0,0QA362350810#2254581567_13L88808Q1-81077793Q20,Dalton Kincaid,,NFL,Anytime TD Scorer,player_touchdown,rushing_tds+receiving_tds,,34118029,2026-09-13T17:00:00.0000000Z,False
draftkings|0QA362350810#2258204273_13L88808Q1401138925Q20,props,over,2026-09-09T22:51:56Z,0.2399,0.0522,0.1877,False,,,,2026-09-09T22:56:58Z,0.0522284909739454,open,,,,,draftkings,34118029,362350810.0,0QA362350810#2258204273_13L88808Q1401138925Q20,Kayshon Boutte,,NFL,Anytime TD Scorer,player_touchdown,rushing_tds+receiving_tds,,34118029,2026-09-13T17:00:00.0000000Z,False
draftkings|0QA362350810#2254581550_13L88808Q1-2078311456Q20,props,over,2026-09-09T22:51:56Z,0.1679,0.0409,0.127,False,,,,2026-09-09T22:56:58Z,0.0409123179295905,open,,,,,draftkings,34118029,362350810.0,0QA362350810#2254581550_13L88808Q1-2078311456Q20,Jaylin Noel,,NFL,Anytime TD Scorer,player_touchdown,rushing_tds+receiving_tds,,34118029,2026-09-13T17:00:00.0000000Z,False
draftkings|0QA362350810#2254581552_13L88808Q1-1444150535Q20,props,over,2026-09-09T22:51:56Z,0.0895,0.0409,0.0486,False,,,,2026-09-09T22:56:58Z,0.0409123179295905,open,,,,,draftkings,34118029,362350810.0,0QA362350810#2254581552_13L88808Q1-1444150535Q20,Xavier Hutchinson,,NFL,Anytime TD Scorer,player_touchdown,rushing_tds+receiving_tds,,34118029,2026-09-13T17:00:00.0000000Z,False
draftkings|0QA362350810#2254581565_13L88808Q1614963414Q20,props,over,2026-09-09T22:51:56Z,0.2085,0.0409,0.1676,False,,,,2026-09-09T22:56:58Z,0.0409123179295905,open,,,,,draftkings,34118029,362350810.0,0QA362350810#2254581565_13L88808Q1614963414Q20,Ray Davis,,NFL,Anytime TD Scorer,player_touchdown,rushing_tds+receiving_tds,,34118029,2026-09-13T17:00:00.0000000Z,False
draftkings|0QA362350810#2254581566_13L88808Q1-2072232579Q20,props,over,2026-09-09T22:51:56Z,0.2787,0.0351,0.2436,False,,,,2026-09-09T22:56:58Z,0.0350677010825062,open,,,,,draftkings,34118029,362350810.0,0QA362350810#2254581566_13L88808Q1-2072232579Q20,Keon Coleman,,NFL,Anytime TD Scorer,player_touchdown,rushing_tds+receiving_tds,,34118029,2026-09-13T17:00:00.0000000Z,False
draftkings|0QA362350810#2254581569_13L88808Q11470829306Q20,props,over,2026-09-09T22:51:56Z,0.343,0.0327,0.3102,False,,,,2026-09-09T22:56:58Z,0.0327298543436724,open,,,,,draftkings,34118029,362350810.0,0QA362350810#2254581569_13L88808Q11470829306Q20,Dawson Knox,,NFL,Anytime TD Scorer,player_touchdown,rushing_tds+receiving_tds,,34118029,2026-09-13T17:00:00.0000000Z,False
draftkings|0QA362350810#2254581570_13L88808Q11362443903Q20,props,over,2026-09-09T22:51:56Z,0.4496,0.0273,0.4223,False,,,,2026-09-09T22:56:58Z,0.027274878619727,open,,,,,draftkings,34118029,362350810.0,0QA362350810#2254581570_13L88808Q11362443903Q20,Ty Johnson,,NFL,Anytime TD Scorer,player_touchdown,rushing_tds+receiving_tds,,34118029,2026-09-13T17:00:00.0000000Z,False
draftkings|0QA362350810#2254581531_13L88808Q1242387080Q20,props,over,2026-09-09T22:51:56Z,0.19,0.0258,0.1642,False,,,,2026-09-09T22:56:58Z,0.0258393586923729,open,,,,,draftkings,34118029,362350810.0,0QA362350810#2254581531_13L88808Q1242387080Q20,C.J. Stroud,,NFL,Anytime TD Scorer,player_touchdown,rushing_tds+receiving_tds,,34118029,2026-09-13T17:00:00.0000000Z,False
draftkings|0QA362350810#2254581571_13L88808Q11731434928Q20,props,over,2026-09-09T22:51:56Z,0.1609,0.0189,0.142,False,,,,2026-09-09T22:56:58Z,0.0188826082751956,open,,,,,draftkings,34118029,362350810.0,0QA362350810#2254581571_13L88808Q11731434928Q20,Jackson Hawes,,NFL,Anytime TD Scorer,player_touchdown,rushing_tds+receiving_tds,,34118029,2026-09-13T17:00:00.0000000Z,False
draftkings|0QA363186669#2258117165_13L88808Q11587218485Q20,props,over,2026-09-09T22:51:56Z,0.2229,0.1326,0.0903,False,,,,2026-09-09T22:56:58Z,0.1326144815769849,open,,,,,draftkings,34118029,363186669.0,0QA363186669#2258117165_13L88808Q11587218485Q20,Josh Allen,,NFL,2+ TDs,player_touchdown,rushing_tds+receiving_tds,,34118029,2026-09-13T17:00:00.0000000Z,False
draftkings|0QA363186669#2258117170_13L88808Q1-116043467Q20,props,over,2026-09-09T22:51:56Z,0.067,0.0139,0.0531,False,,,,2026-09-09T22:56:58Z,0.0139163344864737,open,,,,,draftkings,34118029,363186669.0,0QA363186669#2258117170_13L88808Q1-116043467Q20,Dawson Knox,,NFL,2+ TDs,player_touchdown,rushing_tds+receiving_tds,,34118029,2026-09-13T17:00:00.0000000Z,False
draftkings|0QA363186669#2258117172_13L88808Q11837409965Q20,props,over,2026-09-09T22:51:56Z,0.1209,0.0124,0.1085,False,,,,2026-09-09T22:56:58Z,0.0123870669604876,open,,,,,draftkings,34118029,363186669.0,0QA363186669#2258117172_13L88808Q11837409965Q20,Ty Johnson,,NFL,2+ TDs,player_touchdown,rushing_tds+receiving_tds,,34118029,2026-09-13T17:00:00.0000000Z,False
draftkings|0QA361505183#2251317257_13L88808Q12018204784Q20,props,over,2026-09-09T22:51:56Z,0.5558,0.0893,0.4664,False,,,,2026-09-09T22:56:58Z,0.0893479714544227,open,,,,,draftkings,34118266,361505183.0,0QA361505183#2251317257_13L88808Q12018204784Q20,Zay Flowers,,NFL,Anytime TD Scorer,player_touchdown,rushing_tds+receiving_tds,,34118266,2026-09-13T17:00:00.0000000Z,False
draftkings|0QA361505183#2251317258_13L88808Q1-1031442765Q20,props,over,2026-09-09T22:51:56Z,0.1618,0.0832,0.0786,False,,,,2026-09-09T22:56:58Z,0.0831860423886005,open,,,,,draftkings,34118266,361505183.0,0QA361505183#2251317258_13L88808Q1-1031442765Q20,Mark Andrews,,NFL,Anytime TD Scorer,player_touchdown,rushing_tds+receiving_tds,,34118266,2026-09-13T17:00:00.0000000Z,False
draftkings|0QA361505183#2251317239_13L88808Q1-297522584Q20,props,over,2026-09-09T22:51:56Z,0.1368,0.071,0.0658,False,,,,2026-09-09T22:56:58Z,0.0709528008608651,open,,,,,draftkings,34118266,361505183.0,0QA361505183#2251317239_13L88808Q1-297522584Q20,Tyler Warren,,NFL,Anytime TD Scorer,player_touchdown,rushing_tds+receiving_tds,,34118266,2026-09-13T17:00:00.0000000Z,False
draftkings|0QA361505183#2251317256_13L88808Q1-1643070992Q20,props,over,2026-09-09T22:51:56Z,0.128,0.0699,0.058,False,,,,2026-09-09T22:56:58Z,0.0699244993991134,open,,,,,draftkings,34118266,361505183.0,0QA361505183#2251317256_13L88808Q1-1643070992Q20,Lamar Jackson,,NFL,Anytime TD Scorer,player_touchdown,rushing_tds+receiving_tds,,34118266,2026-09-13T17:00:00.0000000Z,False
draftkings|0QA361505183#2251317241_13L88808Q1-883785420Q20,props,over,2026-09-09T22:51:56Z,0.1689,0.0627,0.1062,False,,,,2026-09-09T22:56:58Z,0.0626596163446601,open,,,,,draftkings,34118266,361505183.0,0QA361505183#2251317241_13L88808Q1-883785420Q20,Josh Downs,,NFL,Anytime TD Scorer,player_touchdown,rushing_tds+receiving_tds,,34118266,2026-09-13T17:00:00.0000000Z,False
draftkings|0QA361505183#2251321881_13L88808Q1-1866642147Q20,props,over,2026-09-09T22:51:56Z,0.5276,0.0611,0.4666,False,,,,2026-09-09T22:56:58Z,0.0610732969435294,open,,,,,draftkings,34118266,361505183.0,0QA361505183#2251321881_13L88808Q1-1866642147Q20,Alec Pierce,,NFL,Anytime TD Scorer,player_touchdown,rushing_tds+receiving_tds,,34118266,2026-09-13T17:00:00.0000000Z,False
draftkings|0QA361505183#2251317240_13L88808Q1716026518Q20,props,over,2026-09-09T22:51:56Z,0.111,0.0574,0.0536,False,,,,2026-09-09T22:56:58Z,0.0574379816492717,open,,,,,draftkings,34118266,361505183.0,0QA361505183#2251317240_13L88808Q1716026518Q20,Keenan Allen,,NFL,Anytime TD Scorer,player_touchdown,rushing_tds+receiving_tds,,34118266,2026-09-13T17:00:00.0000000Z,False
draftkings|0QA361505183#2251317180_13L88808Q1-1969802282Q20,props,over,2026-09-09T22:51:56Z,0.2073,0.0402,0.1671,False,,,,2026-09-09T22:56:58Z,0.0402065871544902,open,,,,,draftkings,34118266,361505183.0,0QA361505183#2251317180_13L88808Q1-1969802282Q20,Daniel Jones,,NFL,Anytime TD Scorer,player_touchdown,rushing_tds+receiving_tds,,34118266,2026-09-13T17:00:00.0000000Z,False
draftkings|0QA361505183#2251317261_13L88808Q11994625172Q20,props,over,2026-09-09T22:51:56Z,0.2404,0.0371,0.2033,False,,,,2026-09-09T22:56:58Z,0.0371137727579909,open,,,,,draftkings,34118266,361505183.0,0QA361505183#2251317261_13L88808Q11994625172Q20,Justice Hill,,NFL,Anytime TD Scorer,player_touchdown,rushing_tds+receiving_tds,,34118266,2026-09-13T17:00:00.0000000Z,False
draftkings|0QA361505183#2251317245_13L88808Q1-1885662408Q20,props,over,2026-09-09T22:51:56Z,0.1567,0.0284,0.1283,False,,,,2026-09-09T22:56:58Z,0.028381120344346,open,,,,,draftkings,34118266,361505183.0,0QA361505183#2251317245_13L88808Q1-1885662408Q20,Mo Alie-Cox,,NFL,Anytime TD Scorer,player_touchdown,rushing_tds+receiving_tds,,34118266,2026-09-13T17:00:00.0000000Z,False
draftkings|0QA361505183#2251317263_13L88808Q1-1199795272Q20,props,over,2026-09-09T22:51:56Z,0.3041,0.023,0.2811,False,,,,2026-09-09T22:56:58Z,0.0229751926597087,open,,,,,draftkings,34118266,361505183.0,0QA361505183#2251317263_13L88808Q1-1199795272Q20,Devontez Walker,,NFL,Anytime TD Scorer,player_touchdown,rushing_tds+receiving_tds,,34118266,2026-09-13T17:00:00.0000000Z,False
draftkings|0QA361505183#2251317262_13L88808Q11574112063Q20,props,over,2026-09-09T22:51:56Z,0.0891,0.0161,0.073,False,,,,2026-09-09T22:56:58Z,0.016082634861796,open,,,,,draftkings,34118266,361505183.0,0QA361505183#2251317262_13L88808Q11574112063Q20,Rasheen Ali,,NFL,Anytime TD Scorer,player_touchdown,rushing_tds+receiving_tds,,34118266,2026-09-13T17:00:00.0000000Z,False
draftkings|0QA361505183#2251317246_13L88808Q11956512748Q20,props,over,2026-09-09T22:51:56Z,0.1001,0.0134,0.0867,False,,,,2026-09-09T22:56:58Z,0.0134021957181634,open,,,,,draftkings,34118266,361505183.0,0QA361505183#2251317246_13L88808Q11956512748Q20,Andrew Ogletree,,NFL,Anytime TD Scorer,player_touchdown,rushing_tds+receiving_tds,,34118266,2026-09-13T17:00:00.0000000Z,False
draftkings|0QA363187905#2258120974_13L88808Q11746484724Q20,props,over,2026-09-09T22:51:56Z,0.3267,0.269,0.0578,False,,,,2026-09-09T22:56:58Z,0.2689596858057754,open,,,,,draftkings,34118266,363187905.0,0QA363187905#2258120974_13L88808Q11746484724Q20,Derrick Henry,,NFL,2+ TDs,player_touchdown,rushing_tds+receiving_tds,,34118266,2026-09-13T17:00:00.0000000Z,False
draftkings|0QA363187905#2258120975_13L88808Q1-1364480320Q20,props,over,2026-09-09T22:51:56Z,0.1953,0.0644,0.131,False,,,,2026-09-09T22:56:58Z,0.0643582105320962,open,,,,,draftkings,34118266,363187905.0,0QA363187905#2258120975_13L88808Q1-1364480320Q20,Zay Flowers,,NFL,2+ TDs,player_touchdown,rushing_tds+receiving_tds,,34118266,2026-09-13T17:00:00.0000000Z,False
draftkings|0QA363187905#2258120965_13L88808Q1-80697860Q20,props,over,2026-09-09T22:51:56Z,0.1734,0.0347,0.1387,False,,,,2026-09-09T22:56:58Z,0.0346544210557441,open,,,,,draftkings,34118266,363187905.0,0QA363187905#2258120965_13L88808Q1-80697860Q20,Alec Pierce,,NFL,2+ TDs,player_touchdown,rushing_tds+receiving_tds,,34118266,2026-09-13T17:00:00.0000000Z,False
draftkings|0QA363187905#2258120982_13L88808Q1-464941358Q20,props,over,2026-09-09T22:51:56Z,0.0518,0.0069,0.0449,False,,,,2026-09-09T22:56:58Z,0.0068779766980866,open,,,,,draftkings,34118266,363187905.0,0QA363187905#2258120982_13L88808Q1-464941358Q20,Devontez Walker,,NFL,2+ TDs,player_touchdown,rushing_tds+receiving_tds,,34118266,2026-09-13T17:00:00.0000000Z,False
draftkings|0QA361399049#2250882672_13L88808Q1106346443Q20,props,over,2026-09-09T22:51:56Z,0.5331,0.0884,0.4447,False,,,,2026-09-09T22:56:58Z,0.0884238943096346,open,,,,,draftkings,34118140,361399049.0,0QA361399049#2250882672_13L88808Q1106346443Q20,Tee Higgins,,NFL,Anytime TD Scorer,player_touchdown,rushing_tds+receiving_tds,,34118140,2026-09-13T17:00:00.0000000Z,False
draftkings|0QA361399049#2250882688_13L88808Q1666446492Q20,props,over,2026-09-09T22:51:56Z,0.2134,0.0865,0.1269,False,,,,2026-09-09T22:56:58Z,0.0865016357376861,open,,,,,draftkings,34118140,361399049.0,0QA361399049#2250882688_13L88808Q1666446492Q20,Bucky Irving,,NFL,Anytime TD Scorer,player_touchdown,rushing_tds+receiving_tds,,34118140,2026-09-13T17:00:00.0000000Z,False
draftkings|0QA361399049#2250882691_13L88808Q1621783265Q20,props,over,2026-09-09T22:51:56Z,0.1618,0.0711,0.0907,False,,,,2026-09-09T22:56:58Z,0.0710549150702421,open,,,,,draftkings,34118140,361399049.0,0QA361399049#2250882691_13L88808Q1621783265Q20,Emeka Egbuka,,NFL,Anytime TD Scorer,player_touchdown,rushing_tds+receiving_tds,,34118140,2026-09-13T17:00:00.0000000Z,False
draftkings|0QA361399049#2250882690_13L88808Q1532397873Q20,props,over,2026-09-09T22:51:56Z,0.2563,0.0603,0.196,False,,,,2026-09-09T22:56:58Z,0.0602890188474782,open,,,,,draftkings,34118140,361399049.0,0QA361399049#2250882690_13L88808Q1532397873Q20,Chris Godwin,,NFL,Anytime TD Scorer,player_touchdown,rushing_tds+receiving_tds,,34118140,2026-09-13T17:00:00.0000000Z,False
draftkings|0QA361399049#2250882674_13L88808Q11111630045Q20,props,over,2026-09-09T22:51:56Z,0.2775,0.0452,0.2323,False,,,,2026-09-09T22:56:58Z,0.0452167641356086,open,,,,,draftkings,34118140,361399049.0,0QA361399049#2250882674_13L88808Q11111630045Q20,Samaje Perine,,NFL,Anytime TD Scorer,player_touchdown,rushing_tds+receiving_tds,,34118140,2026-09-13T17:00:00.0000000Z,False
draftkings|0QA361399049#2250882675_13L88808Q1-1846552455Q20,props,over,2026-09-09T22:51:56Z,0.2002,0.0442,0.1559,False,,,,2026-09-09T22:56:58Z,0.0442119471548173,open,,,,,draftkings,34118140,361399049.0,0QA361399049#2250882675_13L88808Q1-1846552455Q20,Mike Gesicki,,NFL,Anytime TD Scorer,player_touchdown,rushing_tds+receiving_tds,,34118140,2026-09-13T17:00:00.0000000Z,False
draftkings|0QA361399049#2250882696_13L88808Q1-1181521367Q20,props,over,2026-09-09T22:51:56Z,0.1881,0.0442,0.1439,False,,,,2026-09-09T22:56:58Z,0.0442119471548173,open,,,,,draftkings,34118140,361399049.0,0QA361399049#2250882696_13L88808Q1-1181521367Q20,Cade Otton,,NFL,Anytime TD Scorer,player_touchdown,rushing_tds+receiving_tds,,34118140,2026-09-13T17:00:00.0000000Z,False
draftkings|0QA361399049#2250882692_13L88808Q11141276074Q20,props,over,2026-09-09T22:51:56Z,0.3529,0.0398,0.3131,False,,,,2026-09-09T22:56:58Z,0.0397907524393356,open,,,,,draftkings,34118140,361399049.0,0QA361399049#2250882692_13L88808Q11141276074Q20,Sean Tucker,,NFL,Anytime TD Scorer,player_touchdown,rushing_tds+receiving_tds,,34118140,2026-09-13T17:00:00.0000000Z,False
draftkings|0QA361399049#2250882697_13L88808Q1-1654530021Q20,props,over,2026-09-09T22:51:56Z,0.1535,0.0332,0.1204,False,,,,2026-09-09T22:56:58Z,0.033158960366113,open,,,,,draftkings,34118140,361399049.0,0QA361399049#2250882697_13L88808Q1-1654530021Q20,Tez Johnson,,NFL,Anytime TD Scorer,player_touchdown,rushing_tds+receiving_tds,,34118140,2026-09-13T17:00:00.0000000Z,False
draftkings|0QA363175928#2258086108_13L88808Q11277985563Q20,props,over,2026-09-09T22:51:56Z,0.3114,0.1627,0.1487,False,,,,2026-09-09T22:56:58Z,0.1627225169796342,open,,,,,draftkings,34118140,363175928.0,0QA363175928#2258086108_13L88808Q11277985563Q20,Chase Brown,,NFL,2+ TDs,player_touchdown,rushing_tds+receiving_tds,,34118140,2026-09-13T17:00:00.0000000Z,False
draftkings|0QA363175928#2258086110_13L88808Q1-1865349726Q20,props,over,2026-09-09T22:51:56Z,0.1775,0.0985,0.079,False,,,,2026-09-09T22:56:58Z,0.0984899444876733,open,,,,,draftkings,34118140,363175928.0,0QA363175928#2258086110_13L88808Q1-1865349726Q20,Tee Higgins,,NFL,2+ TDs,player_touchdown,rushing_tds+receiving_tds,,34118140,2026-09-13T17:00:00.0000000Z,False
draftkings|0QA363175928#2258086127_13L88808Q1-1540780736Q20,props,over,2026-09-09T22:51:56Z,0.0713,0.0228,0.0484,False,,,,2026-09-09T22:56:58Z,0.0228208407959243,open,,,,,draftkings,34118140,363175928.0,0QA363175928#2258086127_13L88808Q1-1540780736Q20,Sean Tucker,,NFL,2+ TDs,player_touchdown,rushing_tds+receiving_tds,,34118140,2026-09-13T17:00:00.0000000Z,False
