flag_id,track,flagged_side,first_flagged_at,first_flagged_model_prob,first_flagged_market_price,first_flagged_edge,consensus_available,consensus_label,consensus_price,consensus_edge,last_seen_at,last_seen_market_price,status,closing_market_price,closing_pulled_at,price_moved,clv_edge_at_close,series_ticker,city_label,station_id,target_date,strike_type,floor_strike,cap_strike,forecast_kind,forecast_value_f,lead_days,model_sigma_f,sigma_source
KXHIGHTATL-26SEP07-T90,weather,yes,2026-09-09T17:35:00Z,0.9991,0.005,0.9941,False,,,,2026-09-09T17:35:00Z,0.005,open,,,,,KXHIGHTATL,Atlanta Max Temperature,KATL,2026-09-07,greater,90.0,,max,97.0,0,2.23,literature_placeholder
KXHIGHTATL-26SEP07-T83,weather,no,2026-09-09T17:35:00Z,1.0,0.945,0.055,False,,,,2026-09-09T17:35:00Z,0.945,open,,,,,KXHIGHTATL,Atlanta Max Temperature,KATL,2026-09-07,less,,83.0,max,97.0,0,2.23,literature_placeholder
KXHIGHTATL-26SEP07-B87.5,weather,no,2026-09-09T17:35:00Z,1.0,0.83,0.17,False,,,,2026-09-09T17:35:00Z,0.83,open,,,,,KXHIGHTATL,Atlanta Max Temperature,KATL,2026-09-07,between,87.0,88.0,max,97.0,0,2.23,literature_placeholder
KXHIGHTATL-26SEP07-B85.5,weather,no,2026-09-09T17:35:00Z,1.0,0.535,0.465,False,,,,2026-09-09T17:35:00Z,0.535,open,,,,,KXHIGHTATL,Atlanta Max Temperature,KATL,2026-09-07,between,85.0,86.0,max,97.0,0,2.23,literature_placeholder
KXHIGHTATL-26SEP07-B83.5,weather,no,2026-09-09T17:35:00Z,1.0,0.655,0.345,False,,,,2026-09-09T17:35:00Z,0.655,open,,,,,KXHIGHTATL,Atlanta Max Temperature,KATL,2026-09-07,between,83.0,84.0,max,97.0,0,2.23,literature_placeholder
KXHIGHPHIL-26SEP07-T85,weather,yes,2026-09-09T17:35:00Z,0.0365,0.005,0.0315,False,,,,2026-09-09T17:35:00Z,0.005,open,,,,,KXHIGHPHIL,Highest temperature in Philadelphia,KPHL,2026-09-07,greater,85.0,,max,81.0,0,2.23,literature_placeholder
KXHIGHPHIL-26SEP07-T78,weather,yes,2026-09-09T17:35:00Z,0.0894,0.005,0.0844,False,,,,2026-09-09T17:35:00Z,0.005,open,,,,,KXHIGHPHIL,Highest temperature in Philadelphia,KPHL,2026-09-07,less,,78.0,max,81.0,0,2.23,literature_placeholder
KXHIGHPHIL-26SEP07-B82.5,weather,no,2026-09-09T17:35:00Z,0.858,0.515,0.343,False,,,,2026-09-09T17:35:00Z,0.515,open,,,,,KXHIGHPHIL,Highest temperature in Philadelphia,KPHL,2026-09-07,between,82.0,83.0,max,81.0,0,2.23,literature_placeholder
KXHIGHPHIL-26SEP07-B80.5,weather,no,2026-09-09T17:35:00Z,0.827,0.525,0.302,False,,,,2026-09-09T17:35:00Z,0.525,open,,,,,KXHIGHPHIL,Highest temperature in Philadelphia,KPHL,2026-09-07,between,80.0,81.0,max,81.0,0,2.23,literature_placeholder
KXHIGHPHIL-26SEP07-B78.5,weather,yes,2026-09-09T17:35:00Z,0.0956,0.02,0.0756,False,,,,2026-09-09T17:35:00Z,0.02,open,,,,,KXHIGHPHIL,Highest temperature in Philadelphia,KPHL,2026-09-07,between,78.0,79.0,max,81.0,0,2.23,literature_placeholder
KXLOWTSDF-26SEP07-T66,weather,yes,2026-09-09T17:35:00Z,0.185,0.005,0.18,False,,,,2026-09-09T17:35:00Z,0.005,open,,,,,KXLOWTSDF,Lowest Temperature SDX,KSDF,2026-09-07,greater,66.0,,min,64.0,0,2.23,literature_placeholder
KXLOWTSDF-26SEP07-T59,weather,no,2026-09-09T17:35:00Z,0.9875,0.505,0.4825,False,,,,2026-09-09T17:35:00Z,0.505,open,,,,,KXLOWTSDF,Lowest Temperature SDX,KSDF,2026-09-07,less,,59.0,min,64.0,0,2.23,literature_placeholder
KXLOWTSDF-26SEP07-B65.5,weather,yes,2026-09-09T17:35:00Z,0.142,0.005,0.137,False,,,,2026-09-09T17:35:00Z,0.005,open,,,,,KXLOWTSDF,Lowest Temperature SDX,KSDF,2026-09-07,between,65.0,66.0,min,64.0,0,2.23,literature_placeholder
KXLOWTSDF-26SEP07-B63.5,weather,no,2026-09-09T17:35:00Z,0.827,0.505,0.322,False,,,,2026-09-09T17:35:00Z,0.505,open,,,,,KXLOWTSDF,Lowest Temperature SDX,KSDF,2026-09-07,between,63.0,64.0,min,64.0,0,2.23,literature_placeholder
KXLOWTSDF-26SEP07-B61.5,weather,no,2026-09-09T17:35:00Z,0.9044,0.505,0.3994,False,,,,2026-09-09T17:35:00Z,0.505,open,,,,,KXLOWTSDF,Lowest Temperature SDX,KSDF,2026-09-07,between,61.0,62.0,min,64.0,0,2.23,literature_placeholder
KXLOWTSDF-26SEP07-B59.5,weather,no,2026-09-09T17:35:00Z,0.976,0.505,0.471,False,,,,2026-09-09T17:35:00Z,0.505,open,,,,,KXLOWTSDF,Lowest Temperature SDX,KSDF,2026-09-07,between,59.0,60.0,min,64.0,0,2.23,literature_placeholder
KXLOWTOKC-26SEP07-T77,weather,yes,2026-09-09T17:35:00Z,0.327,0.005,0.322,False,,,,2026-09-09T17:35:00Z,0.005,open,,,,,KXLOWTOKC,Low Temperature Oklahoma City,KOKC,2026-09-07,greater,77.0,,min,76.0,0,2.23,literature_placeholder
KXLOWTOKC-26SEP07-B74.5,weather,no,2026-09-09T17:35:00Z,0.858,0.505,0.353,False,,,,2026-09-09T17:35:00Z,0.505,open,,,,,KXLOWTOKC,Low Temperature Oklahoma City,KOKC,2026-09-07,between,74.0,75.0,min,76.0,0,2.23,literature_placeholder
KXLOWTOKC-26SEP07-B72.5,weather,no,2026-09-09T17:35:00Z,0.9471,0.86,0.0871,False,,,,2026-09-09T17:35:00Z,0.86,open,,,,,KXLOWTOKC,Low Temperature Oklahoma City,KOKC,2026-09-07,between,72.0,73.0,min,76.0,0,2.23,literature_placeholder
KXLOWTOKC-26SEP07-B70.5,weather,no,2026-09-09T17:35:00Z,0.9911,0.94,0.0511,False,,,,2026-09-09T17:35:00Z,0.94,open,,,,,KXLOWTOKC,Low Temperature Oklahoma City,KOKC,2026-09-07,between,70.0,71.0,min,76.0,0,2.23,literature_placeholder
KXLOWTDEN-26SEP07-T67,weather,yes,2026-09-09T17:35:00Z,0.0894,0.02,0.0694,False,,,,2026-09-09T17:35:00Z,0.02,open,,,,,KXLOWTDEN,Lowest temperature in Denver,KDEN,2026-09-07,greater,67.0,,min,64.0,0,2.23,literature_placeholder
KXLOWTDEN-26SEP07-T60,weather,no,2026-09-09T17:35:00Z,0.9635,0.9,0.0635,False,,,,2026-09-09T17:35:00Z,0.9,open,,,,,KXLOWTDEN,Lowest temperature in Denver,KDEN,2026-09-07,less,,60.0,min,64.0,0,2.23,literature_placeholder
KXLOWTDEN-26SEP07-B66.5,weather,yes,2026-09-09T17:35:00Z,0.0956,0.065,0.0306,False,,,,2026-09-09T17:35:00Z,0.065,open,,,,,KXLOWTDEN,Lowest temperature in Denver,KDEN,2026-09-07,between,66.0,67.0,min,64.0,0,2.23,literature_placeholder
KXLOWTDEN-26SEP07-B64.5,weather,no,2026-09-09T17:35:00Z,0.827,0.715,0.112,False,,,,2026-09-09T17:35:00Z,0.715,open,,,,,KXLOWTDEN,Lowest temperature in Denver,KDEN,2026-09-07,between,64.0,65.0,min,64.0,0,2.23,literature_placeholder
KXLOWTDEN-26SEP07-B62.5,weather,no,2026-09-09T17:35:00Z,0.858,0.665,0.193,False,,,,2026-09-09T17:35:00Z,0.665,open,,,,,KXLOWTDEN,Lowest temperature in Denver,KDEN,2026-09-07,between,62.0,63.0,min,64.0,0,2.23,literature_placeholder
KXLOWTDEN-26SEP07-B60.5,weather,no,2026-09-09T17:35:00Z,0.9471,0.78,0.1671,False,,,,2026-09-09T17:35:00Z,0.78,open,,,,,KXLOWTDEN,Lowest temperature in Denver,KDEN,2026-09-07,between,60.0,61.0,min,64.0,0,2.23,literature_placeholder
KXHIGHTBOS-26SEP07-T75,weather,yes,2026-09-09T17:35:00Z,0.327,0.02,0.307,False,,,,2026-09-09T17:35:00Z,0.02,open,,,,,KXHIGHTBOS,Boston Maximum Daily Temperature,KBOS,2026-09-07,less,,75.0,max,76.0,0,2.23,literature_placeholder
KXHIGHTBOS-26SEP07-B81.5,weather,no,2026-09-09T17:35:00Z,0.9911,0.765,0.2261,False,,,,2026-09-09T17:35:00Z,0.765,open,,,,,KXHIGHTBOS,Boston Maximum Daily Temperature,KBOS,2026-09-07,between,81.0,82.0,max,76.0,0,2.23,literature_placeholder
KXHIGHTBOS-26SEP07-B79.5,weather,no,2026-09-09T17:35:00Z,0.9471,0.395,0.5521,False,,,,2026-09-09T17:35:00Z,0.395,open,,,,,KXHIGHTBOS,Boston Maximum Daily Temperature,KBOS,2026-09-07,between,79.0,80.0,max,76.0,0,2.23,literature_placeholder
KXHIGHTBOS-26SEP07-B75.5,weather,yes,2026-09-09T17:35:00Z,0.173,0.015,0.158,False,,,,2026-09-09T17:35:00Z,0.015,open,,,,,KXHIGHTBOS,Boston Maximum Daily Temperature,KBOS,2026-09-07,between,75.0,76.0,max,76.0,0,2.23,literature_placeholder
KXLOWTCHI-26SEP07-B65.5,weather,no,2026-09-09T17:35:00Z,0.858,0.325,0.533,False,,,,2026-09-09T17:35:00Z,0.325,open,,,,,KXLOWTCHI,Lowest Temperature Chicago,KMDW,2026-09-07,between,65.0,66.0,min,64.0,0,2.23,literature_placeholder
KXLOWTCHI-26SEP07-B61.5,weather,yes,2026-09-09T17:35:00Z,0.0956,0.015,0.0806,False,,,,2026-09-09T17:35:00Z,0.015,open,,,,,KXLOWTCHI,Lowest Temperature Chicago,KMDW,2026-09-07,between,61.0,62.0,min,64.0,0,2.23,literature_placeholder
KXLOWTMIN-26SEP07-T70,weather,yes,2026-09-09T17:35:00Z,0.185,0.005,0.18,False,,,,2026-09-09T17:35:00Z,0.005,open,,,,,KXLOWTMIN,Low  temperature Minnesota,KMSP,2026-09-07,greater,70.0,,min,68.0,0,2.23,literature_placeholder
KXLOWTMIN-26SEP07-B69.5,weather,no,2026-09-09T17:35:00Z,0.858,0.3,0.558,False,,,,2026-09-09T17:35:00Z,0.3,open,,,,,KXLOWTMIN,Low  temperature Minnesota,KMSP,2026-09-07,between,69.0,70.0,min,68.0,0,2.23,literature_placeholder
KXLOWTMIN-26SEP07-B67.5,weather,no,2026-09-09T17:35:00Z,0.827,0.685,0.142,False,,,,2026-09-09T17:35:00Z,0.685,open,,,,,KXLOWTMIN,Low  temperature Minnesota,KMSP,2026-09-07,between,67.0,68.0,min,68.0,0,2.23,literature_placeholder
KXLOWTMIN-26SEP07-B65.5,weather,yes,2026-09-09T17:35:00Z,0.0956,0.015,0.0806,False,,,,2026-09-09T17:35:00Z,0.015,open,,,,,KXLOWTMIN,Low  temperature Minnesota,KMSP,2026-09-07,between,65.0,66.0,min,68.0,0,2.23,literature_placeholder
KXLOWTATL-26SEP07-T75,weather,yes,2026-09-09T17:35:00Z,0.185,0.005,0.18,False,,,,2026-09-09T17:35:00Z,0.005,open,,,,,KXLOWTATL,Low Temperature Atlanta,KATL,2026-09-07,greater,75.0,,min,73.0,0,2.23,literature_placeholder
KXLOWTATL-26SEP07-B74.5,weather,yes,2026-09-09T17:35:00Z,0.142,0.005,0.137,False,,,,2026-09-09T17:35:00Z,0.005,open,,,,,KXLOWTATL,Low Temperature Atlanta,KATL,2026-09-07,between,74.0,75.0,min,73.0,0,2.23,literature_placeholder
KXLOWTATL-26SEP07-B72.5,weather,no,2026-09-09T17:35:00Z,0.827,0.25,0.577,False,,,,2026-09-09T17:35:00Z,0.25,open,,,,,KXLOWTATL,Low Temperature Atlanta,KATL,2026-09-07,between,72.0,73.0,min,73.0,0,2.23,literature_placeholder
KXLOWTATL-26SEP07-B70.5,weather,no,2026-09-09T17:35:00Z,0.9044,0.725,0.1794,False,,,,2026-09-09T17:35:00Z,0.725,open,,,,,KXLOWTATL,Low Temperature Atlanta,KATL,2026-09-07,between,70.0,71.0,min,73.0,0,2.23,literature_placeholder
KXHIGHCHI-26SEP07-T76,weather,yes,2026-09-09T17:35:00Z,0.0894,0.005,0.0844,False,,,,2026-09-09T17:35:00Z,0.005,open,,,,,KXHIGHCHI,Highest temperature in Chicago,KMDW,2026-09-07,less,,76.0,max,79.0,0,2.23,literature_placeholder
KXHIGHCHI-26SEP07-B80.5,weather,no,2026-09-09T17:35:00Z,0.858,0.395,0.463,False,,,,2026-09-09T17:35:00Z,0.395,open,,,,,KXHIGHCHI,Highest temperature in Chicago,KMDW,2026-09-07,between,80.0,81.0,max,79.0,0,2.23,literature_placeholder
KXHIGHCHI-26SEP07-B78.5,weather,no,2026-09-09T17:35:00Z,0.827,0.675,0.152,False,,,,2026-09-09T17:35:00Z,0.675,open,,,,,KXHIGHCHI,Highest temperature in Chicago,KMDW,2026-09-07,between,78.0,79.0,max,79.0,0,2.23,literature_placeholder
KXHIGHCHI-26SEP07-B76.5,weather,yes,2026-09-09T17:35:00Z,0.0956,0.035,0.0606,False,,,,2026-09-09T17:35:00Z,0.035,open,,,,,KXHIGHCHI,Highest temperature in Chicago,KMDW,2026-09-07,between,76.0,77.0,max,79.0,0,2.23,literature_placeholder
KXLOWTAUS-26SEP07-T77,weather,yes,2026-09-09T17:35:00Z,0.185,0.005,0.18,False,,,,2026-09-09T17:35:00Z,0.005,open,,,,,KXLOWTAUS,Lowest temperature in Austin,KAUS,2026-09-07,greater,77.0,,min,75.0,0,2.23,literature_placeholder
KXLOWTAUS-26SEP07-B76.5,weather,yes,2026-09-09T17:35:00Z,0.142,0.065,0.077,False,,,,2026-09-09T17:35:00Z,0.065,open,,,,,KXLOWTAUS,Lowest temperature in Austin,KAUS,2026-09-07,between,76.0,77.0,min,75.0,0,2.23,literature_placeholder
KXLOWTAUS-26SEP07-B74.5,weather,no,2026-09-09T17:35:00Z,0.827,0.365,0.462,False,,,,2026-09-09T17:35:00Z,0.365,open,,,,,KXLOWTAUS,Lowest temperature in Austin,KAUS,2026-09-07,between,74.0,75.0,min,75.0,0,2.23,literature_placeholder
KXLOWTAUS-26SEP07-B72.5,weather,no,2026-09-09T17:35:00Z,0.9044,0.705,0.1994,False,,,,2026-09-09T17:35:00Z,0.705,open,,,,,KXLOWTAUS,Lowest temperature in Austin,KAUS,2026-09-07,between,72.0,73.0,min,75.0,0,2.23,literature_placeholder
KXHIGHMIA-26SEP07-T93,weather,yes,2026-09-09T17:35:00Z,0.185,0.145,0.04,False,,,,2026-09-09T17:35:00Z,0.145,open,,,,,KXHIGHMIA,Highest temperature in Miami,KMIA,2026-09-07,greater,93.0,,max,91.0,0,2.23,literature_placeholder
KXHIGHMIA-26SEP07-B92.5,weather,no,2026-09-09T17:35:00Z,0.858,0.405,0.453,False,,,,2026-09-09T17:35:00Z,0.405,open,,,,,KXHIGHMIA,Highest temperature in Miami,KMIA,2026-09-07,between,92.0,93.0,max,91.0,0,2.23,literature_placeholder
KXHIGHMIA-26SEP07-B90.5,weather,no,2026-09-09T17:35:00Z,0.827,0.79,0.037,False,,,,2026-09-09T17:35:00Z,0.79,open,,,,,KXHIGHMIA,Highest temperature in Miami,KMIA,2026-09-07,between,90.0,91.0,max,91.0,0,2.23,literature_placeholder
KXHIGHMIA-26SEP07-B88.5,weather,yes,2026-09-09T17:35:00Z,0.0956,0.045,0.0506,False,,,,2026-09-09T17:35:00Z,0.045,open,,,,,KXHIGHMIA,Highest temperature in Miami,KMIA,2026-09-07,between,88.0,89.0,max,91.0,0,2.23,literature_placeholder
KXLOWTDAL-26SEP07-T81,weather,yes,2026-09-09T17:35:00Z,0.327,0.045,0.282,False,,,,2026-09-09T17:35:00Z,0.045,open,,,,,KXLOWTDAL,Lowest temperature Dallas,KDFW,2026-09-07,greater,81.0,,min,80.0,0,2.23,literature_placeholder
KXLOWTDAL-26SEP07-B80.5,weather,no,2026-09-09T17:35:00Z,0.827,0.63,0.197,False,,,,2026-09-09T17:35:00Z,0.63,open,,,,,KXLOWTDAL,Lowest temperature Dallas,KDFW,2026-09-07,between,80.0,81.0,min,80.0,0,2.23,literature_placeholder
KXLOWTDAL-26SEP07-B78.5,weather,no,2026-09-09T17:35:00Z,0.858,0.385,0.473,False,,,,2026-09-09T17:35:00Z,0.385,open,,,,,KXLOWTDAL,Lowest temperature Dallas,KDFW,2026-09-07,between,78.0,79.0,min,80.0,0,2.23,literature_placeholder
KXLOWTDC-26SEP07-T67,weather,yes,2026-09-09T17:35:00Z,0.185,0.005,0.18,False,,,,2026-09-09T17:35:00Z,0.005,open,,,,,KXLOWTDC,Lowest Temperature DC ,KDCA,2026-09-07,greater,67.0,,min,65.0,0,2.23,literature_placeholder
KXLOWTDC-26SEP07-B66.5,weather,yes,2026-09-09T17:35:00Z,0.142,0.005,0.137,False,,,,2026-09-09T17:35:00Z,0.005,open,,,,,KXLOWTDC,Lowest Temperature DC ,KDCA,2026-09-07,between,66.0,67.0,min,65.0,0,2.23,literature_placeholder
KXLOWTDC-26SEP07-B64.5,weather,no,2026-09-09T17:35:00Z,0.827,0.155,0.672,False,,,,2026-09-09T17:35:00Z,0.155,open,,,,,KXLOWTDC,Lowest Temperature DC ,KDCA,2026-09-07,between,64.0,65.0,min,65.0,0,2.23,literature_placeholder
KXLOWTDC-26SEP07-B62.5,weather,yes,2026-09-09T17:35:00Z,0.0956,0.065,0.0306,False,,,,2026-09-09T17:35:00Z,0.065,open,,,,,KXLOWTDC,Lowest Temperature DC ,KDCA,2026-09-07,between,62.0,63.0,min,65.0,0,2.23,literature_placeholder
KXLOWTSATX-26SEP07-T78,weather,yes,2026-09-09T17:35:00Z,0.327,0.155,0.172,False,,,,2026-09-09T17:35:00Z,0.155,open,,,,,KXLOWTSATX,Lowest Temperature SATX,KSAT,2026-09-07,greater,78.0,,min,77.0,0,2.23,literature_placeholder
KXLOWTSATX-26SEP07-B77.5,weather,no,2026-09-09T17:35:00Z,0.827,0.39,0.437,False,,,,2026-09-09T17:35:00Z,0.39,open,,,,,KXLOWTSATX,Lowest Temperature SATX,KSAT,2026-09-07,between,77.0,78.0,min,77.0,0,2.23,literature_placeholder
KXLOWTSATX-26SEP07-B75.5,weather,yes,2026-09-09T17:35:00Z,0.142,0.035,0.107,False,,,,2026-09-09T17:35:00Z,0.035,open,,,,,KXLOWTSATX,Lowest Temperature SATX,KSAT,2026-09-07,between,75.0,76.0,min,77.0,0,2.23,literature_placeholder
KXLOWTLAX-26SEP07-T70,weather,no,2026-09-09T17:35:00Z,0.5,0.33,0.17,False,,,,2026-09-09T17:35:00Z,0.33,open,,,,,KXLOWTLAX,Lowest Temperature in LA,KLAX,2026-09-07,greater,70.0,,min,70.0,0,2.23,literature_placeholder
KXLOWTLAX-26SEP07-B69.5,weather,no,2026-09-09T17:35:00Z,0.827,0.705,0.122,False,,,,2026-09-09T17:35:00Z,0.705,open,,,,,KXLOWTLAX,Lowest Temperature in LA,KLAX,2026-09-07,between,69.0,70.0,min,70.0,0,2.23,literature_placeholder
KXLOWTLAX-26SEP07-B67.5,weather,yes,2026-09-09T17:35:00Z,0.0956,0.01,0.0856,False,,,,2026-09-09T17:35:00Z,0.01,open,,,,,KXLOWTLAX,Lowest Temperature in LA,KLAX,2026-09-07,between,67.0,68.0,min,70.0,0,2.23,literature_placeholder
KXLOWTHOU-26SEP07-T79,weather,yes,2026-09-09T17:35:00Z,0.327,0.005,0.322,False,,,,2026-09-09T17:35:00Z,0.005,open,,,,,KXLOWTHOU,Low Temperature Houston,KHOU,2026-09-07,greater,79.0,,min,78.0,0,2.23,literature_placeholder
KXLOWTHOU-26SEP07-B78.5,weather,no,2026-09-09T17:35:00Z,0.827,0.365,0.462,False,,,,2026-09-09T17:35:00Z,0.365,open,,,,,KXLOWTHOU,Low Temperature Houston,KHOU,2026-09-07,between,78.0,79.0,min,78.0,0,2.23,literature_placeholder
KXLOWTHOU-26SEP07-B76.5,weather,no,2026-09-09T17:35:00Z,0.858,0.725,0.133,False,,,,2026-09-09T17:35:00Z,0.725,open,,,,,KXLOWTHOU,Low Temperature Houston,KHOU,2026-09-07,between,76.0,77.0,min,78.0,0,2.23,literature_placeholder
KXHIGHTMIN-26SEP07-T79,weather,yes,2026-09-09T17:35:00Z,0.185,0.06,0.125,False,,,,2026-09-09T17:35:00Z,0.06,open,,,,,KXHIGHTMIN,Minneapolis Daily High Temperature,KMSP,2026-09-07,less,,79.0,max,81.0,0,2.23,literature_placeholder
KXHIGHTMIN-26SEP07-B85.5,weather,no,2026-09-09T17:35:00Z,0.976,0.925,0.051,False,,,,2026-09-09T17:35:00Z,0.925,open,,,,,KXHIGHTMIN,Minneapolis Daily High Temperature,KMSP,2026-09-07,between,85.0,86.0,max,81.0,0,2.23,literature_placeholder
KXHIGHTMIN-26SEP07-B83.5,weather,no,2026-09-09T17:35:00Z,0.9044,0.595,0.3094,False,,,,2026-09-09T17:35:00Z,0.595,open,,,,,KXHIGHTMIN,Minneapolis Daily High Temperature,KMSP,2026-09-07,between,83.0,84.0,max,81.0,0,2.23,literature_placeholder
KXHIGHTMIN-26SEP07-B81.5,weather,no,2026-09-09T17:35:00Z,0.827,0.725,0.102,False,,,,2026-09-09T17:35:00Z,0.725,open,,,,,KXHIGHTMIN,Minneapolis Daily High Temperature,KMSP,2026-09-07,between,81.0,82.0,max,81.0,0,2.23,literature_placeholder
KXHIGHNY-26SEP07-T77,weather,yes,2026-09-09T17:35:00Z,0.9106,0.015,0.8956,False,,,,2026-09-09T17:35:00Z,0.015,open,,,,,KXHIGHNY,Highest temperature in NYC,KNYC,2026-09-07,less,,77.0,max,74.0,0,2.23,literature_placeholder
KXHIGHNY-26SEP07-B81.5,weather,no,2026-09-09T17:35:00Z,0.9993,0.915,0.0843,False,,,,2026-09-09T17:35:00Z,0.915,open,,,,,KXHIGHNY,Highest temperature in NYC,KNYC,2026-09-07,between,81.0,82.0,max,74.0,0,2.23,literature_placeholder
KXHIGHNY-26SEP07-B79.5,weather,no,2026-09-09T17:35:00Z,0.9911,0.42,0.5711,False,,,,2026-09-09T17:35:00Z,0.42,open,,,,,KXHIGHNY,Highest temperature in NYC,KNYC,2026-09-07,between,79.0,80.0,max,74.0,0,2.23,literature_placeholder
KXHIGHNY-26SEP07-B77.5,weather,no,2026-09-09T17:35:00Z,0.9471,0.665,0.2821,False,,,,2026-09-09T17:35:00Z,0.665,open,,,,,KXHIGHNY,Highest temperature in NYC,KNYC,2026-09-07,between,77.0,78.0,max,74.0,0,2.23,literature_placeholder
KXLOWTMIA-26SEP07-T79,weather,yes,2026-09-09T17:35:00Z,0.327,0.005,0.322,False,,,,2026-09-09T17:35:00Z,0.005,open,,,,,KXLOWTMIA,Lowest temperature in Miami,KMIA,2026-09-07,greater,79.0,,min,78.0,0,2.23,literature_placeholder
KXLOWTMIA-26SEP07-B78.5,weather,no,2026-09-09T17:35:00Z,0.827,0.35,0.477,False,,,,2026-09-09T17:35:00Z,0.35,open,,,,,KXLOWTMIA,Lowest temperature in Miami,KMIA,2026-09-07,between,78.0,79.0,min,78.0,0,2.23,literature_placeholder
KXLOWTMIA-26SEP07-B76.5,weather,no,2026-09-09T17:35:00Z,0.858,0.775,0.083,False,,,,2026-09-09T17:35:00Z,0.775,open,,,,,KXLOWTMIA,Lowest temperature in Miami,KMIA,2026-09-07,between,76.0,77.0,min,78.0,0,2.23,literature_placeholder
KXLOWTMIA-26SEP07-B74.5,weather,no,2026-09-09T17:35:00Z,0.9471,0.885,0.0621,False,,,,2026-09-09T17:35:00Z,0.885,open,,,,,KXLOWTMIA,Lowest temperature in Miami,KMIA,2026-09-07,between,74.0,75.0,min,78.0,0,2.23,literature_placeholder
KXLOWTSEA-26SEP07-T56,weather,yes,2026-09-09T17:35:00Z,0.327,0.115,0.212,False,,,,2026-09-09T17:35:00Z,0.115,open,,,,,KXLOWTSEA,Low Temperature Seattle,KSEA,2026-09-07,greater,56.0,,min,55.0,0,2.23,literature_placeholder
KXLOWTSEA-26SEP07-B55.5,weather,no,2026-09-09T17:35:00Z,0.827,0.345,0.482,False,,,,2026-09-09T17:35:00Z,0.345,open,,,,,KXLOWTSEA,Low Temperature Seattle,KSEA,2026-09-07,between,55.0,56.0,min,55.0,0,2.23,literature_placeholder
KXLOWTNYC-26SEP07-T64,weather,yes,2026-09-09T17:35:00Z,0.0365,0.005,0.0315,False,,,,2026-09-09T17:35:00Z,0.005,open,,,,,KXLOWTNYC,Lowest temperature in NYC,KNYC,2026-09-07,greater,64.0,,min,60.0,0,2.23,literature_placeholder
KXLOWTNYC-26SEP07-T57,weather,yes,2026-09-09T17:35:00Z,0.0894,0.005,0.0844,False,,,,2026-09-09T17:35:00Z,0.005,open,,,,,KXLOWTNYC,Lowest temperature in NYC,KNYC,2026-09-07,less,,57.0,min,60.0,0,2.23,literature_placeholder
KXLOWTNYC-26SEP07-B61.5,weather,no,2026-09-09T17:35:00Z,0.858,0.39,0.468,False,,,,2026-09-09T17:35:00Z,0.39,open,,,,,KXLOWTNYC,Lowest temperature in NYC,KNYC,2026-09-07,between,61.0,62.0,min,60.0,0,2.23,literature_placeholder
KXLOWTNYC-26SEP07-B59.5,weather,no,2026-09-09T17:35:00Z,0.827,0.71,0.117,False,,,,2026-09-09T17:35:00Z,0.71,open,,,,,KXLOWTNYC,Lowest temperature in NYC,KNYC,2026-09-07,between,59.0,60.0,min,60.0,0,2.23,literature_placeholder
KXLOWTNYC-26SEP07-B57.5,weather,yes,2026-09-09T17:35:00Z,0.0956,0.015,0.0806,False,,,,2026-09-09T17:35:00Z,0.015,open,,,,,KXLOWTNYC,Lowest temperature in NYC,KNYC,2026-09-07,between,57.0,58.0,min,60.0,0,2.23,literature_placeholder
KXHIGHTTTN-26SEP07-T77,weather,yes,2026-09-09T17:35:00Z,0.185,0.04,0.145,False,,,,2026-09-09T17:35:00Z,0.04,open,,,,,KXHIGHTTTN,"Trenton, NJ Daily Max Temp",KTTN,2026-09-07,less,,77.0,max,79.0,0,2.23,literature_placeholder
KXHIGHTTTN-26SEP07-B81.5,weather,no,2026-09-09T17:35:00Z,0.9044,0.785,0.1194,False,,,,2026-09-09T17:35:00Z,0.785,open,,,,,KXHIGHTTTN,"Trenton, NJ Daily Max Temp",KTTN,2026-09-07,between,81.0,82.0,max,79.0,0,2.23,literature_placeholder
KXHIGHTTTN-26SEP07-B79.5,weather,no,2026-09-09T17:35:00Z,0.827,0.21,0.617,False,,,,2026-09-09T17:35:00Z,0.21,open,,,,,KXHIGHTTTN,"Trenton, NJ Daily Max Temp",KTTN,2026-09-07,between,79.0,80.0,max,79.0,0,2.23,literature_placeholder
KXHIGHTTTN-26SEP07-B77.5,weather,yes,2026-09-09T17:35:00Z,0.142,0.075,0.067,False,,,,2026-09-09T17:35:00Z,0.075,open,,,,,KXHIGHTTTN,"Trenton, NJ Daily Max Temp",KTTN,2026-09-07,between,77.0,78.0,max,79.0,0,2.23,literature_placeholder
KXHIGHTLV-26SEP07-T91,weather,yes,2026-09-09T17:35:00Z,0.9964,0.005,0.9914,False,,,,2026-09-09T17:35:00Z,0.005,open,,,,,KXHIGHTLV,Las Vegas Max Daily Temperature,KLAS,2026-09-07,less,,91.0,max,85.0,0,2.23,literature_placeholder
KXHIGHTLV-26SEP07-B97.5,weather,no,2026-09-09T17:35:00Z,1.0,0.89,0.11,False,,,,2026-09-09T17:35:00Z,0.89,open,,,,,KXHIGHTLV,Las Vegas Max Daily Temperature,KLAS,2026-09-07,between,97.0,98.0,max,85.0,0,2.23,literature_placeholder
KXHIGHTLV-26SEP07-B95.5,weather,no,2026-09-09T17:35:00Z,1.0,0.425,0.575,False,,,,2026-09-09T17:35:00Z,0.425,open,,,,,KXHIGHTLV,Las Vegas Max Daily Temperature,KLAS,2026-09-07,between,95.0,96.0,max,85.0,0,2.23,literature_placeholder
KXHIGHTLV-26SEP07-B93.5,weather,no,2026-09-09T17:35:00Z,0.9999,0.745,0.2549,False,,,,2026-09-09T17:35:00Z,0.745,open,,,,,KXHIGHTLV,Las Vegas Max Daily Temperature,KLAS,2026-09-07,between,93.0,94.0,max,85.0,0,2.23,literature_placeholder
KXLOWTSAN-26SEP07-T66,weather,no,2026-09-09T17:35:00Z,0.9991,0.505,0.4941,False,,,,2026-09-09T17:35:00Z,0.505,open,,,,,KXLOWTSAN,Low Temperature San Diego,KSAN,2026-09-07,less,,66.0,min,73.0,0,2.23,literature_placeholder
KXLOWTSAN-26SEP07-B72.5,weather,no,2026-09-09T17:35:00Z,0.827,0.505,0.322,False,,,,2026-09-09T17:35:00Z,0.505,open,,,,,KXLOWTSAN,Low Temperature San Diego,KSAN,2026-09-07,between,72.0,73.0,min,73.0,0,2.23,literature_placeholder
KXLOWTSAN-26SEP07-B70.5,weather,no,2026-09-09T17:35:00Z,0.9044,0.5,0.4044,False,,,,2026-09-09T17:35:00Z,0.5,open,,,,,KXLOWTSAN,Low Temperature San Diego,KSAN,2026-09-07,between,70.0,71.0,min,73.0,0,2.23,literature_placeholder
KXLOWTSAN-26SEP07-B68.5,weather,no,2026-09-09T17:35:00Z,0.976,0.5,0.476,False,,,,2026-09-09T17:35:00Z,0.5,open,,,,,KXLOWTSAN,Low Temperature San Diego,KSAN,2026-09-07,between,68.0,69.0,min,73.0,0,2.23,literature_placeholder
KXLOWTSAN-26SEP07-B66.5,weather,no,2026-09-09T17:35:00Z,0.9973,0.5,0.4973,False,,,,2026-09-09T17:35:00Z,0.5,open,,,,,KXLOWTSAN,Low Temperature San Diego,KSAN,2026-09-07,between,66.0,67.0,min,73.0,0,2.23,literature_placeholder
KXLOWTBOS-26SEP07-T60,weather,yes,2026-09-09T17:35:00Z,0.327,0.005,0.322,False,,,,2026-09-09T17:35:00Z,0.005,open,,,,,KXLOWTBOS,Low Temperature Boston,KBOS,2026-09-07,greater,60.0,,min,59.0,0,2.23,literature_placeholder
KXLOWTBOS-26SEP07-B59.5,weather,no,2026-09-09T17:35:00Z,0.827,0.745,0.082,False,,,,2026-09-09T17:35:00Z,0.745,open,,,,,KXLOWTBOS,Low Temperature Boston,KBOS,2026-09-07,between,59.0,60.0,min,59.0,0,2.23,literature_placeholder
KXLOWTBOS-26SEP07-B57.5,weather,no,2026-09-09T17:35:00Z,0.858,0.3,0.558,False,,,,2026-09-09T17:35:00Z,0.3,open,,,,,KXLOWTBOS,Low Temperature Boston,KBOS,2026-09-07,between,57.0,58.0,min,59.0,0,2.23,literature_placeholder
KXHIGHTDC-26SEP07-T88,weather,yes,2026-09-09T17:35:00Z,0.0365,0.005,0.0315,False,,,,2026-09-09T17:35:00Z,0.005,open,,,,,KXHIGHTDC,Washington DC Daily Max Temp,KDCA,2026-09-07,greater,88.0,,max,84.0,0,2.23,literature_placeholder
KXHIGHTDC-26SEP07-T81,weather,yes,2026-09-09T17:35:00Z,0.0894,0.035,0.0544,False,,,,2026-09-09T17:35:00Z,0.035,open,,,,,KXHIGHTDC,Washington DC Daily Max Temp,KDCA,2026-09-07,less,,81.0,max,84.0,0,2.23,literature_placeholder
KXHIGHTDC-26SEP07-B83.5,weather,no,2026-09-09T17:35:00Z,0.827,0.34,0.487,False,,,,2026-09-09T17:35:00Z,0.34,open,,,,,KXHIGHTDC,Washington DC Daily Max Temp,KDCA,2026-09-07,between,83.0,84.0,max,84.0,0,2.23,literature_placeholder
KXLOWTEWR-26SEP07-T62,weather,no,2026-09-09T17:35:00Z,0.815,0.515,0.3,False,,,,2026-09-09T17:35:00Z,0.515,open,,,,,KXLOWTEWR,"Newark, NJ (EWR) Daily Low Temp",KEWR,2026-09-07,greater,62.0,,min,60.0,0,2.23,literature_placeholder
KXLOWTEWR-26SEP07-T55,weather,no,2026-09-09T17:35:00Z,0.9875,0.525,0.4625,False,,,,2026-09-09T17:35:00Z,0.525,open,,,,,KXLOWTEWR,"Newark, NJ (EWR) Daily Low Temp",KEWR,2026-09-07,less,,55.0,min,60.0,0,2.23,literature_placeholder
KXLOWTEWR-26SEP07-B61.5,weather,no,2026-09-09T17:35:00Z,0.858,0.53,0.328,False,,,,2026-09-09T17:35:00Z,0.53,open,,,,,KXLOWTEWR,"Newark, NJ (EWR) Daily Low Temp",KEWR,2026-09-07,between,61.0,62.0,min,60.0,0,2.23,literature_placeholder
KXLOWTEWR-26SEP07-B59.5,weather,no,2026-09-09T17:35:00Z,0.827,0.515,0.312,False,,,,2026-09-09T17:35:00Z,0.515,open,,,,,KXLOWTEWR,"Newark, NJ (EWR) Daily Low Temp",KEWR,2026-09-07,between,59.0,60.0,min,60.0,0,2.23,literature_placeholder
KXLOWTEWR-26SEP07-B57.5,weather,no,2026-09-09T17:35:00Z,0.9044,0.515,0.3894,False,,,,2026-09-09T17:35:00Z,0.515,open,,,,,KXLOWTEWR,"Newark, NJ (EWR) Daily Low Temp",KEWR,2026-09-07,between,57.0,58.0,min,60.0,0,2.23,literature_placeholder
KXLOWTEWR-26SEP07-B55.5,weather,no,2026-09-09T17:35:00Z,0.976,0.53,0.446,False,,,,2026-09-09T17:35:00Z,0.53,open,,,,,KXLOWTEWR,"Newark, NJ (EWR) Daily Low Temp",KEWR,2026-09-07,between,55.0,56.0,min,60.0,0,2.23,literature_placeholder
KXHIGHTDAL-26SEP07-T99,weather,yes,2026-09-09T17:35:00Z,0.327,0.045,0.282,False,,,,2026-09-09T17:35:00Z,0.045,open,,,,,KXHIGHTDAL,Dallas Maximum Temperature,KDFW,2026-09-07,less,,99.0,max,100.0,0,2.23,literature_placeholder
KXHIGHTDAL-26SEP07-B99.5,weather,no,2026-09-09T17:35:00Z,0.827,0.765,0.062,False,,,,2026-09-09T17:35:00Z,0.765,open,,,,,KXHIGHTDAL,Dallas Maximum Temperature,KDFW,2026-09-07,between,99.0,100.0,max,100.0,0,2.23,literature_placeholder
KXHIGHTDAL-26SEP07-B101.5,weather,no,2026-09-09T17:35:00Z,0.858,0.375,0.483,False,,,,2026-09-09T17:35:00Z,0.375,open,,,,,KXHIGHTDAL,Dallas Maximum Temperature,KDFW,2026-09-07,between,101.0,102.0,max,100.0,0,2.23,literature_placeholder
KXLOWTLV-26SEP07-T71,weather,yes,2026-09-09T17:35:00Z,0.815,0.63,0.185,False,,,,2026-09-09T17:35:00Z,0.63,open,,,,,KXLOWTLV,Las Vegas Daily Low Temperature,KLAS,2026-09-07,greater,71.0,,min,73.0,0,2.23,literature_placeholder
KXLOWTLV-26SEP07-B70.5,weather,no,2026-09-09T17:35:00Z,0.9044,0.73,0.1744,False,,,,2026-09-09T17:35:00Z,0.73,open,,,,,KXLOWTLV,Las Vegas Daily Low Temperature,KLAS,2026-09-07,between,70.0,71.0,min,73.0,0,2.23,literature_placeholder
KXLOWTLV-26SEP07-B68.5,weather,no,2026-09-09T17:35:00Z,0.976,0.875,0.101,False,,,,2026-09-09T17:35:00Z,0.875,open,,,,,KXLOWTLV,Las Vegas Daily Low Temperature,KLAS,2026-09-07,between,68.0,69.0,min,73.0,0,2.23,literature_placeholder
KXHIGHTOKC-26SEP07-T97,weather,yes,2026-09-09T17:35:00Z,0.0365,0.005,0.0315,False,,,,2026-09-09T17:35:00Z,0.005,open,,,,,KXHIGHTOKC,Oklahoma City Maximum High Temperature,KOKC,2026-09-07,less,,97.0,max,101.0,0,2.23,literature_placeholder
KXHIGHTOKC-26SEP07-T104,weather,yes,2026-09-09T17:35:00Z,0.0894,0.005,0.0844,False,,,,2026-09-09T17:35:00Z,0.005,open,,,,,KXHIGHTOKC,Oklahoma City Maximum High Temperature,KOKC,2026-09-07,greater,104.0,,max,101.0,0,2.23,literature_placeholder
KXHIGHTOKC-26SEP07-B99.5,weather,no,2026-09-09T17:35:00Z,0.858,0.71,0.148,False,,,,2026-09-09T17:35:00Z,0.71,open,,,,,KXHIGHTOKC,Oklahoma City Maximum High Temperature,KOKC,2026-09-07,between,99.0,100.0,max,101.0,0,2.23,literature_placeholder
KXHIGHTOKC-26SEP07-B97.5,weather,yes,2026-09-09T17:35:00Z,0.0529,0.015,0.0379,False,,,,2026-09-09T17:35:00Z,0.015,open,,,,,KXHIGHTOKC,Oklahoma City Maximum High Temperature,KOKC,2026-09-07,between,97.0,98.0,max,101.0,0,2.23,literature_placeholder
KXHIGHTOKC-26SEP07-B103.5,weather,no,2026-09-09T17:35:00Z,0.9044,0.865,0.0394,False,,,,2026-09-09T17:35:00Z,0.865,open,,,,,KXHIGHTOKC,Oklahoma City Maximum High Temperature,KOKC,2026-09-07,between,103.0,104.0,max,101.0,0,2.23,literature_placeholder
KXHIGHTOKC-26SEP07-B101.5,weather,no,2026-09-09T17:35:00Z,0.827,0.445,0.382,False,,,,2026-09-09T17:35:00Z,0.445,open,,,,,KXHIGHTOKC,Oklahoma City Maximum High Temperature,KOKC,2026-09-07,between,101.0,102.0,max,101.0,0,2.23,literature_placeholder
KXHIGHTPHX-26SEP07-T104,weather,yes,2026-09-09T17:35:00Z,0.5,0.015,0.485,False,,,,2026-09-09T17:35:00Z,0.015,open,,,,,KXHIGHTPHX,Phoenix High Temperature Daily,KPHX,2026-09-07,less,,104.0,max,104.0,0,2.23,literature_placeholder
KXHIGHTPHX-26SEP07-B108.5,weather,no,2026-09-09T17:35:00Z,0.976,0.615,0.361,False,,,,2026-09-09T17:35:00Z,0.615,open,,,,,KXHIGHTPHX,Phoenix High Temperature Daily,KPHX,2026-09-07,between,108.0,109.0,max,104.0,0,2.23,literature_placeholder
KXHIGHTPHX-26SEP07-B106.5,weather,no,2026-09-09T17:35:00Z,0.9044,0.475,0.4294,False,,,,2026-09-09T17:35:00Z,0.475,open,,,,,KXHIGHTPHX,Phoenix High Temperature Daily,KPHX,2026-09-07,between,106.0,107.0,max,104.0,0,2.23,literature_placeholder
KXHIGHTPHX-26SEP07-B104.5,weather,yes,2026-09-09T17:35:00Z,0.173,0.075,0.098,False,,,,2026-09-09T17:35:00Z,0.075,open,,,,,KXHIGHTPHX,Phoenix High Temperature Daily,KPHX,2026-09-07,between,104.0,105.0,max,104.0,0,2.23,literature_placeholder
KXHIGHAUS-26SEP07-T95,weather,yes,2026-09-09T17:35:00Z,0.5,0.005,0.495,False,,,,2026-09-09T17:35:00Z,0.005,open,,,,,KXHIGHAUS,Highest temperature in Austin,KAUS,2026-09-07,less,,95.0,max,95.0,0,2.23,literature_placeholder
KXHIGHAUS-26SEP07-B99.5,weather,no,2026-09-09T17:35:00Z,0.976,0.345,0.631,False,,,,2026-09-09T17:35:00Z,0.345,open,,,,,KXHIGHAUS,Highest temperature in Austin,KAUS,2026-09-07,between,99.0,100.0,max,95.0,0,2.23,literature_placeholder
KXHIGHAUS-26SEP07-B97.5,weather,no,2026-09-09T17:35:00Z,0.9044,0.725,0.1794,False,,,,2026-09-09T17:35:00Z,0.725,open,,,,,KXHIGHAUS,Highest temperature in Austin,KAUS,2026-09-07,between,97.0,98.0,max,95.0,0,2.23,literature_placeholder
KXHIGHAUS-26SEP07-B95.5,weather,yes,2026-09-09T17:35:00Z,0.173,0.045,0.128,False,,,,2026-09-09T17:35:00Z,0.045,open,,,,,KXHIGHAUS,Highest temperature in Austin,KAUS,2026-09-07,between,95.0,96.0,max,95.0,0,2.23,literature_placeholder
KXHIGHAUS-26SEP07-B101.5,weather,no,2026-09-09T17:35:00Z,0.9973,0.945,0.0523,False,,,,2026-09-09T17:35:00Z,0.945,open,,,,,KXHIGHAUS,Highest temperature in Austin,KAUS,2026-09-07,between,101.0,102.0,max,95.0,0,2.23,literature_placeholder
KXLOWTTTN-26SEP07-T58,weather,no,2026-09-09T17:35:00Z,0.9106,0.5,0.4106,False,,,,2026-09-09T17:35:00Z,0.5,open,,,,,KXLOWTTTN,Trenton Daily low temp ,KTTN,2026-09-07,greater,58.0,,min,55.0,0,2.23,literature_placeholder
KXLOWTTTN-26SEP07-T51,weather,no,2026-09-09T17:35:00Z,0.9635,0.505,0.4585,False,,,,2026-09-09T17:35:00Z,0.505,open,,,,,KXLOWTTTN,Trenton Daily low temp ,KTTN,2026-09-07,less,,51.0,min,55.0,0,2.23,literature_placeholder
KXLOWTTTN-26SEP07-B57.5,weather,no,2026-09-09T17:35:00Z,0.9044,0.5,0.4044,False,,,,2026-09-09T17:35:00Z,0.5,open,,,,,KXLOWTTTN,Trenton Daily low temp ,KTTN,2026-09-07,between,57.0,58.0,min,55.0,0,2.23,literature_placeholder
KXLOWTTTN-26SEP07-B55.5,weather,yes,2026-09-09T17:35:00Z,0.173,0.005,0.168,False,,,,2026-09-09T17:35:00Z,0.005,open,,,,,KXLOWTTTN,Trenton Daily low temp ,KTTN,2026-09-07,between,55.0,56.0,min,55.0,0,2.23,literature_placeholder
KXLOWTTTN-26SEP07-B53.5,weather,yes,2026-09-09T17:35:00Z,0.142,0.005,0.137,False,,,,2026-09-09T17:35:00Z,0.005,open,,,,,KXLOWTTTN,Trenton Daily low temp ,KTTN,2026-09-07,between,53.0,54.0,min,55.0,0,2.23,literature_placeholder
KXLOWTTTN-26SEP07-B51.5,weather,yes,2026-09-09T17:35:00Z,0.0529,0.005,0.0479,False,,,,2026-09-09T17:35:00Z,0.005,open,,,,,KXLOWTTTN,Trenton Daily low temp ,KTTN,2026-09-07,between,51.0,52.0,min,55.0,0,2.23,literature_placeholder
KXHIGHTSAN-26SEP07-T89,weather,no,2026-09-09T17:35:00Z,0.815,0.505,0.31,False,,,,2026-09-09T17:35:00Z,0.505,open,,,,,KXHIGHTSAN,High Temperature San Diego,KSAN,2026-09-07,greater,89.0,,max,87.0,0,2.23,literature_placeholder
KXHIGHTSAN-26SEP07-T82,weather,no,2026-09-09T17:35:00Z,0.9875,0.505,0.4825,False,,,,2026-09-09T17:35:00Z,0.505,open,,,,,KXHIGHTSAN,High Temperature San Diego,KSAN,2026-09-07,less,,82.0,max,87.0,0,2.23,literature_placeholder
KXHIGHTSAN-26SEP07-B88.5,weather,no,2026-09-09T17:35:00Z,0.858,0.505,0.353,False,,,,2026-09-09T17:35:00Z,0.505,open,,,,,KXHIGHTSAN,High Temperature San Diego,KSAN,2026-09-07,between,88.0,89.0,max,87.0,0,2.23,literature_placeholder
KXHIGHTSAN-26SEP07-B84.5,weather,no,2026-09-09T17:35:00Z,0.9044,0.805,0.0994,False,,,,2026-09-09T17:35:00Z,0.805,open,,,,,KXHIGHTSAN,High Temperature San Diego,KSAN,2026-09-07,between,84.0,85.0,max,87.0,0,2.23,literature_placeholder
KXHIGHTSAN-26SEP07-B82.5,weather,no,2026-09-09T17:35:00Z,0.976,0.75,0.226,False,,,,2026-09-09T17:35:00Z,0.75,open,,,,,KXHIGHTSAN,High Temperature San Diego,KSAN,2026-09-07,between,82.0,83.0,max,87.0,0,2.23,literature_placeholder
KXLOWTPHIL-26SEP07-T63,weather,no,2026-09-09T17:35:00Z,0.9106,0.125,0.7856,False,,,,2026-09-09T17:35:00Z,0.125,open,,,,,KXLOWTPHIL,Lowest temperature in Philadelphia,KPHL,2026-09-07,greater,63.0,,min,60.0,0,2.23,literature_placeholder
KXLOWTPHIL-26SEP07-T56,weather,yes,2026-09-09T17:35:00Z,0.0365,0.005,0.0315,False,,,,2026-09-09T17:35:00Z,0.005,open,,,,,KXLOWTPHIL,Lowest temperature in Philadelphia,KPHL,2026-09-07,less,,56.0,min,60.0,0,2.23,literature_placeholder
KXLOWTPHIL-26SEP07-B62.5,weather,no,2026-09-09T17:35:00Z,0.9044,0.815,0.0894,False,,,,2026-09-09T17:35:00Z,0.815,open,,,,,KXLOWTPHIL,Lowest temperature in Philadelphia,KPHL,2026-09-07,between,62.0,63.0,min,60.0,0,2.23,literature_placeholder
KXLOWTPHIL-26SEP07-B60.5,weather,yes,2026-09-09T17:35:00Z,0.173,0.015,0.158,False,,,,2026-09-09T17:35:00Z,0.015,open,,,,,KXLOWTPHIL,Lowest temperature in Philadelphia,KPHL,2026-09-07,between,60.0,61.0,min,60.0,0,2.23,literature_placeholder
KXLOWTPHIL-26SEP07-B58.5,weather,yes,2026-09-09T17:35:00Z,0.142,0.005,0.137,False,,,,2026-09-09T17:35:00Z,0.005,open,,,,,KXLOWTPHIL,Lowest temperature in Philadelphia,KPHL,2026-09-07,between,58.0,59.0,min,60.0,0,2.23,literature_placeholder
KXLOWTPHIL-26SEP07-B56.5,weather,yes,2026-09-09T17:35:00Z,0.0529,0.005,0.0479,False,,,,2026-09-09T17:35:00Z,0.005,open,,,,,KXLOWTPHIL,Lowest temperature in Philadelphia,KPHL,2026-09-07,between,56.0,57.0,min,60.0,0,2.23,literature_placeholder
KXHIGHLAX-26SEP07-T83,weather,no,2026-09-09T17:35:00Z,0.9875,0.195,0.7925,False,,,,2026-09-09T17:35:00Z,0.195,open,,,,,KXHIGHLAX,Highest temperature in Los Angeles,KLAX,2026-09-07,greater,83.0,,max,78.0,0,2.23,literature_placeholder
KXHIGHLAX-26SEP07-T76,weather,yes,2026-09-09T17:35:00Z,0.185,0.005,0.18,False,,,,2026-09-09T17:35:00Z,0.005,open,,,,,KXHIGHLAX,Highest temperature in Los Angeles,KLAX,2026-09-07,less,,76.0,max,78.0,0,2.23,literature_placeholder
KXHIGHLAX-26SEP07-B82.5,weather,no,2026-09-09T17:35:00Z,0.976,0.885,0.091,False,,,,2026-09-09T17:35:00Z,0.885,open,,,,,KXHIGHLAX,Highest temperature in Los Angeles,KLAX,2026-09-07,between,82.0,83.0,max,78.0,0,2.23,literature_placeholder
KXHIGHLAX-26SEP07-B80.5,weather,yes,2026-09-09T17:35:00Z,0.0956,0.045,0.0506,False,,,,2026-09-09T17:35:00Z,0.045,open,,,,,KXHIGHLAX,Highest temperature in Los Angeles,KLAX,2026-09-07,between,80.0,81.0,max,78.0,0,2.23,literature_placeholder
KXHIGHLAX-26SEP07-B78.5,weather,yes,2026-09-09T17:35:00Z,0.173,0.015,0.158,False,,,,2026-09-09T17:35:00Z,0.015,open,,,,,KXHIGHLAX,Highest temperature in Los Angeles,KLAX,2026-09-07,between,78.0,79.0,max,78.0,0,2.23,literature_placeholder
KXHIGHLAX-26SEP07-B76.5,weather,yes,2026-09-09T17:35:00Z,0.142,0.005,0.137,False,,,,2026-09-09T17:35:00Z,0.005,open,,,,,KXHIGHLAX,Highest temperature in Los Angeles,KLAX,2026-09-07,between,76.0,77.0,max,78.0,0,2.23,literature_placeholder
KXHIGHTSDF-26SEP07-T94,weather,no,2026-09-09T17:35:00Z,0.9875,0.67,0.3175,False,,,,2026-09-09T17:35:00Z,0.67,open,,,,,KXHIGHTSDF,HIGHEST Temperature SATX,KSDF,2026-09-07,greater,94.0,,max,89.0,0,2.23,literature_placeholder
KXHIGHTSDF-26SEP07-T87,weather,no,2026-09-09T17:35:00Z,0.815,0.505,0.31,False,,,,2026-09-09T17:35:00Z,0.505,open,,,,,KXHIGHTSDF,HIGHEST Temperature SATX,KSDF,2026-09-07,less,,87.0,max,89.0,0,2.23,literature_placeholder
KXHIGHTSDF-26SEP07-B93.5,weather,no,2026-09-09T17:35:00Z,0.976,0.705,0.271,False,,,,2026-09-09T17:35:00Z,0.705,open,,,,,KXHIGHTSDF,HIGHEST Temperature SATX,KSDF,2026-09-07,between,93.0,94.0,max,89.0,0,2.23,literature_placeholder
KXHIGHTSDF-26SEP07-B91.5,weather,no,2026-09-09T17:35:00Z,0.9044,0.505,0.3994,False,,,,2026-09-09T17:35:00Z,0.505,open,,,,,KXHIGHTSDF,HIGHEST Temperature SATX,KSDF,2026-09-07,between,91.0,92.0,max,89.0,0,2.23,literature_placeholder
KXHIGHTSDF-26SEP07-B89.5,weather,no,2026-09-09T17:35:00Z,0.827,0.46,0.367,False,,,,2026-09-09T17:35:00Z,0.46,open,,,,,KXHIGHTSDF,HIGHEST Temperature SATX,KSDF,2026-09-07,between,89.0,90.0,max,89.0,0,2.23,literature_placeholder
KXHIGHTSDF-26SEP07-B87.5,weather,no,2026-09-09T17:35:00Z,0.858,0.72,0.138,False,,,,2026-09-09T17:35:00Z,0.72,open,,,,,KXHIGHTSDF,HIGHEST Temperature SATX,KSDF,2026-09-07,between,87.0,88.0,max,89.0,0,2.23,literature_placeholder
KXLOWTPHX-26SEP07-T86,weather,no,2026-09-09T17:35:00Z,0.5,0.335,0.165,False,,,,2026-09-09T17:35:00Z,0.335,open,,,,,KXLOWTPHX,Low Temperature Phoenix,KPHX,2026-09-07,greater,86.0,,min,86.0,0,2.23,literature_placeholder
KXLOWTPHX-26SEP07-B85.5,weather,no,2026-09-09T17:35:00Z,0.827,0.68,0.147,False,,,,2026-09-09T17:35:00Z,0.68,open,,,,,KXLOWTPHX,Low Temperature Phoenix,KPHX,2026-09-07,between,85.0,86.0,min,86.0,0,2.23,literature_placeholder
KXLOWTPHX-26SEP07-B83.5,weather,yes,2026-09-09T17:35:00Z,0.0956,0.045,0.0506,False,,,,2026-09-09T17:35:00Z,0.045,open,,,,,KXLOWTPHX,Low Temperature Phoenix,KPHX,2026-09-07,between,83.0,84.0,min,86.0,0,2.23,literature_placeholder
KXHIGHTEWR-26SEP07-T85,weather,no,2026-09-09T17:35:00Z,1.0,0.805,0.195,False,,,,2026-09-09T17:35:00Z,0.805,open,,,,,KXHIGHTEWR,"Newark, NJ (EWR) Daily Max Temp",KEWR,2026-09-07,greater,85.0,,max,76.0,0,2.23,literature_placeholder
KXHIGHTEWR-26SEP07-T78,weather,yes,2026-09-09T17:35:00Z,0.815,0.16,0.655,False,,,,2026-09-09T17:35:00Z,0.16,open,,,,,KXHIGHTEWR,"Newark, NJ (EWR) Daily Max Temp",KEWR,2026-09-07,less,,78.0,max,76.0,0,2.23,literature_placeholder
KXHIGHTEWR-26SEP07-B84.5,weather,no,2026-09-09T17:35:00Z,0.9999,0.8,0.1999,False,,,,2026-09-09T17:35:00Z,0.8,open,,,,,KXHIGHTEWR,"Newark, NJ (EWR) Daily Max Temp",KEWR,2026-09-07,between,84.0,85.0,max,76.0,0,2.23,literature_placeholder
KXHIGHTEWR-26SEP07-B82.5,weather,no,2026-09-09T17:35:00Z,0.9973,0.76,0.2373,False,,,,2026-09-09T17:35:00Z,0.76,open,,,,,KXHIGHTEWR,"Newark, NJ (EWR) Daily Max Temp",KEWR,2026-09-07,between,82.0,83.0,max,76.0,0,2.23,literature_placeholder
KXHIGHTEWR-26SEP07-B80.5,weather,no,2026-09-09T17:35:00Z,0.976,0.615,0.361,False,,,,2026-09-09T17:35:00Z,0.615,open,,,,,KXHIGHTEWR,"Newark, NJ (EWR) Daily Max Temp",KEWR,2026-09-07,between,80.0,81.0,max,76.0,0,2.23,literature_placeholder
KXHIGHTEWR-26SEP07-B78.5,weather,no,2026-09-09T17:35:00Z,0.9044,0.775,0.1294,False,,,,2026-09-09T17:35:00Z,0.775,open,,,,,KXHIGHTEWR,"Newark, NJ (EWR) Daily Max Temp",KEWR,2026-09-07,between,78.0,79.0,max,76.0,0,2.23,literature_placeholder
KXHIGHTHOU-26SEP07-T91,weather,yes,2026-09-09T17:35:00Z,0.185,0.025,0.16,False,,,,2026-09-09T17:35:00Z,0.025,open,,,,,KXHIGHTHOU,Daily High Temperature Houston,KHOU,2026-09-07,less,,91.0,max,93.0,0,2.23,literature_placeholder
KXHIGHTHOU-26SEP07-B95.5,weather,no,2026-09-09T17:35:00Z,0.9044,0.625,0.2794,False,,,,2026-09-09T17:35:00Z,0.625,open,,,,,KXHIGHTHOU,Daily High Temperature Houston,KHOU,2026-09-07,between,95.0,96.0,max,93.0,0,2.23,literature_placeholder
KXHIGHTHOU-26SEP07-B93.5,weather,no,2026-09-09T17:35:00Z,0.827,0.555,0.272,False,,,,2026-09-09T17:35:00Z,0.555,open,,,,,KXHIGHTHOU,Daily High Temperature Houston,KHOU,2026-09-07,between,93.0,94.0,max,93.0,0,2.23,literature_placeholder
KXHIGHTSFO-26SEP07-T81,weather,no,2026-09-09T17:35:00Z,1.0,0.615,0.385,False,,,,2026-09-09T17:35:00Z,0.615,open,,,,,KXHIGHTSFO,San Francisco High Temperature Daily,KSFO,2026-09-07,greater,81.0,,max,69.0,0,2.23,literature_placeholder
KXHIGHTSFO-26SEP07-T74,weather,yes,2026-09-09T17:35:00Z,0.9875,0.025,0.9625,False,,,,2026-09-09T17:35:00Z,0.025,open,,,,,KXHIGHTSFO,San Francisco High Temperature Daily,KSFO,2026-09-07,less,,74.0,max,69.0,0,2.23,literature_placeholder
KXHIGHTSFO-26SEP07-B80.5,weather,no,2026-09-09T17:35:00Z,1.0,0.74,0.26,False,,,,2026-09-09T17:35:00Z,0.74,open,,,,,KXHIGHTSFO,San Francisco High Temperature Daily,KSFO,2026-09-07,between,80.0,81.0,max,69.0,0,2.23,literature_placeholder
KXHIGHTSFO-26SEP07-B78.5,weather,no,2026-09-09T17:35:00Z,1.0,0.775,0.225,False,,,,2026-09-09T17:35:00Z,0.775,open,,,,,KXHIGHTSFO,San Francisco High Temperature Daily,KSFO,2026-09-07,between,78.0,79.0,max,69.0,0,2.23,literature_placeholder
KXHIGHTSFO-26SEP07-B76.5,weather,no,2026-09-09T17:35:00Z,0.9993,0.925,0.0743,False,,,,2026-09-09T17:35:00Z,0.925,open,,,,,KXHIGHTSFO,San Francisco High Temperature Daily,KSFO,2026-09-07,between,76.0,77.0,max,69.0,0,2.23,literature_placeholder
KXHIGHTSFO-26SEP07-B74.5,weather,no,2026-09-09T17:35:00Z,0.9911,0.95,0.0411,False,,,,2026-09-09T17:35:00Z,0.95,open,,,,,KXHIGHTSFO,San Francisco High Temperature Daily,KSFO,2026-09-07,between,74.0,75.0,max,69.0,0,2.23,literature_placeholder
KXHIGHTSATX-26SEP07-T96,weather,yes,2026-09-09T17:35:00Z,0.5,0.025,0.475,False,,,,2026-09-09T17:35:00Z,0.025,open,,,,,KXHIGHTSATX,San Antonio Daily Maximum Temperature,KSAT,2026-09-07,less,,96.0,max,96.0,0,2.23,literature_placeholder
KXHIGHTSATX-26SEP07-B98.5,weather,no,2026-09-09T17:35:00Z,0.9044,0.335,0.5694,False,,,,2026-09-09T17:35:00Z,0.335,open,,,,,KXHIGHTSATX,San Antonio Daily Maximum Temperature,KSAT,2026-09-07,between,98.0,99.0,max,96.0,0,2.23,literature_placeholder
KXHIGHTSATX-26SEP07-B96.5,weather,yes,2026-09-09T17:35:00Z,0.173,0.025,0.148,False,,,,2026-09-09T17:35:00Z,0.025,open,,,,,KXHIGHTSATX,San Antonio Daily Maximum Temperature,KSAT,2026-09-07,between,96.0,97.0,max,96.0,0,2.23,literature_placeholder
KXHIGHTSATX-26SEP07-B100.5,weather,no,2026-09-09T17:35:00Z,0.976,0.695,0.281,False,,,,2026-09-09T17:35:00Z,0.695,open,,,,,KXHIGHTSATX,San Antonio Daily Maximum Temperature,KSAT,2026-09-07,between,100.0,101.0,max,96.0,0,2.23,literature_placeholder
KXHIGHTSEA-26SEP07-T73,weather,yes,2026-09-09T17:35:00Z,0.5,0.035,0.465,False,,,,2026-09-09T17:35:00Z,0.035,open,,,,,KXHIGHTSEA,Seattle Maximum Temperature Daily,KSEA,2026-09-07,greater,73.0,,max,73.0,0,2.23,literature_placeholder
KXHIGHTSEA-26SEP07-B72.5,weather,yes,2026-09-09T17:35:00Z,0.173,0.095,0.078,False,,,,2026-09-09T17:35:00Z,0.095,open,,,,,KXHIGHTSEA,Seattle Maximum Temperature Daily,KSEA,2026-09-07,between,72.0,73.0,max,73.0,0,2.23,literature_placeholder
KXHIGHTSEA-26SEP07-B70.5,weather,no,2026-09-09T17:35:00Z,0.9044,0.525,0.3794,False,,,,2026-09-09T17:35:00Z,0.525,open,,,,,KXHIGHTSEA,Seattle Maximum Temperature Daily,KSEA,2026-09-07,between,70.0,71.0,max,73.0,0,2.23,literature_placeholder
KXHIGHTSEA-26SEP07-B68.5,weather,no,2026-09-09T17:35:00Z,0.976,0.635,0.341,False,,,,2026-09-09T17:35:00Z,0.635,open,,,,,KXHIGHTSEA,Seattle Maximum Temperature Daily,KSEA,2026-09-07,between,68.0,69.0,max,73.0,0,2.23,literature_placeholder
KXHIGHTSEA-26SEP07-B66.5,weather,no,2026-09-09T17:35:00Z,0.9973,0.93,0.0673,False,,,,2026-09-09T17:35:00Z,0.93,open,,,,,KXHIGHTSEA,Seattle Maximum Temperature Daily,KSEA,2026-09-07,between,66.0,67.0,max,73.0,0,2.23,literature_placeholder
KXLOWTSFO-26SEP07-T57,weather,yes,2026-09-09T17:35:00Z,0.327,0.245,0.082,False,,,,2026-09-09T17:35:00Z,0.245,open,,,,,KXLOWTSFO,Lowest Temperature San Francisco,KSFO,2026-09-07,greater,57.0,,min,56.0,0,2.23,literature_placeholder
KXLOWTSFO-26SEP07-B56.5,weather,no,2026-09-09T17:35:00Z,0.827,0.425,0.402,False,,,,2026-09-09T17:35:00Z,0.425,open,,,,,KXLOWTSFO,Lowest Temperature San Francisco,KSFO,2026-09-07,between,56.0,57.0,min,56.0,0,2.23,literature_placeholder
KXLOWTSFO-26SEP07-B52.5,weather,yes,2026-09-09T17:35:00Z,0.0529,0.02,0.0329,False,,,,2026-09-09T17:35:00Z,0.02,open,,,,,KXLOWTSFO,Lowest Temperature San Francisco,KSFO,2026-09-07,between,52.0,53.0,min,56.0,0,2.23,literature_placeholder
KXHIGHTNOLA-26SEP07-T97,weather,yes,2026-09-09T17:35:00Z,0.185,0.035,0.15,False,,,,2026-09-09T17:35:00Z,0.035,open,,,,,KXHIGHTNOLA,New Orleans Max temp Daily,KMSY,2026-09-07,greater,97.0,,max,95.0,0,2.23,literature_placeholder
KXHIGHTNOLA-26SEP07-B96.5,weather,no,2026-09-09T17:35:00Z,0.858,0.775,0.083,False,,,,2026-09-09T17:35:00Z,0.775,open,,,,,KXHIGHTNOLA,New Orleans Max temp Daily,KMSY,2026-09-07,between,96.0,97.0,max,95.0,0,2.23,literature_placeholder
KXHIGHTNOLA-26SEP07-B94.5,weather,no,2026-09-09T17:35:00Z,0.827,0.46,0.367,False,,,,2026-09-09T17:35:00Z,0.46,open,,,,,KXHIGHTNOLA,New Orleans Max temp Daily,KMSY,2026-09-07,between,94.0,95.0,max,95.0,0,2.23,literature_placeholder
KXLOWTNOLA-26SEP07-T78,weather,yes,2026-09-09T17:35:00Z,0.5,0.4,0.1,False,,,,2026-09-09T17:35:00Z,0.4,open,,,,,KXLOWTNOLA,NOLA Low Temperature,KMSY,2026-09-07,greater,78.0,,min,78.0,0,2.23,literature_placeholder
KXLOWTNOLA-26SEP07-B77.5,weather,no,2026-09-09T17:35:00Z,0.827,0.53,0.297,False,,,,2026-09-09T17:35:00Z,0.53,open,,,,,KXLOWTNOLA,NOLA Low Temperature,KMSY,2026-09-07,between,77.0,78.0,min,78.0,0,2.23,literature_placeholder
KXLOWTNOLA-26SEP07-B75.5,weather,no,2026-09-09T17:35:00Z,0.9044,0.835,0.0694,False,,,,2026-09-09T17:35:00Z,0.835,open,,,,,KXLOWTNOLA,NOLA Low Temperature,KMSY,2026-09-07,between,75.0,76.0,min,78.0,0,2.23,literature_placeholder
KXHIGHDEN-26SEP07-T93,weather,yes,2026-09-09T17:35:00Z,0.185,0.015,0.17,False,,,,2026-09-09T17:35:00Z,0.015,open,,,,,KXHIGHDEN,Highest temperature in Denver,KDEN,2026-09-07,greater,93.0,,max,91.0,0,2.23,literature_placeholder
KXHIGHDEN-26SEP07-B92.5,weather,yes,2026-09-09T17:35:00Z,0.142,0.055,0.087,False,,,,2026-09-09T17:35:00Z,0.055,open,,,,,KXHIGHDEN,Highest temperature in Denver,KDEN,2026-09-07,between,92.0,93.0,max,91.0,0,2.23,literature_placeholder
KXHIGHDEN-26SEP07-B90.5,weather,no,2026-09-09T17:35:00Z,0.827,0.515,0.312,False,,,,2026-09-09T17:35:00Z,0.515,open,,,,,KXHIGHDEN,Highest temperature in Denver,KDEN,2026-09-07,between,90.0,91.0,max,91.0,0,2.23,literature_placeholder
KXHIGHDEN-26SEP07-B88.5,weather,no,2026-09-09T17:35:00Z,0.9044,0.62,0.2844,False,,,,2026-09-09T17:35:00Z,0.62,open,,,,,KXHIGHDEN,Highest temperature in Denver,KDEN,2026-09-07,between,88.0,89.0,max,91.0,0,2.23,literature_placeholder
KXHIGHDEN-26SEP07-B86.5,weather,no,2026-09-09T17:35:00Z,0.976,0.945,0.031,False,,,,2026-09-09T17:35:00Z,0.945,open,,,,,KXHIGHDEN,Highest temperature in Denver,KDEN,2026-09-07,between,86.0,87.0,max,91.0,0,2.23,literature_placeholder
