platform,source_event_id,source_market_id,source_selection_id,player_name,team,sport,stat_type,prop_category,line,over_american_odds,under_american_odds,game_id,game_start_time,status,pulled_at,resolved_stat_key,model_status,season_avg,recent_form,games_played,games_remaining,model_mean,model_sigma,prob_over,prob_under,implied_prob_over,implied_prob_under,implied_prob_includes_field_vig,edge_over,edge_under
draftkings,34118279,357438372,0QA357438372#2301929770_13L88808Q1-203534720Q20,Bijan Robinson,,NFL,First TD Scorer,player_touchdown,,390.0,,34118279,2026-10-06T00:15:00.0000000Z,,2026-10-05T05:56:36.584594+00:00,rushing_tds+receiving_tds,unsupported_market_first_scorer,,,,,,,,,,,,,
draftkings,34118279,357438372,0QA357438372#2301929749_13L88808Q1-325599026Q20,Alvin Kamara,,NFL,First TD Scorer,player_touchdown,,700.0,,34118279,2026-10-06T00:15:00.0000000Z,,2026-10-05T05:56:36.584594+00:00,rushing_tds+receiving_tds,unsupported_market_first_scorer,,,,,,,,,,,,,
draftkings,34118279,357438372,0QA357438372#2301929771_13L88808Q1-1524818264Q20,Drake London,,NFL,First TD Scorer,player_touchdown,,750.0,,34118279,2026-10-06T00:15:00.0000000Z,,2026-10-05T05:56:36.584594+00:00,rushing_tds+receiving_tds,unsupported_market_first_scorer,,,,,,,,,,,,,
draftkings,34118279,357438372,0QA357438372#2301929744_13L88808Q1268307124Q20,Chris Olave,,NFL,First TD Scorer,player_touchdown,,800.0,,34118279,2026-10-06T00:15:00.0000000Z,,2026-10-05T05:56:36.584594+00:00,rushing_tds+receiving_tds,unsupported_market_first_scorer,,,,,,,,,,,,,
draftkings,34118279,357438372,0QA357438372#2301929757_13L88808Q1-1921044867Q20,Devaughn Vele,,NFL,First TD Scorer,player_touchdown,,1300.0,,34118279,2026-10-06T00:15:00.0000000Z,,2026-10-05T05:56:36.584594+00:00,rushing_tds+receiving_tds,unsupported_market_first_scorer,,,,,,,,,,,,,
draftkings,34118279,357438372,0QA357438372#2301929761_13L88808Q1-745613488Q20,Tyler Shough,,NFL,First TD Scorer,player_touchdown,,1300.0,,34118279,2026-10-06T00:15:00.0000000Z,,2026-10-05T05:56:36.584594+00:00,rushing_tds+receiving_tds,unsupported_market_first_scorer,,,,,,,,,,,,,
draftkings,34118279,357438372,0QA357438372#2301929753_13L88808Q11543263768Q20,Juwan Johnson,,NFL,First TD Scorer,player_touchdown,,1400.0,,34118279,2026-10-06T00:15:00.0000000Z,,2026-10-05T05:56:36.584594+00:00,rushing_tds+receiving_tds,unsupported_market_first_scorer,,,,,,,,,,,,,
draftkings,34118279,357438372,0QA357438372#2301929766_13L88808Q11766794700Q20,Kendre Miller,,NFL,First TD Scorer,player_touchdown,,1400.0,,34118279,2026-10-06T00:15:00.0000000Z,,2026-10-05T05:56:36.584594+00:00,rushing_tds+receiving_tds,unsupported_market_first_scorer,,,,,,,,,,,,,
draftkings,34118279,357438372,0QA357438372#2301929772_13L88808Q1-230819548Q20,Brian Robinson Jr.,,NFL,First TD Scorer,player_touchdown,,1800.0,,34118279,2026-10-06T00:15:00.0000000Z,,2026-10-05T05:56:36.584594+00:00,rushing_tds+receiving_tds,unsupported_market_first_scorer,,,,,,,,,,,,,
draftkings,34118279,357438372,0QA357438372#2301929773_13L88808Q1744531262Q20,Kyle Pitts Sr.,,NFL,First TD Scorer,player_touchdown,,1900.0,,34118279,2026-10-06T00:15:00.0000000Z,,2026-10-05T05:56:36.584594+00:00,rushing_tds+receiving_tds,unsupported_market_first_scorer,,,,,,,,,,,,,
draftkings,34118279,357438372,0QA357438372#2301929764_13L88808Q1-568667382Q20,Bryce Lance,,NFL,First TD Scorer,player_touchdown,,2500.0,,34118279,2026-10-06T00:15:00.0000000Z,,2026-10-05T05:56:36.584594+00:00,rushing_tds+receiving_tds,unsupported_market_first_scorer,,,,,,,,,,,,,
draftkings,34118279,357438372,0QA357438372#2301929774_13L88808Q1422660337Q20,Jahan Dotson,,NFL,First TD Scorer,player_touchdown,,2500.0,,34118279,2026-10-06T00:15:00.0000000Z,,2026-10-05T05:56:36.584594+00:00,rushing_tds+receiving_tds,unsupported_market_first_scorer,,,,,,,,,,,,,
draftkings,34118279,357438372,0QA357438372#2301929765_13L88808Q11499560782Q20,Noah Fant,,NFL,First TD Scorer,player_touchdown,,2800.0,,34118279,2026-10-06T00:15:00.0000000Z,,2026-10-05T05:56:36.584594+00:00,rushing_tds+receiving_tds,unsupported_market_first_scorer,,,,,,,,,,,,,
draftkings,34118279,357438372,0QA357438372#2301929782_13L88808Q1901062222Q20,,NO Saints D/ST,NFL,First TD Scorer,player_touchdown,,2800.0,,34118279,2026-10-06T00:15:00.0000000Z,,2026-10-05T05:56:36.584594+00:00,,no_player_match,,,,,,,,,,,,,
draftkings,34118279,357438372,0QA357438372#2301929783_14L88808Q11254115795Q20,,ATL Falcons D/ST,NFL,First TD Scorer,player_touchdown,,2800.0,,34118279,2026-10-06T00:15:00.0000000Z,,2026-10-05T05:56:36.584594+00:00,,no_player_match,,,,,,,,,,,,,
draftkings,34118279,357438372,0QA357438372#2301929769_13L88808Q12004050475Q20,CJ Donaldson,,NFL,First TD Scorer,player_touchdown,,3500.0,,34118279,2026-10-06T00:15:00.0000000Z,,2026-10-05T05:56:36.584594+00:00,rushing_tds+receiving_tds,unsupported_market_first_scorer,,,,,,,,,,,,,
draftkings,34118279,357438372,0QA357438372#2301929775_13L88808Q1102747272Q20,Olamide Zaccheaus,,NFL,First TD Scorer,player_touchdown,,3500.0,,34118279,2026-10-06T00:15:00.0000000Z,,2026-10-05T05:56:36.584594+00:00,rushing_tds+receiving_tds,unsupported_market_first_scorer,,,,,,,,,,,,,
draftkings,34118279,357438372,0QA357438372#2301929777_13L88808Q1-772198018Q20,Austin Hooper,,NFL,First TD Scorer,player_touchdown,,3500.0,,34118279,2026-10-06T00:15:00.0000000Z,,2026-10-05T05:56:36.584594+00:00,rushing_tds+receiving_tds,unsupported_market_first_scorer,,,,,,,,,,,,,
draftkings,34118279,357438372,0QA357438372#2301935011_13L88808Q1900382540Q20,Michael Penix Jr.,,NFL,First TD Scorer,player_touchdown,,4000.0,,34118279,2026-10-06T00:15:00.0000000Z,,2026-10-05T05:56:36.584594+00:00,rushing_tds+receiving_tds,unsupported_market_first_scorer,,,,,,,,,,,,,
draftkings,34118279,357438372,0QA357438372#2301929776_13L88808Q1-1690732318Q20,Zachariah Branch,,NFL,First TD Scorer,player_touchdown,,4500.0,,34118279,2026-10-06T00:15:00.0000000Z,,2026-10-05T05:56:36.584594+00:00,rushing_tds+receiving_tds,unsupported_market_first_scorer,,,,,,,,,,,,,
draftkings,34118279,357438372,0QA357438372#2301929768_13L88808Q1-860960992Q20,Kevin Austin Jr.,,NFL,First TD Scorer,player_touchdown,,5000.0,,34118279,2026-10-06T00:15:00.0000000Z,,2026-10-05T05:56:36.584594+00:00,rushing_tds+receiving_tds,unsupported_market_first_scorer,,,,,,,,,,,,,
draftkings,34118279,357438372,0QA357438372#2306790479_13L88808Q1973486523Q20,Barion Brown,,NFL,First TD Scorer,player_touchdown,,5000.0,,34118279,2026-10-06T00:15:00.0000000Z,,2026-10-05T05:56:36.584594+00:00,rushing_tds+receiving_tds,unsupported_market_first_scorer,,,,,,,,,,,,,
draftkings,34118279,357438372,0QA357438372#2301929767_13L88808Q1-1849714380Q20,Oscar Delp,,NFL,First TD Scorer,player_touchdown,,5500.0,,34118279,2026-10-06T00:15:00.0000000Z,,2026-10-05T05:56:36.584594+00:00,rushing_tds+receiving_tds,unsupported_market_first_scorer,,,,,,,,,,,,,
draftkings,34118279,357438372,0QA357438372#2304206970_13L88808Q1-747442945Q20,Treyton Welch,,NFL,First TD Scorer,player_touchdown,,6000.0,,34118279,2026-10-06T00:15:00.0000000Z,,2026-10-05T05:56:36.584594+00:00,rushing_tds+receiving_tds,unsupported_market_first_scorer,,,,,,,,,,,,,
draftkings,34118279,357438372,0QA357438372#2301929780_13L88808Q1-423960878Q20,Chris Blair,,NFL,First TD Scorer,player_touchdown,,8000.0,,34118279,2026-10-06T00:15:00.0000000Z,,2026-10-05T05:56:36.584594+00:00,rushing_tds+receiving_tds,unsupported_market_first_scorer,,,,,,,,,,,,,
draftkings,34118279,357438372,0QA357438372#2301929778_13L88808Q1-955852171Q20,Charlie Woerner,,NFL,First TD Scorer,player_touchdown,,10000.0,,34118279,2026-10-06T00:15:00.0000000Z,,2026-10-05T05:56:36.584594+00:00,rushing_tds+receiving_tds,unsupported_market_first_scorer,,,,,,,,,,,,,
draftkings,34118279,357438372,0QA357438372#2301929781_13L88808Q11941701256Q20,Nick Muse,,NFL,First TD Scorer,player_touchdown,,12000.0,,34118279,2026-10-06T00:15:00.0000000Z,,2026-10-05T05:56:36.584594+00:00,rushing_tds+receiving_tds,unsupported_market_first_scorer,,,,,,,,,,,,,
draftkings,34118279,357438372,0QA357438372#2235221067_13L88808Q1-1777442974Q20,,No Touchdown Scorer,NFL,First TD Scorer,player_touchdown,,14000.0,,34118279,2026-10-06T00:15:00.0000000Z,,2026-10-05T05:56:36.584594+00:00,,no_player_match,,,,,,,,,,,,,
draftkings,34118279,374145038,0QA374145038#2301935995_13L88808Q1-1195523501Q20,Bijan Robinson,,NFL,Anytime TD Scorer,player_touchdown,,,,34118279,2026-10-06T00:15:00.0000000Z,,2026-10-05T05:56:36.584594+00:00,rushing_tds+receiving_tds,estimated,1.0,1.125,3.0,,1.0625,,0.6544092474230254,,,,False,,
draftkings,34118279,374145038,0QA374145038#2301935996_13L88808Q1689607609Q20,Drake London,,NFL,Anytime TD Scorer,player_touchdown,,115.0,,34118279,2026-10-06T00:15:00.0000000Z,,2026-10-05T05:56:36.584594+00:00,rushing_tds+receiving_tds,estimated,0.0,0.0,3.0,,0.0,,9.999994999843054e-07,,0.46511627906976744,,False,-0.46511527907026745,
draftkings,34118279,374145038,0QA374145038#2301935984_13L88808Q1-1726186093Q20,Chris Olave,,NFL,Anytime TD Scorer,player_touchdown,,120.0,,34118279,2026-10-06T00:15:00.0000000Z,,2026-10-05T05:56:36.584594+00:00,rushing_tds+receiving_tds,estimated,0.3333333333333333,0.3125,3.0,,0.32291666666666663,,0.2759658119636861,,0.45454545454545453,,False,-0.17857964258176845,
draftkings,34118279,374145038,0QA374145038#2301935985_13L88808Q11055160431Q20,Alvin Kamara,,NFL,Anytime TD Scorer,player_touchdown,,130.0,,34118279,2026-10-06T00:15:00.0000000Z,,2026-10-05T05:56:36.584594+00:00,rushing_tds+receiving_tds,estimated,0.0,0.0,2.0,,0.0,,9.999994999843054e-07,,0.43478260869565216,,False,-0.4347816086961522,
draftkings,34118279,374145038,0QA374145038#2301935987_13L88808Q1138922171Q20,Devaughn Vele,,NFL,Anytime TD Scorer,player_touchdown,,240.0,,34118279,2026-10-06T00:15:00.0000000Z,,2026-10-05T05:56:36.584594+00:00,rushing_tds+receiving_tds,estimated,0.3333333333333333,0.25,3.0,,0.29166666666666663,,0.25298249968956743,,0.29411764705882354,,False,-0.04113514736925611,
draftkings,34118279,374145038,0QA374145038#2301935988_13L88808Q144959304Q20,Tyler Shough,,NFL,Anytime TD Scorer,player_touchdown,,245.0,,34118279,2026-10-06T00:15:00.0000000Z,,2026-10-05T05:56:36.584594+00:00,rushing_tds+receiving_tds,estimated,0.3333333333333333,0.3125,3.0,,0.32291666666666663,,0.2759658119636861,,0.2898550724637681,,False,-0.013889260500082046,
draftkings,34118279,374145038,0QA374145038#2301935986_13L88808Q1873985604Q20,Juwan Johnson,,NFL,Anytime TD Scorer,player_touchdown,,265.0,,34118279,2026-10-06T00:15:00.0000000Z,,2026-10-05T05:56:36.584594+00:00,rushing_tds+receiving_tds,estimated,1.0,1.125,3.0,,1.0625,,0.6544092474230254,,0.273972602739726,,False,0.3804366446832994,
draftkings,34118279,374145038,0QA374145038#2301935991_13L88808Q1-403572542Q20,Kendre Miller,,NFL,Anytime TD Scorer,player_touchdown,,275.0,,34118279,2026-10-06T00:15:00.0000000Z,,2026-10-05T05:56:36.584594+00:00,rushing_tds+receiving_tds,estimated,0.5,0.4166666666666667,2.0,,0.45833333333333337,,0.36766333781375027,,0.26666666666666666,,False,0.1009966711470836,
draftkings,34118279,374145038,0QA374145038#2301935998_13L88808Q1999478588Q20,Kyle Pitts Sr.,,NFL,Anytime TD Scorer,player_touchdown,,300.0,,34118279,2026-10-06T00:15:00.0000000Z,,2026-10-05T05:56:36.584594+00:00,rushing_tds+receiving_tds,estimated,0.0,0.0,3.0,,0.0,,9.999994999843054e-07,,0.25,,False,-0.24999900000050002,
draftkings,34118279,374145038,0QA374145038#2301935997_13L88808Q12077388378Q20,Brian Robinson Jr.,,NFL,Anytime TD Scorer,player_touchdown,,350.0,,34118279,2026-10-06T00:15:00.0000000Z,,2026-10-05T05:56:36.584594+00:00,rushing_tds+receiving_tds,estimated,0.3333333333333333,0.43749999999999994,3.0,,0.38541666666666663,,0.3198328258351383,,0.2222222222222222,,False,0.09761060361291607,
draftkings,34118279,374145038,0QA374145038#2301935999_13L88808Q1-419764349Q20,Jahan Dotson,,NFL,Anytime TD Scorer,player_touchdown,,475.0,,34118279,2026-10-06T00:15:00.0000000Z,,2026-10-05T05:56:36.584594+00:00,rushing_tds+receiving_tds,estimated,0.0,0.0,3.0,,0.0,,9.999994999843054e-07,,0.17391304347826086,,False,-0.17391204347876088,
draftkings,34118279,374145038,0QA374145038#2301935989_13L88808Q11438391772Q20,Bryce Lance,,NFL,Anytime TD Scorer,player_touchdown,,500.0,,34118279,2026-10-06T00:15:00.0000000Z,,2026-10-05T05:56:36.584594+00:00,rushing_tds+receiving_tds,estimated,0.0,0.0,3.0,,0.0,,9.999994999843054e-07,,0.16666666666666666,,False,-0.16666566666716667,
draftkings,34118279,374145038,0QA374145038#2301935896_13L88808Q12082362418Q20,,NO Saints D/ST,NFL,Anytime TD Scorer,player_touchdown,,550.0,,34118279,2026-10-06T00:15:00.0000000Z,,2026-10-05T05:56:36.584594+00:00,,no_player_match,,,,,,,,,,,,,
draftkings,34118279,374145038,0QA374145038#2301935990_13L88808Q11213714519Q20,Noah Fant,,NFL,Anytime TD Scorer,player_touchdown,,550.0,,34118279,2026-10-06T00:15:00.0000000Z,,2026-10-05T05:56:36.584594+00:00,rushing_tds+receiving_tds,estimated,1.0,1.125,3.0,,1.0625,,0.6544092474230254,,0.15384615384615385,,False,0.5005630935768716,
draftkings,34118279,374145038,0QA374145038#2301935897_14L88808Q1632295894Q20,,ATL Falcons D/ST,NFL,Anytime TD Scorer,player_touchdown,,600.0,,34118279,2026-10-06T00:15:00.0000000Z,,2026-10-05T05:56:36.584594+00:00,,no_player_match,,,,,,,,,,,,,
draftkings,34118279,374145038,0QA374145038#2301935994_13L88808Q11133352993Q20,CJ Donaldson,,NFL,Anytime TD Scorer,player_touchdown,,700.0,,34118279,2026-10-06T00:15:00.0000000Z,,2026-10-05T05:56:36.584594+00:00,rushing_tds+receiving_tds,estimated,0.0,0.0,3.0,,0.0,,9.999994999843054e-07,,0.125,,False,-0.12499900000050002,
draftkings,34118279,374145038,0QA374145038#2301936003_13L88808Q1-189550648Q20,Austin Hooper,,NFL,Anytime TD Scorer,player_touchdown,,700.0,,34118279,2026-10-06T00:15:00.0000000Z,,2026-10-05T05:56:36.584594+00:00,rushing_tds+receiving_tds,estimated,0.5,0.5833333333333334,2.0,,0.5416666666666667,,0.41822218579019177,,0.125,,False,0.29322218579019177,
draftkings,34118279,374145038,0QA374145038#2301936000_13L88808Q1826333955Q20,Olamide Zaccheaus,,NFL,Anytime TD Scorer,player_touchdown,,750.0,,34118279,2026-10-06T00:15:00.0000000Z,,2026-10-05T05:56:36.584594+00:00,rushing_tds+receiving_tds,estimated,0.0,0.0,3.0,,0.0,,9.999994999843054e-07,,0.11764705882352941,,False,-0.11764605882402943,
draftkings,34118279,374145038,0QA374145038#2301936001_13L88808Q1173183317Q20,Michael Penix Jr.,,NFL,Anytime TD Scorer,player_touchdown,,900.0,,34118279,2026-10-06T00:15:00.0000000Z,,2026-10-05T05:56:36.584594+00:00,rushing_tds+receiving_tds,insufficient_history,,,1.0,,,,,,,,,,
draftkings,34118279,374145038,0QA374145038#2301935992_13L88808Q12065808625Q20,Oscar Delp,,NFL,Anytime TD Scorer,player_touchdown,,1100.0,,34118279,2026-10-06T00:15:00.0000000Z,,2026-10-05T05:56:36.584594+00:00,rushing_tds+receiving_tds,insufficient_history,,,1.0,,,,,,,,,,
draftkings,34118279,374145038,0QA374145038#2301935993_13L88808Q1-1788157048Q20,Kevin Austin Jr.,,NFL,Anytime TD Scorer,player_touchdown,,1100.0,,34118279,2026-10-06T00:15:00.0000000Z,,2026-10-05T05:56:36.584594+00:00,rushing_tds+receiving_tds,insufficient_history,,,1.0,,,,,,,,,,
draftkings,34118279,374145038,0QA374145038#2301936002_13L88808Q1-825672971Q20,Zachariah Branch,,NFL,Anytime TD Scorer,player_touchdown,,1100.0,,34118279,2026-10-06T00:15:00.0000000Z,,2026-10-05T05:56:36.584594+00:00,rushing_tds+receiving_tds,estimated,0.0,0.0,3.0,,0.0,,9.999994999843054e-07,,0.08333333333333333,,False,-0.08333233333383334,
draftkings,34118279,374145038,0QA374145038#2306790499_13L88808Q11364081968Q20,Barion Brown,,NFL,Anytime TD Scorer,player_touchdown,,1100.0,,34118279,2026-10-06T00:15:00.0000000Z,,2026-10-05T05:56:36.584594+00:00,rushing_tds+receiving_tds,estimated,0.0,0.0,2.0,,0.0,,9.999994999843054e-07,,0.08333333333333333,,False,-0.08333233333383334,
draftkings,34118279,374145038,0QA374145038#2304206991_13L88808Q11989040578Q20,Treyton Welch,,NFL,Anytime TD Scorer,player_touchdown,,1200.0,,34118279,2026-10-06T00:15:00.0000000Z,,2026-10-05T05:56:36.584594+00:00,rushing_tds+receiving_tds,insufficient_history,,,1.0,,,,,,,,,,
draftkings,34118279,374145038,0QA374145038#2301936006_13L88808Q1-911892125Q20,Chris Blair,,NFL,Anytime TD Scorer,player_touchdown,,1400.0,,34118279,2026-10-06T00:15:00.0000000Z,,2026-10-05T05:56:36.584594+00:00,rushing_tds+receiving_tds,estimated,0.0,0.0,3.0,,0.0,,9.999994999843054e-07,,0.06666666666666667,,False,-0.06666566666716668,
draftkings,34118279,374145038,0QA374145038#2301936004_13L88808Q1-1356990742Q20,Charlie Woerner,,NFL,Anytime TD Scorer,player_touchdown,,2200.0,,34118279,2026-10-06T00:15:00.0000000Z,,2026-10-05T05:56:36.584594+00:00,rushing_tds+receiving_tds,insufficient_history,,,1.0,,,,,,,,,,
draftkings,34118279,374145038,0QA374145038#2301936007_13L88808Q11180641602Q20,Nick Muse,,NFL,Anytime TD Scorer,player_touchdown,,3000.0,,34118279,2026-10-06T00:15:00.0000000Z,,2026-10-05T05:56:36.584594+00:00,rushing_tds+receiving_tds,estimated,0.0,0.0,2.0,,0.0,,9.999994999843054e-07,,0.03225806451612903,,False,-0.03225706451662905,
draftkings,34118279,374916793,0QA374916793#2304782693_13L88808Q1-1354855512Q20,Bijan Robinson,,NFL,2+ TDs,player_touchdown,,255.0,,34118279,2026-10-06T00:15:00.0000000Z,,2026-10-05T05:56:36.584594+00:00,rushing_tds+receiving_tds,estimated,1.0,1.125,3.0,,1.0625,,0.28721907280999,,0.28169014084507044,,False,0.005528931964919548,
draftkings,34118279,374916793,0QA374916793#2304782694_13L88808Q1-1818727041Q20,Drake London,,NFL,2+ TDs,player_touchdown,,750.0,,34118279,2026-10-06T00:15:00.0000000Z,,2026-10-05T05:56:36.584594+00:00,rushing_tds+receiving_tds,estimated,0.0,0.0,3.0,,0.0,,4.999838054850042e-13,,0.11764705882352941,,False,-0.11764705882302942,
draftkings,34118279,374916793,0QA374916793#2304782682_13L88808Q1839820985Q20,Alvin Kamara,,NFL,2+ TDs,player_touchdown,,850.0,,34118279,2026-10-06T00:15:00.0000000Z,,2026-10-05T05:56:36.584594+00:00,rushing_tds+receiving_tds,estimated,0.0,0.0,2.0,,0.0,,4.999838054850042e-13,,0.10526315789473684,,False,-0.10526315789423685,
draftkings,34118279,374916793,0QA374916793#2304782683_13L88808Q12022577872Q20,Chris Olave,,NFL,2+ TDs,player_touchdown,,850.0,,34118279,2026-10-06T00:15:00.0000000Z,,2026-10-05T05:56:36.584594+00:00,rushing_tds+receiving_tds,estimated,0.3333333333333333,0.3125,3.0,,0.32291666666666663,,0.042163105410293084,,0.10526315789473684,,False,-0.06310005248444375,
draftkings,34118279,374916793,0QA374916793#2304782686_13L88808Q1-1801413616Q20,Tyler Shough,,NFL,2+ TDs,player_touchdown,,2000.0,,34118279,2026-10-06T00:15:00.0000000Z,,2026-10-05T05:56:36.584594+00:00,rushing_tds+receiving_tds,estimated,0.3333333333333333,0.3125,3.0,,0.32291666666666663,,0.042163105410293084,,0.047619047619047616,,False,-0.005455942208754533,
draftkings,34118279,374916793,0QA374916793#2304782684_13L88808Q1-1344177905Q20,Devaughn Vele,,NFL,2+ TDs,player_touchdown,,2200.0,,34118279,2026-10-06T00:15:00.0000000Z,,2026-10-05T05:56:36.584594+00:00,rushing_tds+receiving_tds,estimated,0.3333333333333333,0.25,3.0,,0.29166666666666663,,0.03510239543235796,,0.043478260869565216,,False,-0.008375865437207253,
draftkings,34118279,374916793,0QA374916793#2304782685_13L88808Q1-1463828113Q20,Juwan Johnson,,NFL,2+ TDs,player_touchdown,,2500.0,,34118279,2026-10-06T00:15:00.0000000Z,,2026-10-05T05:56:36.584594+00:00,rushing_tds+receiving_tds,estimated,1.0,1.125,3.0,,1.0625,,0.28721907280999,,0.038461538461538464,,False,0.24875753434845152,
draftkings,34118279,374916793,0QA374916793#2304782687_13L88808Q1-2129732593Q20,Kendre Miller,,NFL,2+ TDs,player_touchdown,,2500.0,,34118279,2026-10-06T00:15:00.0000000Z,,2026-10-05T05:56:36.584594+00:00,rushing_tds+receiving_tds,estimated,0.5,0.4166666666666667,2.0,,0.45833333333333337,,0.07784236764505242,,0.038461538461538464,,False,0.03938082918351396,
draftkings,34118279,374916793,0QA374916793#2304782696_13L88808Q1-703917339Q20,Kyle Pitts Sr.,,NFL,2+ TDs,player_touchdown,,2800.0,,34118279,2026-10-06T00:15:00.0000000Z,,2026-10-05T05:56:36.584594+00:00,rushing_tds+receiving_tds,estimated,0.0,0.0,3.0,,0.0,,4.999838054850042e-13,,0.034482758620689655,,False,-0.03448275862018967,
draftkings,34118279,374916793,0QA374916793#2304782695_13L88808Q1-2016866086Q20,Brian Robinson Jr.,,NFL,2+ TDs,player_touchdown,,3000.0,,34118279,2026-10-06T00:15:00.0000000Z,,2026-10-05T05:56:36.584594+00:00,rushing_tds+receiving_tds,estimated,0.3333333333333333,0.43749999999999994,3.0,,0.38541666666666663,,0.057685060792431186,,0.03225806451612903,,False,0.025426996276302155,
draftkings,34118279,374916793,0QA374916793#2304782697_13L88808Q1258503148Q20,Jahan Dotson,,NFL,2+ TDs,player_touchdown,,5000.0,,34118279,2026-10-06T00:15:00.0000000Z,,2026-10-05T05:56:36.584594+00:00,rushing_tds+receiving_tds,estimated,0.0,0.0,3.0,,0.0,,4.999838054850042e-13,,0.0196078431372549,,False,-0.019607843136754916,
draftkings,34118279,374916793,0QA374916793#2304782704_13L88808Q1-1957052043Q20,,NO Saints D/ST,NFL,2+ TDs,player_touchdown,,5500.0,,34118279,2026-10-06T00:15:00.0000000Z,,2026-10-05T05:56:36.584594+00:00,,no_player_match,,,,,,,,,,,,,
draftkings,34118279,374916793,0QA374916793#2304782705_14L88808Q1-1317738895Q20,,ATL Falcons D/ST,NFL,2+ TDs,player_touchdown,,6000.0,,34118279,2026-10-06T00:15:00.0000000Z,,2026-10-05T05:56:36.584594+00:00,,no_player_match,,,,,,,,,,,,,
draftkings,34118279,374916793,0QA374916793#2304782688_13L88808Q1669299964Q20,Noah Fant,,NFL,2+ TDs,player_touchdown,,6000.0,,34118279,2026-10-06T00:15:00.0000000Z,,2026-10-05T05:56:36.584594+00:00,rushing_tds+receiving_tds,estimated,1.0,1.125,3.0,,1.0625,,0.28721907280999,,0.01639344262295082,,False,0.27082563018703915,
draftkings,34118279,374916793,0QA374916793#2304782689_13L88808Q1-1820980056Q20,Bryce Lance,,NFL,2+ TDs,player_touchdown,,6500.0,,34118279,2026-10-06T00:15:00.0000000Z,,2026-10-05T05:56:36.584594+00:00,rushing_tds+receiving_tds,estimated,0.0,0.0,3.0,,0.0,,4.999838054850042e-13,,0.015151515151515152,,False,-0.015151515151015168,
draftkings,34118279,374916793,0QA374916793#2304782690_13L88808Q1288825530Q20,CJ Donaldson,,NFL,2+ TDs,player_touchdown,,8000.0,,34118279,2026-10-06T00:15:00.0000000Z,,2026-10-05T05:56:36.584594+00:00,rushing_tds+receiving_tds,estimated,0.0,0.0,3.0,,0.0,,4.999838054850042e-13,,0.012345679012345678,,False,-0.012345679011845695,
draftkings,34118279,374916793,0QA374916793#2304782692_13L88808Q11085332083Q20,Treyton Welch,,NFL,2+ TDs,player_touchdown,,8000.0,,34118279,2026-10-06T00:15:00.0000000Z,,2026-10-05T05:56:36.584594+00:00,rushing_tds+receiving_tds,insufficient_history,,,1.0,,,,,,,,,,
draftkings,34118279,374916793,0QA374916793#2304782699_13L88808Q1-2106790228Q20,Austin Hooper,,NFL,2+ TDs,player_touchdown,,8000.0,,34118279,2026-10-06T00:15:00.0000000Z,,2026-10-05T05:56:36.584594+00:00,rushing_tds+receiving_tds,estimated,0.5,0.5833333333333334,2.0,,0.5416666666666667,,0.10309253642654559,,0.012345679012345678,,False,0.09074685741419991,
draftkings,34118279,374916793,0QA374916793#2304782698_13L88808Q1364963217Q20,Olamide Zaccheaus,,NFL,2+ TDs,player_touchdown,,9000.0,,34118279,2026-10-06T00:15:00.0000000Z,,2026-10-05T05:56:36.584594+00:00,rushing_tds+receiving_tds,estimated,0.0,0.0,3.0,,0.0,,4.999838054850042e-13,,0.01098901098901099,,False,-0.010989010988511006,
draftkings,34118279,374916793,0QA374916793#2304782691_13L88808Q11410418829Q20,Oscar Delp,,NFL,2+ TDs,player_touchdown,,10000.0,,34118279,2026-10-06T00:15:00.0000000Z,,2026-10-05T05:56:36.584594+00:00,rushing_tds+receiving_tds,insufficient_history,,,1.0,,,,,,,,,,
draftkings,34118279,374916793,0QA374916793#2304782703_13L88808Q11152059581Q20,Chris Blair,,NFL,2+ TDs,player_touchdown,,11000.0,,34118279,2026-10-06T00:15:00.0000000Z,,2026-10-05T05:56:36.584594+00:00,rushing_tds+receiving_tds,estimated,0.0,0.0,3.0,,0.0,,4.999838054850042e-13,,0.009009009009009009,,False,-0.009009009008509025,
draftkings,34118279,374916793,0QA374916793#2304782700_13L88808Q1-1909827413Q20,Michael Penix Jr.,,NFL,2+ TDs,player_touchdown,,13000.0,,34118279,2026-10-06T00:15:00.0000000Z,,2026-10-05T05:56:36.584594+00:00,rushing_tds+receiving_tds,insufficient_history,,,1.0,,,,,,,,,,
draftkings,34118279,374916793,0QA374916793#2304782701_13L88808Q12071319887Q20,Zachariah Branch,,NFL,2+ TDs,player_touchdown,,14000.0,,34118279,2026-10-06T00:15:00.0000000Z,,2026-10-05T05:56:36.584594+00:00,rushing_tds+receiving_tds,estimated,0.0,0.0,3.0,,0.0,,4.999838054850042e-13,,0.0070921985815602835,,False,-0.0070921985810603,
draftkings,34118279,374916793,0QA374916793#2304782786_13L88808Q1592669683Q20,Kevin Austin Jr.,,NFL,2+ TDs,player_touchdown,,14000.0,,34118279,2026-10-06T00:15:00.0000000Z,,2026-10-05T05:56:36.584594+00:00,rushing_tds+receiving_tds,insufficient_history,,,1.0,,,,,,,,,,
draftkings,34118279,374916793,0QA374916793#2306790476_13L88808Q1-1243827761Q20,Barion Brown,,NFL,2+ TDs,player_touchdown,,15000.0,,34118279,2026-10-06T00:15:00.0000000Z,,2026-10-05T05:56:36.584594+00:00,rushing_tds+receiving_tds,estimated,0.0,0.0,2.0,,0.0,,4.999838054850042e-13,,0.006622516556291391,,False,-0.006622516555791407,
draftkings,34118279,374916793,0QA374916793#2304782702_13L88808Q1814030951Q20,Charlie Woerner,,NFL,2+ TDs,player_touchdown,,19000.0,,34118279,2026-10-06T00:15:00.0000000Z,,2026-10-05T05:56:36.584594+00:00,rushing_tds+receiving_tds,insufficient_history,,,1.0,,,,,,,,,,
draftkings,34118279,374916793,0QA374916793#2304963890_13L88808Q11574653505Q20,Nick Muse,,NFL,2+ TDs,player_touchdown,,20000.0,,34118279,2026-10-06T00:15:00.0000000Z,,2026-10-05T05:56:36.584594+00:00,rushing_tds+receiving_tds,estimated,0.0,0.0,2.0,,0.0,,4.999838054850042e-13,,0.004975124378109453,,False,-0.004975124377609469,
draftkings,34118137,357408793,0QA357408793#2309611990_13L88808Q1-918826434Q20,Javonte Williams,,NFL,First TD Scorer,player_touchdown,,300.0,,34118137,2026-10-09T00:15:00.0000000Z,,2026-10-05T05:56:36.584594+00:00,rushing_tds+receiving_tds,unsupported_market_first_scorer,,,,,,,,,,,,,
draftkings,34118137,357408793,0QA357408793#2309612110_13L88808Q11556652553Q20,CeeDee Lamb,,NFL,First TD Scorer,player_touchdown,,600.0,,34118137,2026-10-09T00:15:00.0000000Z,,2026-10-05T05:56:36.584594+00:00,rushing_tds+receiving_tds,unsupported_market_first_scorer,,,,,,,,,,,,,
draftkings,34118137,357408793,0QA357408793#2309612129_13L88808Q11560353419Q20,George Pickens,,NFL,First TD Scorer,player_touchdown,,750.0,,34118137,2026-10-09T00:15:00.0000000Z,,2026-10-05T05:56:36.584594+00:00,rushing_tds+receiving_tds,unsupported_market_first_scorer,,,,,,,,,,,,,
draftkings,34118137,357408793,0QA357408793#2309612893_13L88808Q11908389665Q20,Bucky Irving,,NFL,First TD Scorer,player_touchdown,,800.0,,34118137,2026-10-09T00:15:00.0000000Z,,2026-10-05T05:56:36.584594+00:00,rushing_tds+receiving_tds,unsupported_market_first_scorer,,,,,,,,,,,,,
draftkings,34118137,357408793,0QA357408793#2309612223_13L88808Q1785855342Q20,Jake Ferguson,,NFL,First TD Scorer,player_touchdown,,1100.0,,34118137,2026-10-09T00:15:00.0000000Z,,2026-10-05T05:56:36.584594+00:00,rushing_tds+receiving_tds,unsupported_market_first_scorer,,,,,,,,,,,,,
draftkings,34118137,357408793,0QA357408793#2309612304_13L88808Q1-1491422041Q20,Ryan Flournoy,,NFL,First TD Scorer,player_touchdown,,1400.0,,34118137,2026-10-09T00:15:00.0000000Z,,2026-10-05T05:56:36.584594+00:00,rushing_tds+receiving_tds,unsupported_market_first_scorer,,,,,,,,,,,,,
draftkings,34118137,357408793,0QA357408793#2309613167_13L88808Q11137770879Q20,Jalon Daniels,,NFL,First TD Scorer,player_touchdown,,1900.0,,34118137,2026-10-09T00:15:00.0000000Z,,2026-10-05T05:56:36.584594+00:00,rushing_tds+receiving_tds,unsupported_market_first_scorer,,,,,,,,,,,,,
draftkings,34118137,357408793,0QA357408793#2309612958_13L88808Q1357556588Q20,Emeka Egbuka,,NFL,First TD Scorer,player_touchdown,,2800.0,,34118137,2026-10-09T00:15:00.0000000Z,,2026-10-05T05:56:36.584594+00:00,rushing_tds+receiving_tds,unsupported_market_first_scorer,,,,,,,,,,,,,
draftkings,34118137,357408793,0QA357408793#2309613109_13L88808Q1470846981Q20,Cade Otton,,NFL,First TD Scorer,player_touchdown,,2800.0,,34118137,2026-10-09T00:15:00.0000000Z,,2026-10-05T05:56:36.584594+00:00,rushing_tds+receiving_tds,unsupported_market_first_scorer,,,,,,,,,,,,,
draftkings,34118137,357408793,0QA357408793#2309612313_13L88808Q11310186756Q20,Dak Prescott,,NFL,First TD Scorer,player_touchdown,,3000.0,,34118137,2026-10-09T00:15:00.0000000Z,,2026-10-05T05:56:36.584594+00:00,rushing_tds+receiving_tds,unsupported_market_first_scorer,,,,,,,,,,,,,
draftkings,34118137,357408793,0QA357408793#2309612989_13L88808Q11533655793Q20,Chris Godwin,,NFL,First TD Scorer,player_touchdown,,3000.0,,34118137,2026-10-09T00:15:00.0000000Z,,2026-10-05T05:56:36.584594+00:00,rushing_tds+receiving_tds,unsupported_market_first_scorer,,,,,,,,,,,,,
draftkings,34118137,357408793,0QA357408793#2235120988_13L88808Q1-1777442974Q20,,No Touchdown Scorer,NFL,First TD Scorer,player_touchdown,,16000.0,,34118137,2026-10-09T00:15:00.0000000Z,,2026-10-05T05:56:36.584594+00:00,,no_player_match,,,,,,,,,,,,,
draftkings,34118137,376115269,0QA376115269#2309618728_13L88808Q1-2070504203Q20,Javonte Williams,,NFL,Anytime TD Scorer,player_touchdown,,,,34118137,2026-10-09T00:15:00.0000000Z,,2026-10-05T05:56:36.584594+00:00,rushing_tds+receiving_tds,estimated,1.5,1.673913043478261,4.0,,1.5869565217391304,,0.7954527996837728,,,,False,,
draftkings,34118137,376115269,0QA376115269#2309618729_13L88808Q1759561049Q20,CeeDee Lamb,,NFL,Anytime TD Scorer,player_touchdown,,105.0,,34118137,2026-10-09T00:15:00.0000000Z,,2026-10-05T05:56:36.584594+00:00,rushing_tds+receiving_tds,estimated,1.0,0.9456521739130435,4.0,,0.9728260869565217,,0.6219867711270415,,0.4878048780487805,,False,0.134181893078261,
draftkings,34118137,376115269,0QA376115269#2309618741_13L88808Q1666446492Q20,Bucky Irving,,NFL,Anytime TD Scorer,player_touchdown,,110.0,,34118137,2026-10-09T00:15:00.0000000Z,,2026-10-05T05:56:36.584594+00:00,rushing_tds+receiving_tds,estimated,0.25,0.13043478260869565,4.0,,0.19021739130434784,,0.17322062024220164,,0.47619047619047616,,False,-0.3029698559482745,
draftkings,34118137,376115269,0QA376115269#2309618730_13L88808Q1-1127265655Q20,George Pickens,,NFL,Anytime TD Scorer,player_touchdown,,125.0,,34118137,2026-10-09T00:15:00.0000000Z,,2026-10-05T05:56:36.584594+00:00,rushing_tds+receiving_tds,estimated,0.0,0.0,4.0,,0.0,,9.999994999843054e-07,,0.4444444444444444,,False,-0.44444344444494444,
draftkings,34118137,376115269,0QA376115269#2309618731_13L88808Q1-144445670Q20,Jake Ferguson,,NFL,Anytime TD Scorer,player_touchdown,,225.0,,34118137,2026-10-09T00:15:00.0000000Z,,2026-10-05T05:56:36.584594+00:00,rushing_tds+receiving_tds,estimated,0.75,0.7065217391304348,4.0,,0.7282608695652174,,0.5172521781108065,,0.3076923076923077,,False,0.20955987041849877,
draftkings,34118137,376115269,0QA376115269#2309618732_13L88808Q1-24141105Q20,Ryan Flournoy,,NFL,Anytime TD Scorer,player_touchdown,,280.0,,34118137,2026-10-09T00:15:00.0000000Z,,2026-10-05T05:56:36.584594+00:00,rushing_tds+receiving_tds,estimated,0.0,0.0,4.0,,0.0,,9.999994999843054e-07,,0.2631578947368421,,False,-0.2631568947373421,
draftkings,34118137,376115269,0QA376115269#2309618747_13L88808Q11366717828Q20,Jalon Daniels,,NFL,Anytime TD Scorer,player_touchdown,,300.0,,34118137,2026-10-09T00:15:00.0000000Z,,2026-10-05T05:56:36.584594+00:00,rushing_tds+receiving_tds,estimated,0.0,0.0,2.0,,0.0,,9.999994999843054e-07,,0.25,,False,-0.24999900000050002,
draftkings,34118137,376115269,0QA376115269#2309618742_13L88808Q1621783265Q20,Emeka Egbuka,,NFL,Anytime TD Scorer,player_touchdown,,360.0,,34118137,2026-10-09T00:15:00.0000000Z,,2026-10-05T05:56:36.584594+00:00,rushing_tds+receiving_tds,estimated,0.25,0.21739130434782608,4.0,,0.23369565217391303,,0.20839729820140906,,0.21739130434782608,,False,-0.008994006146417016,
draftkings,34118137,376115269,0QA376115269#2309618745_13L88808Q1-1181521367Q20,Cade Otton,,NFL,Anytime TD Scorer,player_touchdown,,380.0,,34118137,2026-10-09T00:15:00.0000000Z,,2026-10-05T05:56:36.584594+00:00,rushing_tds+receiving_tds,estimated,0.0,0.0,4.0,,0.0,,9.999994999843054e-07,,0.20833333333333334,,False,-0.20833233333383336,
draftkings,34118137,376115269,0QA376115269#2309618743_13L88808Q1532397873Q20,Chris Godwin,,NFL,Anytime TD Scorer,player_touchdown,,425.0,,34118137,2026-10-09T00:15:00.0000000Z,,2026-10-05T05:56:36.584594+00:00,rushing_tds+receiving_tds,estimated,0.0,0.0,4.0,,0.0,,9.999994999843054e-07,,0.19047619047619047,,False,-0.19047519047669048,
draftkings,34118137,376115269,0QA376115269#2309618733_13L88808Q1795642865Q20,Dak Prescott,,NFL,Anytime TD Scorer,player_touchdown,,650.0,,34118137,2026-10-09T00:15:00.0000000Z,,2026-10-05T05:56:36.584594+00:00,rushing_tds+receiving_tds,estimated,0.0,0.0,4.0,,0.0,,9.999994999843054e-07,,0.13333333333333333,,False,-0.13333233333383335,
draftkings,34118137,376149139,0QA376149139#2309774316_13L88808Q12056061885Q20,Javonte Williams,,NFL,2+ TDs,player_touchdown,,220.0,,34118137,2026-10-09T00:15:00.0000000Z,,2026-10-05T05:56:36.584594+00:00,rushing_tds+receiving_tds,estimated,1.5,1.673913043478261,4.0,,1.5869565217391304,,0.47084528613845567,,0.3125,,False,0.15834528613845567,
draftkings,34118137,376149139,0QA376149139#2309774317_13L88808Q1-1472312629Q20,CeeDee Lamb,,NFL,2+ TDs,player_touchdown,,700.0,,34118137,2026-10-09T00:15:00.0000000Z,,2026-10-05T05:56:36.584594+00:00,rushing_tds+receiving_tds,estimated,1.0,0.9456521739130435,4.0,,0.9728260869565217,,0.25424564086476115,,0.125,,False,0.12924564086476115,
draftkings,34118137,376149139,0QA376149139#2309774319_13L88808Q1-416383636Q20,Bucky Irving,,NFL,2+ TDs,player_touchdown,,750.0,,34118137,2026-10-09T00:15:00.0000000Z,,2026-10-05T05:56:36.584594+00:00,rushing_tds+receiving_tds,estimated,0.25,0.13043478260869565,4.0,,0.19021739130434784,,0.0159528034404465,,0.11764705882352941,,False,-0.10169425538308291,
draftkings,34118137,376149139,0QA376149139#2309774318_13L88808Q11452024780Q20,George Pickens,,NFL,2+ TDs,player_touchdown,,900.0,,34118137,2026-10-09T00:15:00.0000000Z,,2026-10-05T05:56:36.584594+00:00,rushing_tds+receiving_tds,estimated,0.0,0.0,4.0,,0.0,,4.999838054850042e-13,,0.1,,False,-0.09999999999950002,
draftkings,34118137,376149139,0QA376149139#2309774386_13L88808Q1-691724415Q20,Jake Ferguson,,NFL,2+ TDs,player_touchdown,,2000.0,,34118137,2026-10-09T00:15:00.0000000Z,,2026-10-05T05:56:36.584594+00:00,rushing_tds+receiving_tds,estimated,0.75,0.7065217391304348,4.0,,0.7282608695652174,,0.1656858295610677,,0.047619047619047616,,False,0.11806678194202008,
draftkings,34118137,376149139,0QA376149139#2309774387_13L88808Q1-200940095Q20,Ryan Flournoy,,NFL,2+ TDs,player_touchdown,,2500.0,,34118137,2026-10-09T00:15:00.0000000Z,,2026-10-05T05:56:36.584594+00:00,rushing_tds+receiving_tds,estimated,0.0,0.0,4.0,,0.0,,4.999838054850042e-13,,0.038461538461538464,,False,-0.03846153846103848,
draftkings,34118137,376149139,0QA376149139#2309774320_13L88808Q11421125342Q20,Jalon Daniels,,NFL,2+ TDs,player_touchdown,,3000.0,,34118137,2026-10-09T00:15:00.0000000Z,,2026-10-05T05:56:36.584594+00:00,rushing_tds+receiving_tds,estimated,0.0,0.0,2.0,,0.0,,4.999838054850042e-13,,0.03225806451612903,,False,-0.03225806451562905,
draftkings,34118137,376149139,0QA376149139#2309774321_13L88808Q11465714566Q20,Emeka Egbuka,,NFL,2+ TDs,player_touchdown,,3500.0,,34118137,2026-10-09T00:15:00.0000000Z,,2026-10-05T05:56:36.584594+00:00,rushing_tds+receiving_tds,estimated,0.25,0.21739130434782608,4.0,,0.23369565217391303,,0.02340318854195575,,0.027777777777777776,,False,-0.004374589235822027,
draftkings,34118137,376149139,0QA376149139#2309774398_13L88808Q1-1264920135Q20,Cade Otton,,NFL,2+ TDs,player_touchdown,,4000.0,,34118137,2026-10-09T00:15:00.0000000Z,,2026-10-05T05:56:36.584594+00:00,rushing_tds+receiving_tds,estimated,0.0,0.0,4.0,,0.0,,4.999838054850042e-13,,0.024390243902439025,,False,-0.02439024390193904,
draftkings,34118137,376149139,0QA376149139#2309774399_13L88808Q11273477418Q20,Chris Godwin,,NFL,2+ TDs,player_touchdown,,5000.0,,34118137,2026-10-09T00:15:00.0000000Z,,2026-10-05T05:56:36.584594+00:00,rushing_tds+receiving_tds,estimated,0.0,0.0,4.0,,0.0,,4.999838054850042e-13,,0.0196078431372549,,False,-0.019607843136754916,
draftkings,34118137,376149139,0QA376149139#2309774389_13L88808Q11269559575Q20,Dak Prescott,,NFL,2+ TDs,player_touchdown,,7000.0,,34118137,2026-10-09T00:15:00.0000000Z,,2026-10-05T05:56:36.584594+00:00,rushing_tds+receiving_tds,estimated,0.0,0.0,4.0,,0.0,,4.999838054850042e-13,,0.014084507042253521,,False,-0.014084507041753538,
betmgm,2978660,firsttd,16739,Bijan Robinson,ATL,NFL,firsttd,player_touchdown,,300.0,,2978660,,,2026-10-05T05:56:49.976688+00:00,rushing_tds+receiving_tds,unsupported_market_first_scorer,,,,,,,,,,,,,
betmgm,2978660,firsttd,11732,Alvin Kamara,NO,NFL,firsttd,player_touchdown,,775.0,,2978660,,,2026-10-05T05:56:49.976688+00:00,rushing_tds+receiving_tds,unsupported_market_first_scorer,,,,,,,,,,,,,
betmgm,2978660,firsttd,15895,Chris Olave,NO,NFL,firsttd,player_touchdown,,750.0,,2978660,,,2026-10-05T05:56:49.976688+00:00,rushing_tds+receiving_tds,unsupported_market_first_scorer,,,,,,,,,,,,,
betmgm,2978660,firsttd,15868,Drake London,ATL,NFL,firsttd,player_touchdown,,850.0,,2978660,,,2026-10-05T05:56:49.976688+00:00,rushing_tds+receiving_tds,unsupported_market_first_scorer,,,,,,,,,,,,,
betmgm,2978660,firsttd,17975,Devaughn Vele,NO,NFL,firsttd,player_touchdown,,1300.0,,2978660,,,2026-10-05T05:56:49.976688+00:00,rushing_tds+receiving_tds,unsupported_market_first_scorer,,,,,,,,,,,,,
betmgm,2978660,firsttd,14630,Juwan Johnson,NO,NFL,firsttd,player_touchdown,,1300.0,,2978660,,,2026-10-05T05:56:49.976688+00:00,rushing_tds+receiving_tds,unsupported_market_first_scorer,,,,,,,,,,,,,
betmgm,2978660,firsttd,16898,Kendre Miller,NO,NFL,firsttd,player_touchdown,,1250.0,,2978660,,,2026-10-05T05:56:49.976688+00:00,rushing_tds+receiving_tds,unsupported_market_first_scorer,,,,,,,,,,,,,
betmgm,2978660,firsttd,17037,Tyler Shough,NO,NFL,firsttd,player_touchdown,,1550.0,,2978660,,,2026-10-05T05:56:49.976688+00:00,rushing_tds+receiving_tds,unsupported_market_first_scorer,,,,,,,,,,,,,
betmgm,2978660,firsttd,15907,Brian Robinson,ATL,NFL,firsttd,player_touchdown,,1550.0,,2978660,,,2026-10-05T05:56:49.976688+00:00,rushing_tds+receiving_tds,unsupported_market_first_scorer,,,,,,,,,,,,,
betmgm,2978660,firsttd,15265,Kyle Pitts,ATL,NFL,firsttd,player_touchdown,,1850.0,,2978660,,,2026-10-05T05:56:49.976688+00:00,rushing_tds+receiving_tds,unsupported_market_first_scorer,,,,,,,,,,,,,
betmgm,2978660,firsttd,13426,Noah Fant,NO,NFL,firsttd,player_touchdown,,2500.0,,2978660,,,2026-10-05T05:56:49.976688+00:00,rushing_tds+receiving_tds,unsupported_market_first_scorer,,,,,,,,,,,,,
betmgm,2978660,firsttd,15850,Jahan Dotson,ATL,NFL,firsttd,player_touchdown,,2500.0,,2978660,,,2026-10-05T05:56:49.976688+00:00,rushing_tds+receiving_tds,unsupported_market_first_scorer,,,,,,,,,,,,,
betmgm,2978660,firsttd,19319,Bryce Lance,NO,NFL,firsttd,player_touchdown,,2800.0,,2978660,,,2026-10-05T05:56:49.976688+00:00,rushing_tds+receiving_tds,unsupported_market_first_scorer,,,,,,,,,,,,,
betmgm,2978660,firsttd,10748,Austin Hooper,ATL,NFL,firsttd,player_touchdown,,3500.0,,2978660,,,2026-10-05T05:56:49.976688+00:00,rushing_tds+receiving_tds,unsupported_market_first_scorer,,,,,,,,,,,,,
betmgm,2978660,firsttd,13833,Olamide Zaccheaus,ATL,NFL,firsttd,player_touchdown,,3500.0,,2978660,,,2026-10-05T05:56:49.976688+00:00,rushing_tds+receiving_tds,unsupported_market_first_scorer,,,,,,,,,,,,,
betmgm,2978660,firsttd,19431,CJ Donaldson,NO,NFL,firsttd,player_touchdown,,4000.0,,2978660,,,2026-10-05T05:56:49.976688+00:00,rushing_tds+receiving_tds,unsupported_market_first_scorer,,,,,,,,,,,,,
betmgm,2978660,firsttd,17700,Michael Penix,ATL,NFL,firsttd,player_touchdown,,4500.0,,2978660,,,2026-10-05T05:56:49.976688+00:00,rushing_tds+receiving_tds,unsupported_market_first_scorer,,,,,,,,,,,,,
betmgm,2978660,firsttd,19262,Zachariah Branch,ATL,NFL,firsttd,player_touchdown,,5500.0,,2978660,,,2026-10-05T05:56:49.976688+00:00,rushing_tds+receiving_tds,unsupported_market_first_scorer,,,,,,,,,,,,,
betmgm,2978660,firsttd,14608,Charlie Woerner,ATL,NFL,firsttd,player_touchdown,,6600.0,,2978660,,,2026-10-05T05:56:49.976688+00:00,rushing_tds+receiving_tds,unsupported_market_first_scorer,,,,,,,,,,,,,
betmgm,2978660,firsttd,15376,Chris Blair,ATL,NFL,firsttd,player_touchdown,,6600.0,,2978660,,,2026-10-05T05:56:49.976688+00:00,rushing_tds+receiving_tds,unsupported_market_first_scorer,,,,,,,,,,,,,
betmgm,2978660,anytd,16739,Bijan Robinson,ATL,NFL,anytd,player_touchdown,,-235.0,,2978660,,,2026-10-05T05:56:49.976688+00:00,rushing_tds+receiving_tds,estimated,1.0,1.125,3.0,,1.0625,,0.6544092474230254,,0.7014925373134329,,False,-0.04708328989040744,
betmgm,2978660,anytd,15895,Chris Olave,NO,NFL,anytd,player_touchdown,,120.0,,2978660,,,2026-10-05T05:56:49.976688+00:00,rushing_tds+receiving_tds,estimated,0.3333333333333333,0.3125,3.0,,0.32291666666666663,,0.2759658119636861,,0.45454545454545453,,False,-0.17857964258176845,
betmgm,2978660,anytd,11732,Alvin Kamara,NO,NFL,anytd,player_touchdown,,135.0,,2978660,,,2026-10-05T05:56:49.976688+00:00,rushing_tds+receiving_tds,estimated,0.0,0.0,2.0,,0.0,,9.999994999843054e-07,,0.425531914893617,,False,-0.42553091489411704,
betmgm,2978660,anytd,15868,Drake London,ATL,NFL,anytd,player_touchdown,,135.0,,2978660,,,2026-10-05T05:56:49.976688+00:00,rushing_tds+receiving_tds,estimated,0.0,0.0,3.0,,0.0,,9.999994999843054e-07,,0.425531914893617,,False,-0.42553091489411704,
betmgm,2978660,anytd,17975,Devaughn Vele,NO,NFL,anytd,player_touchdown,,240.0,,2978660,,,2026-10-05T05:56:49.976688+00:00,rushing_tds+receiving_tds,estimated,0.3333333333333333,0.25,3.0,,0.29166666666666663,,0.25298249968956743,,0.29411764705882354,,False,-0.04113514736925611,
betmgm,2978660,anytd,14630,Juwan Johnson,NO,NFL,anytd,player_touchdown,,230.0,,2978660,,,2026-10-05T05:56:49.976688+00:00,rushing_tds+receiving_tds,estimated,1.0,1.125,3.0,,1.0625,,0.6544092474230254,,0.30303030303030304,,False,0.3513789443927224,
betmgm,2978660,anytd,17037,Tyler Shough,NO,NFL,anytd,player_touchdown,,270.0,,2978660,,,2026-10-05T05:56:49.976688+00:00,rushing_tds+receiving_tds,estimated,0.3333333333333333,0.3125,3.0,,0.32291666666666663,,0.2759658119636861,,0.2702702702702703,,False,0.005695541693415795,
betmgm,2978660,anytd,16898,Kendre Miller,NO,NFL,anytd,player_touchdown,,250.0,,2978660,,,2026-10-05T05:56:49.976688+00:00,rushing_tds+receiving_tds,estimated,0.5,0.4166666666666667,2.0,,0.45833333333333337,,0.36766333781375027,,0.2857142857142857,,False,0.08194905209946457,
betmgm,2978660,anytd,15907,Brian Robinson,ATL,NFL,anytd,player_touchdown,,290.0,,2978660,,,2026-10-05T05:56:49.976688+00:00,rushing_tds+receiving_tds,estimated,0.3333333333333333,0.43749999999999994,3.0,,0.38541666666666663,,0.3198328258351383,,0.2564102564102564,,False,0.06342256942488189,
betmgm,2978660,anytd,15265,Kyle Pitts,ATL,NFL,anytd,player_touchdown,,350.0,,2978660,,,2026-10-05T05:56:49.976688+00:00,rushing_tds+receiving_tds,estimated,0.0,0.0,3.0,,0.0,,9.999994999843054e-07,,0.2222222222222222,,False,-0.22222122222272223,
betmgm,2978660,anytd,15850,Jahan Dotson,ATL,NFL,anytd,player_touchdown,,475.0,,2978660,,,2026-10-05T05:56:49.976688+00:00,rushing_tds+receiving_tds,estimated,0.0,0.0,3.0,,0.0,,9.999994999843054e-07,,0.17391304347826086,,False,-0.17391204347876088,
betmgm,2978660,anytd,13426,Noah Fant,NO,NFL,anytd,player_touchdown,,500.0,,2978660,,,2026-10-05T05:56:49.976688+00:00,rushing_tds+receiving_tds,estimated,1.0,1.125,3.0,,1.0625,,0.6544092474230254,,0.16666666666666666,,False,0.4877425807563588,
betmgm,2978660,anytd,19319,Bryce Lance,NO,NFL,anytd,player_touchdown,,575.0,,2978660,,,2026-10-05T05:56:49.976688+00:00,rushing_tds+receiving_tds,estimated,0.0,0.0,3.0,,0.0,,9.999994999843054e-07,,0.14814814814814814,,False,-0.14814714814864816,
betmgm,2978660,anytd,13833,Olamide Zaccheaus,ATL,NFL,anytd,player_touchdown,,775.0,,2978660,,,2026-10-05T05:56:49.976688+00:00,rushing_tds+receiving_tds,estimated,0.0,0.0,3.0,,0.0,,9.999994999843054e-07,,0.11428571428571428,,False,-0.1142847142862143,
betmgm,2978660,anytd,10748,Austin Hooper,ATL,NFL,anytd,player_touchdown,,775.0,,2978660,,,2026-10-05T05:56:49.976688+00:00,rushing_tds+receiving_tds,estimated,0.5,0.5833333333333334,2.0,,0.5416666666666667,,0.41822218579019177,,0.11428571428571428,,False,0.3039364715044775,
betmgm,2978660,anytd,19431,CJ Donaldson,NO,NFL,anytd,player_touchdown,,775.0,,2978660,,,2026-10-05T05:56:49.976688+00:00,rushing_tds+receiving_tds,estimated,0.0,0.0,3.0,,0.0,,9.999994999843054e-07,,0.11428571428571428,,False,-0.1142847142862143,
betmgm,2978660,anytd,17700,Michael Penix,ATL,NFL,anytd,player_touchdown,,1000.0,,2978660,,,2026-10-05T05:56:49.976688+00:00,rushing_tds+receiving_tds,insufficient_history,,,1.0,,,,,,,,,,
betmgm,2978660,anytd,19262,Zachariah Branch,ATL,NFL,anytd,player_touchdown,,1300.0,,2978660,,,2026-10-05T05:56:49.976688+00:00,rushing_tds+receiving_tds,estimated,0.0,0.0,3.0,,0.0,,9.999994999843054e-07,,0.07142857142857142,,False,-0.07142757142907144,
betmgm,2978660,anytd,14608,Charlie Woerner,ATL,NFL,anytd,player_touchdown,,2000.0,,2978660,,,2026-10-05T05:56:49.976688+00:00,rushing_tds+receiving_tds,insufficient_history,,,1.0,,,,,,,,,,
betmgm,2978660,anytd,15376,Chris Blair,ATL,NFL,anytd,player_touchdown,,1750.0,,2978660,,,2026-10-05T05:56:49.976688+00:00,rushing_tds+receiving_tds,estimated,0.0,0.0,3.0,,0.0,,9.999994999843054e-07,,0.05405405405405406,,False,-0.05405305405455407,
betmgm,2978660,anytd,16286,Nick Muse,ATL,NFL,anytd,player_touchdown,,3300.0,,2978660,,,2026-10-05T05:56:49.976688+00:00,rushing_tds+receiving_tds,estimated,0.0,0.0,2.0,,0.0,,9.999994999843054e-07,,0.029411764705882353,,False,-0.029410764706382368,
betmgm,2978660,comp,17700,Michael Penix,ATL,NFL,comp,player_performance,19.5,-111.0,-120.0,2978660,,,2026-10-05T05:56:49.976688+00:00,,unsupported_stat_type,,,,,,,,,,,,,
betmgm,2978660,passatt,17700,Michael Penix,ATL,NFL,passatt,player_performance,31.5,-115.0,-115.0,2978660,,,2026-10-05T05:56:49.976688+00:00,,unsupported_stat_type,,,,,,,,,,,,,
betmgm,2978660,passatt,17037,Tyler Shough,NO,NFL,passatt,player_performance,35.5,-105.0,-125.0,2978660,,,2026-10-05T05:56:49.976688+00:00,,unsupported_stat_type,,,,,,,,,,,,,
betmgm,2978660,passyds,17700,Michael Penix,ATL,NFL,passyds,player_performance,223.5,-115.0,-115.0,2978660,,,2026-10-05T05:56:49.976688+00:00,,unsupported_stat_type,,,,,,,,,,,,,
betmgm,2978660,passyds,17037,Tyler Shough,NO,NFL,passyds,player_performance,260.5,-115.0,-115.0,2978660,,,2026-10-05T05:56:49.976688+00:00,,unsupported_stat_type,,,,,,,,,,,,,
betmgm,2978660,passtd,17700,Michael Penix,ATL,NFL,passtd,player_performance,1.5,120.0,-160.0,2978660,,,2026-10-05T05:56:49.976688+00:00,,unsupported_stat_type,,,,,,,,,,,,,
betmgm,2978660,passtd,17037,Tyler Shough,NO,NFL,passtd,player_performance,1.5,-130.0,-105.0,2978660,,,2026-10-05T05:56:49.976688+00:00,,unsupported_stat_type,,,,,,,,,,,,,
betmgm,2978660,intsthrown,17700,Michael Penix,ATL,NFL,intsthrown,player_performance,0.5,-105.0,-125.0,2978660,,,2026-10-05T05:56:49.976688+00:00,,unsupported_stat_type,,,,,,,,,,,,,
betmgm,2978660,intsthrown,17037,Tyler Shough,NO,NFL,intsthrown,player_performance,0.5,100.0,-135.0,2978660,,,2026-10-05T05:56:49.976688+00:00,,unsupported_stat_type,,,,,,,,,,,,,
betmgm,2978660,recs,10748,Austin Hooper,ATL,NFL,recs,player_performance,0.5,-235.0,175.0,2978660,,,2026-10-05T05:56:49.976688+00:00,receptions,estimated,2.0,2.0,2.0,15.0,34.0,1.161895003862225,1.0,0.0,0.6585987261146496,0.3414012738853503,False,0.34140127388535035,-0.3414012738853503
betmgm,2978660,recs,15850,Jahan Dotson,ATL,NFL,recs,player_performance,1.5,-140.0,105.0,2978660,,,2026-10-05T05:56:49.976688+00:00,receptions,estimated,1.3333333333333333,1.3125,3.0,14.0,22.375,2.1602468994692865,1.0,0.0,0.5445920303605313,0.4554079696394686,False,0.4554079696394687,-0.4554079696394686
betmgm,2978660,recs,13426,Noah Fant,NO,NFL,recs,player_performance,1.5,-165.0,125.0,2978660,,,2026-10-05T05:56:49.976688+00:00,receptions,estimated,2.6666666666666665,2.75,3.0,14.0,46.5,8.640987597877148,0.9999999044217454,9.557825464412417e-08,0.5834970530451867,0.4165029469548134,False,0.4165028513765586,-0.41650285137655874
betmgm,2978660,recs,13833,Olamide Zaccheaus,ATL,NFL,recs,player_performance,1.5,165.0,-220.0,2978660,,,2026-10-05T05:56:49.976688+00:00,receptions,estimated,1.3333333333333333,1.4375,3.0,14.0,24.125,2.1602468994692865,1.0,0.0,0.35437430786268,0.6456256921373201,False,0.64562569213732,-0.6456256921373201
betmgm,2978660,recs,11732,Alvin Kamara,NO,NFL,recs,player_performance,2.5,-185.0,135.0,2978660,,,2026-10-05T05:56:49.976688+00:00,receptions,estimated,3.0,2.666666666666667,2.0,15.0,46.00000000000001,10.954451150103324,0.999964212488991,3.578751100896671e-05,0.6040291767974991,0.3959708232025009,False,0.3959350356914919,-0.3959350356914919
betmgm,2978660,recs,15265,Kyle Pitts,ATL,NFL,recs,player_performance,2.5,-150.0,110.0,2978660,,,2026-10-05T05:56:49.976688+00:00,receptions,estimated,0.6666666666666666,0.75,3.0,14.0,12.5,2.160246899469287,0.9999981637124429,1.8362875571220627e-06,0.5575221238938053,0.4424778761061947,False,0.4424760398186376,-0.4424760398186376
betmgm,2978660,recs,17975,Devaughn Vele,NO,NFL,recs,player_performance,3.5,-165.0,125.0,2978660,,,2026-10-05T05:56:49.976688+00:00,receptions,estimated,5.0,4.625,3.0,14.0,79.75,7.483314773547883,1.0,0.0,0.5834970530451867,0.4165029469548134,False,0.41650294695481327,-0.4165029469548134
betmgm,2978660,recs,16739,Bijan Robinson,ATL,NFL,recs,player_performance,4.5,-105.0,-125.0,2978660,,,2026-10-05T05:56:49.976688+00:00,receptions,estimated,4.333333333333333,3.8125,3.0,14.0,66.375,12.027745701779143,0.9999998657796247,1.3422037525856467e-07,0.4796954314720812,0.5203045685279188,False,0.5203044343075436,-0.5203044343075436
betmgm,2978660,recs,15868,Drake London,ATL,NFL,recs,player_performance,5.5,-150.0,110.0,2978660,,,2026-10-05T05:56:49.976688+00:00,receptions,estimated,5.0,5.6875,3.0,14.0,94.625,13.49073756323204,0.9999999999803091,1.9690915564751776e-11,0.5575221238938053,0.4424778761061947,False,0.4424778760865038,-0.4424778760865038
betmgm,2978660,recs,15895,Chris Olave,NO,NFL,recs,player_performance,6.5,-150.0,110.0,2978660,,,2026-10-05T05:56:49.976688+00:00,receptions,estimated,9.0,8.9375,3.0,14.0,152.125,3.7416573867739413,1.0,0.0,0.5575221238938053,0.4424778761061947,False,0.4424778761061947,-0.4424778761061947
betmgm,2978660,rushrec,11732,Alvin Kamara,NO,NFL,rushrec,player_performance,57.5,-115.0,-115.0,2978660,,,2026-10-05T05:56:49.976688+00:00,,unsupported_stat_type,,,,,,,,,,,,,
betmgm,2978660,rushrec,16739,Bijan Robinson,ATL,NFL,rushrec,player_performance,129.5,-115.0,-115.0,2978660,,,2026-10-05T05:56:49.976688+00:00,,unsupported_stat_type,,,,,,,,,,,,,
betmgm,2978660,recyds,10748,Austin Hooper,ATL,NFL,recyds,player_performance,7.5,-120.0,-110.0,2978660,,,2026-10-05T05:56:49.976688+00:00,,unsupported_stat_type,,,,,,,,,,,,,
betmgm,2978660,recyds,13833,Olamide Zaccheaus,ATL,NFL,recyds,player_performance,8.5,-120.0,-110.0,2978660,,,2026-10-05T05:56:49.976688+00:00,,unsupported_stat_type,,,,,,,,,,,,,
betmgm,2978660,recyds,13426,Noah Fant,NO,NFL,recyds,player_performance,15.5,-120.0,-110.0,2978660,,,2026-10-05T05:56:49.976688+00:00,,unsupported_stat_type,,,,,,,,,,,,,
betmgm,2978660,recyds,11732,Alvin Kamara,NO,NFL,recyds,player_performance,16.5,-120.0,-110.0,2978660,,,2026-10-05T05:56:49.976688+00:00,,unsupported_stat_type,,,,,,,,,,,,,
betmgm,2978660,recyds,15850,Jahan Dotson,ATL,NFL,recyds,player_performance,19.5,-115.0,-115.0,2978660,,,2026-10-05T05:56:49.976688+00:00,,unsupported_stat_type,,,,,,,,,,,,,
betmgm,2978660,recyds,15265,Kyle Pitts,ATL,NFL,recyds,player_performance,28.5,-125.0,-105.0,2978660,,,2026-10-05T05:56:49.976688+00:00,,unsupported_stat_type,,,,,,,,,,,,,
betmgm,2978660,recyds,16739,Bijan Robinson,ATL,NFL,recyds,player_performance,39.5,-111.0,-118.0,2978660,,,2026-10-05T05:56:49.976688+00:00,,unsupported_stat_type,,,,,,,,,,,,,
betmgm,2978660,recyds,14630,Juwan Johnson,NO,NFL,recyds,player_performance,39.5,-115.0,-115.0,2978660,,,2026-10-05T05:56:49.976688+00:00,,unsupported_stat_type,,,,,,,,,,,,,
betmgm,2978660,recyds,17975,Devaughn Vele,NO,NFL,recyds,player_performance,45.5,-115.0,-115.0,2978660,,,2026-10-05T05:56:49.976688+00:00,,unsupported_stat_type,,,,,,,,,,,,,
betmgm,2978660,recyds,15868,Drake London,ATL,NFL,recyds,player_performance,75.5,-115.0,-115.0,2978660,,,2026-10-05T05:56:49.976688+00:00,,unsupported_stat_type,,,,,,,,,,,,,
betmgm,2978660,recyds,15895,Chris Olave,NO,NFL,recyds,player_performance,86.5,-115.0,-115.0,2978660,,,2026-10-05T05:56:49.976688+00:00,,unsupported_stat_type,,,,,,,,,,,,,
betmgm,2978660,rushyds,17700,Michael Penix,ATL,NFL,rushyds,player_performance,4.5,-120.0,-111.0,2978660,,,2026-10-05T05:56:49.976688+00:00,,unsupported_stat_type,,,,,,,,,,,,,
betmgm,2978660,rushyds,17037,Tyler Shough,NO,NFL,rushyds,player_performance,16.5,-115.0,-115.0,2978660,,,2026-10-05T05:56:49.976688+00:00,,unsupported_stat_type,,,,,,,,,,,,,
betmgm,2978660,rushyds,16898,Kendre Miller,NO,NFL,rushyds,player_performance,25.5,-115.0,-115.0,2978660,,,2026-10-05T05:56:49.976688+00:00,,unsupported_stat_type,,,,,,,,,,,,,
betmgm,2978660,rushyds,15907,Brian Robinson,ATL,NFL,rushyds,player_performance,31.5,-111.0,-120.0,2978660,,,2026-10-05T05:56:49.976688+00:00,,unsupported_stat_type,,,,,,,,,,,,,
betmgm,2978660,rushyds,11732,Alvin Kamara,NO,NFL,rushyds,player_performance,36.5,-115.0,-115.0,2978660,,,2026-10-05T05:56:49.976688+00:00,,unsupported_stat_type,,,,,,,,,,,,,
betmgm,2978660,rushyds,16739,Bijan Robinson,ATL,NFL,rushyds,player_performance,85.5,-115.0,-115.0,2978660,,,2026-10-05T05:56:49.976688+00:00,,unsupported_stat_type,,,,,,,,,,,,,
