series_ticker,market_ticker,city_label,station_id,target_date,strike_type,floor_strike,cap_strike,settlement_source_name,settlement_source_url,yes_bid,yes_ask,no_bid,no_ask,yes_ask_size,yes_bid_size,volume,liquidity,close_time,status,pulled_at
KXHIGHTSFO,KXHIGHTSFO-26SEP13-T74,San Francisco High Temperature Daily,KSFO,2026-09-13,greater,74.0,,The Weather Company,https://weather.com/kalshi,0.02,0.03,0.97,0.98,11.0,10.0,152.65,0.0,2026-09-14T08:00:00Z,active,2026-09-13T10:16:31.764181+00:00
KXHIGHTSFO,KXHIGHTSFO-26SEP13-T67,San Francisco High Temperature Daily,KSFO,2026-09-13,less,,67.0,The Weather Company,https://weather.com/kalshi,0.0,0.01,0.99,1.0,26.21,0.0,306.74,0.0,2026-09-14T08:00:00Z,active,2026-09-13T10:16:31.764181+00:00
KXHIGHTSFO,KXHIGHTSFO-26SEP13-B73.5,San Francisco High Temperature Daily,KSFO,2026-09-13,between,73.0,74.0,The Weather Company,https://weather.com/kalshi,0.02,0.04,0.96,0.98,28.21,15.79,1568.81,0.0,2026-09-14T08:00:00Z,active,2026-09-13T10:16:31.764181+00:00
KXHIGHTSFO,KXHIGHTSFO-26SEP13-B71.5,San Francisco High Temperature Daily,KSFO,2026-09-13,between,71.0,72.0,The Weather Company,https://weather.com/kalshi,0.49,0.51,0.49,0.51,53.0,4.0,1162.16,0.0,2026-09-14T08:00:00Z,active,2026-09-13T10:16:31.764181+00:00
KXHIGHTSFO,KXHIGHTSFO-26SEP13-B69.5,San Francisco High Temperature Daily,KSFO,2026-09-13,between,69.0,70.0,The Weather Company,https://weather.com/kalshi,0.37,0.41,0.59,0.63,14.0,73.0,2117.06,0.0,2026-09-14T08:00:00Z,active,2026-09-13T10:16:31.764181+00:00
KXHIGHTSFO,KXHIGHTSFO-26SEP13-B67.5,San Francisco High Temperature Daily,KSFO,2026-09-13,between,67.0,68.0,The Weather Company,https://weather.com/kalshi,0.02,0.05,0.95,0.98,30.0,181.21,771.65,0.0,2026-09-14T08:00:00Z,active,2026-09-13T10:16:31.764181+00:00
KXLOWTCHI,KXLOWTCHI-26SEP13-T64,Lowest Temperature Chicago,KMDW,2026-09-13,greater,64.0,,The Weather Company,https://weather.com/kalshi,0.02,0.03,0.97,0.98,64.0,0.01,557.83,0.0,2026-09-14T06:00:00Z,active,2026-09-13T10:16:31.764181+00:00
KXLOWTCHI,KXLOWTCHI-26SEP13-T57,Lowest Temperature Chicago,KMDW,2026-09-13,less,,57.0,The Weather Company,https://weather.com/kalshi,0.0,0.02,0.98,1.0,4.0,0.0,68.4,0.0,2026-09-14T06:00:00Z,active,2026-09-13T10:16:31.764181+00:00
KXLOWTCHI,KXLOWTCHI-26SEP13-B63.5,Lowest Temperature Chicago,KMDW,2026-09-13,between,63.0,64.0,The Weather Company,https://weather.com/kalshi,0.08,0.15,0.85,0.92,3.0,0.01,467.64,0.0,2026-09-14T06:00:00Z,active,2026-09-13T10:16:31.764181+00:00
KXLOWTCHI,KXLOWTCHI-26SEP13-B61.5,Lowest Temperature Chicago,KMDW,2026-09-13,between,61.0,62.0,The Weather Company,https://weather.com/kalshi,0.26,0.32,0.68,0.74,1.0,0.01,442.84,0.0,2026-09-14T06:00:00Z,active,2026-09-13T10:16:31.764181+00:00
KXLOWTCHI,KXLOWTCHI-26SEP13-B59.5,Lowest Temperature Chicago,KMDW,2026-09-13,between,59.0,60.0,The Weather Company,https://weather.com/kalshi,0.37,0.45,0.55,0.63,18.99,4.0,649.1,0.0,2026-09-14T06:00:00Z,active,2026-09-13T10:16:31.764181+00:00
KXLOWTCHI,KXLOWTCHI-26SEP13-B57.5,Lowest Temperature Chicago,KMDW,2026-09-13,between,57.0,58.0,The Weather Company,https://weather.com/kalshi,0.15,0.16,0.84,0.85,2.0,23.04,193.45,0.0,2026-09-14T06:00:00Z,active,2026-09-13T10:16:31.764181+00:00
KXHIGHTHOU,KXHIGHTHOU-26SEP13-T98,Daily High Temperature Houston,KHOU,2026-09-13,greater,98.0,,The Weather Company,https://weather.com/kalshi,0.0,0.01,0.99,1.0,289.72,0.0,864.04,0.0,2026-09-14T06:00:00Z,active,2026-09-13T10:16:31.764181+00:00
KXHIGHTHOU,KXHIGHTHOU-26SEP13-T91,Daily High Temperature Houston,KHOU,2026-09-13,less,,91.0,The Weather Company,https://weather.com/kalshi,0.02,0.08,0.92,0.98,43.26,214.0,503.47,0.0,2026-09-14T06:00:00Z,active,2026-09-13T10:16:31.764181+00:00
KXHIGHTHOU,KXHIGHTHOU-26SEP13-B97.5,Daily High Temperature Houston,KHOU,2026-09-13,between,97.0,98.0,The Weather Company,https://weather.com/kalshi,0.04,0.05,0.95,0.96,10.0,170.05,513.94,0.0,2026-09-14T06:00:00Z,active,2026-09-13T10:16:31.764181+00:00
KXHIGHTHOU,KXHIGHTHOU-26SEP13-B95.5,Daily High Temperature Houston,KHOU,2026-09-13,between,95.0,96.0,The Weather Company,https://weather.com/kalshi,0.29,0.3,0.7,0.71,6.0,52.0,502.53,0.0,2026-09-14T06:00:00Z,active,2026-09-13T10:16:31.764181+00:00
KXHIGHTHOU,KXHIGHTHOU-26SEP13-B93.5,Daily High Temperature Houston,KHOU,2026-09-13,between,93.0,94.0,The Weather Company,https://weather.com/kalshi,0.48,0.49,0.51,0.52,42.0,11.0,664.9,0.0,2026-09-14T06:00:00Z,active,2026-09-13T10:16:31.764181+00:00
KXHIGHTHOU,KXHIGHTHOU-26SEP13-B91.5,Daily High Temperature Houston,KHOU,2026-09-13,between,91.0,92.0,The Weather Company,https://weather.com/kalshi,0.14,0.19,0.81,0.86,16.0,2.01,337.1,0.0,2026-09-14T06:00:00Z,active,2026-09-13T10:16:31.764181+00:00
KXHIGHNY,KXHIGHNY-26SEP13-T85,Highest temperature in NYC,KNYC,2026-09-13,greater,85.0,,The Weather Company,https://weather.com/kalshi,0.0,0.01,0.99,1.0,5828.22,0.0,1337.52,0.0,2026-09-14T05:00:00Z,active,2026-09-13T10:16:31.764181+00:00
KXHIGHNY,KXHIGHNY-26SEP13-T78,Highest temperature in NYC,KNYC,2026-09-13,less,,78.0,The Weather Company,https://weather.com/kalshi,0.31,0.32,0.68,0.69,31.0,7.0,7554.97,0.0,2026-09-14T05:00:00Z,active,2026-09-13T10:16:31.764181+00:00
KXHIGHNY,KXHIGHNY-26SEP13-B84.5,Highest temperature in NYC,KNYC,2026-09-13,between,84.0,85.0,The Weather Company,https://weather.com/kalshi,0.01,0.02,0.98,0.99,33.0,347.12,1259.07,0.0,2026-09-14T05:00:00Z,active,2026-09-13T10:16:31.764181+00:00
KXHIGHNY,KXHIGHNY-26SEP13-B82.5,Highest temperature in NYC,KNYC,2026-09-13,between,82.0,83.0,The Weather Company,https://weather.com/kalshi,0.05,0.06,0.94,0.95,57.0,24.95,5031.94,0.0,2026-09-14T05:00:00Z,active,2026-09-13T10:16:31.764181+00:00
KXHIGHNY,KXHIGHNY-26SEP13-B80.5,Highest temperature in NYC,KNYC,2026-09-13,between,80.0,81.0,The Weather Company,https://weather.com/kalshi,0.24,0.29,0.71,0.76,41.0,42.0,5147.31,0.0,2026-09-14T05:00:00Z,active,2026-09-13T10:16:31.764181+00:00
KXHIGHNY,KXHIGHNY-26SEP13-B78.5,Highest temperature in NYC,KNYC,2026-09-13,between,78.0,79.0,The Weather Company,https://weather.com/kalshi,0.39,0.4,0.6,0.61,49.0,2.0,4649.69,0.0,2026-09-14T05:00:00Z,active,2026-09-13T10:16:31.764181+00:00
KXLOWTPHX,KXLOWTPHX-26SEP13-T87,Low Temperature Phoenix,KPHX,2026-09-13,greater,87.0,,The Weather Company,https://weather.com/kalshi,0.03,0.09,0.91,0.97,1.0,34.0,719.99,0.0,2026-09-14T07:00:00Z,active,2026-09-13T10:16:31.764181+00:00
KXLOWTPHX,KXLOWTPHX-26SEP13-T80,Low Temperature Phoenix,KPHX,2026-09-13,less,,80.0,The Weather Company,https://weather.com/kalshi,0.0,0.02,0.98,1.0,6.0,0.0,25.53,0.0,2026-09-14T07:00:00Z,active,2026-09-13T10:16:31.764181+00:00
KXLOWTPHX,KXLOWTPHX-26SEP13-B86.5,Low Temperature Phoenix,KPHX,2026-09-13,between,86.0,87.0,The Weather Company,https://weather.com/kalshi,0.28,0.37,0.63,0.72,6.0,52.0,214.24,0.0,2026-09-14T07:00:00Z,active,2026-09-13T10:16:31.764181+00:00
KXLOWTPHX,KXLOWTPHX-26SEP13-B84.5,Low Temperature Phoenix,KPHX,2026-09-13,between,84.0,85.0,The Weather Company,https://weather.com/kalshi,0.48,0.49,0.51,0.52,8.0,5.0,302.53,0.0,2026-09-14T07:00:00Z,active,2026-09-13T10:16:31.764181+00:00
KXLOWTPHX,KXLOWTPHX-26SEP13-B82.5,Low Temperature Phoenix,KPHX,2026-09-13,between,82.0,83.0,The Weather Company,https://weather.com/kalshi,0.06,0.15,0.85,0.94,6.0,91.0,27.46,0.0,2026-09-14T07:00:00Z,active,2026-09-13T10:16:31.764181+00:00
KXLOWTPHX,KXLOWTPHX-26SEP13-B80.5,Low Temperature Phoenix,KPHX,2026-09-13,between,80.0,81.0,The Weather Company,https://weather.com/kalshi,0.02,0.11,0.89,0.98,8.0,30.0,25.39,0.0,2026-09-14T07:00:00Z,active,2026-09-13T10:16:31.764181+00:00
KXLOWTSDF,KXLOWTSDF-26SEP13-T71,Lowest Temperature SDX,KSDF,2026-09-13,greater,71.0,,The Weather Company,https://weather.com/kalshi,0.0,0.01,0.99,1.0,250.0,0.0,0.0,0.0,2026-09-14T05:00:00Z,active,2026-09-13T10:16:31.764181+00:00
KXLOWTSDF,KXLOWTSDF-26SEP13-T64,Lowest Temperature SDX,KSDF,2026-09-13,less,,64.0,The Weather Company,https://weather.com/kalshi,0.0,0.99,0.01,1.0,25.0,0.0,0.0,0.0,2026-09-14T05:00:00Z,active,2026-09-13T10:16:31.764181+00:00
KXLOWTSDF,KXLOWTSDF-26SEP13-B70.5,Lowest Temperature SDX,KSDF,2026-09-13,between,70.0,71.0,The Weather Company,https://weather.com/kalshi,0.35,0.97,0.03,0.65,29.0,0.01,204.0,0.0,2026-09-14T05:00:00Z,active,2026-09-13T10:16:31.764181+00:00
KXLOWTSDF,KXLOWTSDF-26SEP13-B68.5,Lowest Temperature SDX,KSDF,2026-09-13,between,68.0,69.0,The Weather Company,https://weather.com/kalshi,0.01,0.99,0.01,0.99,47.0,22.0,15.0,0.0,2026-09-14T05:00:00Z,active,2026-09-13T10:16:31.764181+00:00
KXLOWTSDF,KXLOWTSDF-26SEP13-B66.5,Lowest Temperature SDX,KSDF,2026-09-13,between,66.0,67.0,The Weather Company,https://weather.com/kalshi,0.01,0.83,0.17,0.99,72.0,22.0,2.0,0.0,2026-09-14T05:00:00Z,active,2026-09-13T10:16:31.764181+00:00
KXLOWTSDF,KXLOWTSDF-26SEP13-B64.5,Lowest Temperature SDX,KSDF,2026-09-13,between,64.0,65.0,The Weather Company,https://weather.com/kalshi,0.0,0.99,0.01,1.0,47.0,0.0,0.0,0.0,2026-09-14T05:00:00Z,active,2026-09-13T10:16:31.764181+00:00
KXHIGHTMIN,KXHIGHTMIN-26SEP13-T72,Minneapolis Daily High Temperature,KMSP,2026-09-13,greater,72.0,,The Weather Company,https://weather.com/kalshi,0.43,0.46,0.54,0.57,23.0,11.0,727.8,0.0,2026-09-14T06:00:00Z,active,2026-09-13T10:16:31.764181+00:00
KXHIGHTMIN,KXHIGHTMIN-26SEP13-T65,Minneapolis Daily High Temperature,KMSP,2026-09-13,less,,65.0,The Weather Company,https://weather.com/kalshi,0.0,0.01,0.99,1.0,415.23,0.0,385.65,0.0,2026-09-14T06:00:00Z,active,2026-09-13T10:16:31.764181+00:00
KXHIGHTMIN,KXHIGHTMIN-26SEP13-B71.5,Minneapolis Daily High Temperature,KMSP,2026-09-13,between,71.0,72.0,The Weather Company,https://weather.com/kalshi,0.41,0.43,0.57,0.59,2.0,32.0,729.21,0.0,2026-09-14T06:00:00Z,active,2026-09-13T10:16:31.764181+00:00
KXHIGHTMIN,KXHIGHTMIN-26SEP13-B69.5,Minneapolis Daily High Temperature,KMSP,2026-09-13,between,69.0,70.0,The Weather Company,https://weather.com/kalshi,0.1,0.11,0.89,0.9,7.0,1.03,668.75,0.0,2026-09-14T06:00:00Z,active,2026-09-13T10:16:31.764181+00:00
KXHIGHTMIN,KXHIGHTMIN-26SEP13-B67.5,Minneapolis Daily High Temperature,KMSP,2026-09-13,between,67.0,68.0,The Weather Company,https://weather.com/kalshi,0.02,0.03,0.97,0.98,9.0,14.0,408.57,0.0,2026-09-14T06:00:00Z,active,2026-09-13T10:16:31.764181+00:00
KXHIGHTMIN,KXHIGHTMIN-26SEP13-B65.5,Minneapolis Daily High Temperature,KMSP,2026-09-13,between,65.0,66.0,The Weather Company,https://weather.com/kalshi,0.01,0.02,0.98,0.99,6.0,543.77,230.94,0.0,2026-09-14T06:00:00Z,active,2026-09-13T10:16:31.764181+00:00
KXHIGHTSATX,KXHIGHTSATX-26SEP13-T98,San Antonio Daily Maximum Temperature,KSAT,2026-09-13,less,,98.0,The Weather Company,https://weather.com/kalshi,0.09,0.13,0.87,0.91,18.0,28.0,670.02,0.0,2026-09-14T06:00:00Z,active,2026-09-13T10:16:31.764181+00:00
KXHIGHTSATX,KXHIGHTSATX-26SEP13-T105,San Antonio Daily Maximum Temperature,KSAT,2026-09-13,greater,105.0,,The Weather Company,https://weather.com/kalshi,0.0,0.01,0.99,1.0,1026.79,0.0,200.0,0.0,2026-09-14T06:00:00Z,active,2026-09-13T10:16:31.764181+00:00
KXHIGHTSATX,KXHIGHTSATX-26SEP13-B98.5,San Antonio Daily Maximum Temperature,KSAT,2026-09-13,between,98.0,99.0,The Weather Company,https://weather.com/kalshi,0.59,0.6,0.4,0.41,53.9,12.0,783.21,0.0,2026-09-14T06:00:00Z,active,2026-09-13T10:16:31.764181+00:00
KXHIGHTSATX,KXHIGHTSATX-26SEP13-B104.5,San Antonio Daily Maximum Temperature,KSAT,2026-09-13,between,104.0,105.0,The Weather Company,https://weather.com/kalshi,0.02,0.03,0.97,0.98,158.81,0.15,149.49,0.0,2026-09-14T06:00:00Z,active,2026-09-13T10:16:31.764181+00:00
KXHIGHTSATX,KXHIGHTSATX-26SEP13-B102.5,San Antonio Daily Maximum Temperature,KSAT,2026-09-13,between,102.0,103.0,The Weather Company,https://weather.com/kalshi,0.02,0.04,0.96,0.98,18.0,43.0,305.9,0.0,2026-09-14T06:00:00Z,active,2026-09-13T10:16:31.764181+00:00
KXHIGHTSATX,KXHIGHTSATX-26SEP13-B100.5,San Antonio Daily Maximum Temperature,KSAT,2026-09-13,between,100.0,101.0,The Weather Company,https://weather.com/kalshi,0.31,0.32,0.68,0.69,11.0,45.52,861.23,0.0,2026-09-14T06:00:00Z,active,2026-09-13T10:16:31.764181+00:00
KXHIGHTNOLA,KXHIGHTNOLA-26SEP13-T95,New Orleans Max temp Daily,KMSY,2026-09-13,greater,95.0,,The Weather Company,https://weather.com/kalshi,0.01,0.02,0.98,0.99,45.0,40.87,130.38,0.0,2026-09-14T06:00:00Z,active,2026-09-13T10:16:31.764181+00:00
KXHIGHTNOLA,KXHIGHTNOLA-26SEP13-T88,New Orleans Max temp Daily,KMSY,2026-09-13,less,,88.0,The Weather Company,https://weather.com/kalshi,0.0,0.02,0.98,1.0,644.0,0.0,343.66,0.0,2026-09-14T06:00:00Z,active,2026-09-13T10:16:31.764181+00:00
KXHIGHTNOLA,KXHIGHTNOLA-26SEP13-B94.5,New Orleans Max temp Daily,KMSY,2026-09-13,between,94.0,95.0,The Weather Company,https://weather.com/kalshi,0.08,0.09,0.91,0.92,8.0,44.0,81.52,0.0,2026-09-14T06:00:00Z,active,2026-09-13T10:16:31.764181+00:00
KXHIGHTNOLA,KXHIGHTNOLA-26SEP13-B92.5,New Orleans Max temp Daily,KMSY,2026-09-13,between,92.0,93.0,The Weather Company,https://weather.com/kalshi,0.62,0.63,0.37,0.38,10.32,0.02,545.35,0.0,2026-09-14T06:00:00Z,active,2026-09-13T10:16:31.764181+00:00
KXHIGHTNOLA,KXHIGHTNOLA-26SEP13-B90.5,New Orleans Max temp Daily,KMSY,2026-09-13,between,90.0,91.0,The Weather Company,https://weather.com/kalshi,0.22,0.28,0.72,0.78,27.0,50.0,145.83,0.0,2026-09-14T06:00:00Z,active,2026-09-13T10:16:31.764181+00:00
KXHIGHTNOLA,KXHIGHTNOLA-26SEP13-B88.5,New Orleans Max temp Daily,KMSY,2026-09-13,between,88.0,89.0,The Weather Company,https://weather.com/kalshi,0.05,0.07,0.93,0.95,21.0,1.0,124.68,0.0,2026-09-14T06:00:00Z,active,2026-09-13T10:16:31.764181+00:00
KXLOWTLAX,KXLOWTLAX-26SEP13-T69,Lowest Temperature in LA,KLAX,2026-09-13,greater,69.0,,The Weather Company,https://weather.com/kalshi,0.02,0.07,0.93,0.98,4.0,28.0,862.06,0.0,2026-09-14T08:00:00Z,active,2026-09-13T10:16:31.764181+00:00
KXLOWTLAX,KXLOWTLAX-26SEP13-T62,Lowest Temperature in LA,KLAX,2026-09-13,less,,62.0,The Weather Company,https://weather.com/kalshi,0.0,0.01,0.99,1.0,4.0,0.0,63.0,0.0,2026-09-14T08:00:00Z,active,2026-09-13T10:16:31.764181+00:00
KXLOWTLAX,KXLOWTLAX-26SEP13-B68.5,Lowest Temperature in LA,KLAX,2026-09-13,between,68.0,69.0,The Weather Company,https://weather.com/kalshi,0.59,0.68,0.32,0.41,50.0,4.0,282.49,0.0,2026-09-14T08:00:00Z,active,2026-09-13T10:16:31.764181+00:00
KXLOWTLAX,KXLOWTLAX-26SEP13-B66.5,Lowest Temperature in LA,KLAX,2026-09-13,between,66.0,67.0,The Weather Company,https://weather.com/kalshi,0.2,0.28,0.72,0.8,4.0,6.8,1722.91,0.0,2026-09-14T08:00:00Z,active,2026-09-13T10:16:31.764181+00:00
KXLOWTLAX,KXLOWTLAX-26SEP13-B64.5,Lowest Temperature in LA,KLAX,2026-09-13,between,64.0,65.0,The Weather Company,https://weather.com/kalshi,0.02,0.04,0.96,0.98,4.0,24.0,188.8,0.0,2026-09-14T08:00:00Z,active,2026-09-13T10:16:31.764181+00:00
KXLOWTLAX,KXLOWTLAX-26SEP13-B62.5,Lowest Temperature in LA,KLAX,2026-09-13,between,62.0,63.0,The Weather Company,https://weather.com/kalshi,0.0,0.01,0.99,1.0,4.0,0.0,248.0,0.0,2026-09-14T08:00:00Z,active,2026-09-13T10:16:31.764181+00:00
KXLOWTATL,KXLOWTATL-26SEP13-T73,Low Temperature Atlanta,KATL,2026-09-13,greater,73.0,,The Weather Company,https://weather.com/kalshi,0.0,0.01,0.99,1.0,18145.15,0.0,814.01,0.0,2026-09-14T05:00:00Z,active,2026-09-13T10:16:31.764181+00:00
KXLOWTATL,KXLOWTATL-26SEP13-T66,Low Temperature Atlanta,KATL,2026-09-13,less,,66.0,The Weather Company,https://weather.com/kalshi,0.0,0.02,0.98,1.0,123.0,0.0,64.0,0.0,2026-09-14T05:00:00Z,active,2026-09-13T10:16:31.764181+00:00
KXLOWTATL,KXLOWTATL-26SEP13-B72.5,Low Temperature Atlanta,KATL,2026-09-13,between,72.0,73.0,The Weather Company,https://weather.com/kalshi,0.76,0.85,0.15,0.24,29.0,60.0,367.6,0.0,2026-09-14T05:00:00Z,active,2026-09-13T10:16:31.764181+00:00
KXLOWTATL,KXLOWTATL-26SEP13-B70.5,Low Temperature Atlanta,KATL,2026-09-13,between,70.0,71.0,The Weather Company,https://weather.com/kalshi,0.16,0.24,0.76,0.84,50.0,0.01,141.49,0.0,2026-09-14T05:00:00Z,active,2026-09-13T10:16:31.764181+00:00
KXLOWTATL,KXLOWTATL-26SEP13-B68.5,Low Temperature Atlanta,KATL,2026-09-13,between,68.0,69.0,The Weather Company,https://weather.com/kalshi,0.02,0.32,0.68,0.98,33.0,41.0,2.0,0.0,2026-09-14T05:00:00Z,active,2026-09-13T10:16:31.764181+00:00
KXLOWTATL,KXLOWTATL-26SEP13-B66.5,Low Temperature Atlanta,KATL,2026-09-13,between,66.0,67.0,The Weather Company,https://weather.com/kalshi,0.0,0.02,0.98,1.0,204.0,0.0,146.0,0.0,2026-09-14T05:00:00Z,active,2026-09-13T10:16:31.764181+00:00
KXLOWTMIA,KXLOWTMIA-26SEP13-T80,Lowest temperature in Miami,KMIA,2026-09-13,greater,80.0,,The Weather Company,https://weather.com/kalshi,0.0,0.01,0.99,1.0,16139.97,0.0,1769.88,0.0,2026-09-14T05:00:00Z,active,2026-09-13T10:16:31.764181+00:00
KXLOWTMIA,KXLOWTMIA-26SEP13-T73,Lowest temperature in Miami,KMIA,2026-09-13,less,,73.0,The Weather Company,https://weather.com/kalshi,0.02,0.03,0.97,0.98,25.0,74.0,20.0,0.0,2026-09-14T05:00:00Z,active,2026-09-13T10:16:31.764181+00:00
KXLOWTMIA,KXLOWTMIA-26SEP13-B79.5,Lowest temperature in Miami,KMIA,2026-09-13,between,79.0,80.0,The Weather Company,https://weather.com/kalshi,0.17,0.26,0.74,0.83,50.0,6.0,552.57,0.0,2026-09-14T05:00:00Z,active,2026-09-13T10:16:31.764181+00:00
KXLOWTMIA,KXLOWTMIA-26SEP13-B77.5,Lowest temperature in Miami,KMIA,2026-09-13,between,77.0,78.0,The Weather Company,https://weather.com/kalshi,0.27,0.35,0.65,0.73,50.0,5.0,84.77,0.0,2026-09-14T05:00:00Z,active,2026-09-13T10:16:31.764181+00:00
KXLOWTMIA,KXLOWTMIA-26SEP13-B75.5,Lowest temperature in Miami,KMIA,2026-09-13,between,75.0,76.0,The Weather Company,https://weather.com/kalshi,0.35,0.42,0.58,0.65,0.95,0.11,399.3,0.0,2026-09-14T05:00:00Z,active,2026-09-13T10:16:31.764181+00:00
KXLOWTMIA,KXLOWTMIA-26SEP13-B73.5,Lowest temperature in Miami,KMIA,2026-09-13,between,73.0,74.0,The Weather Company,https://weather.com/kalshi,0.03,0.07,0.93,0.97,9.0,54.0,64.0,0.0,2026-09-14T05:00:00Z,active,2026-09-13T10:16:31.764181+00:00
KXLOWTBOS,KXLOWTBOS-26SEP13-T67,Low Temperature Boston,KBOS,2026-09-13,greater,67.0,,The Weather Company,https://weather.com/kalshi,0.0,0.01,0.99,1.0,16603.0,0.0,78.0,0.0,2026-09-14T05:00:00Z,active,2026-09-13T10:16:31.764181+00:00
KXLOWTBOS,KXLOWTBOS-26SEP13-T60,Low Temperature Boston,KBOS,2026-09-13,less,,60.0,The Weather Company,https://weather.com/kalshi,0.01,0.05,0.95,0.99,6.0,2.0,182.7,0.0,2026-09-14T05:00:00Z,active,2026-09-13T10:16:31.764181+00:00
KXLOWTBOS,KXLOWTBOS-26SEP13-B66.5,Low Temperature Boston,KBOS,2026-09-13,between,66.0,67.0,The Weather Company,https://weather.com/kalshi,0.0,0.01,0.99,1.0,16589.0,0.0,324.0,0.0,2026-09-14T05:00:00Z,active,2026-09-13T10:16:31.764181+00:00
KXLOWTBOS,KXLOWTBOS-26SEP13-B64.5,Low Temperature Boston,KBOS,2026-09-13,between,64.0,65.0,The Weather Company,https://weather.com/kalshi,0.0,0.01,0.99,1.0,16108.22,0.0,682.9,0.0,2026-09-14T05:00:00Z,active,2026-09-13T10:16:31.764181+00:00
KXLOWTBOS,KXLOWTBOS-26SEP13-B62.5,Low Temperature Boston,KBOS,2026-09-13,between,62.0,63.0,The Weather Company,https://weather.com/kalshi,0.89,0.93,0.07,0.11,28.9,20.0,171.69,0.0,2026-09-14T05:00:00Z,active,2026-09-13T10:16:31.764181+00:00
KXLOWTBOS,KXLOWTBOS-26SEP13-B60.5,Low Temperature Boston,KBOS,2026-09-13,between,60.0,61.0,The Weather Company,https://weather.com/kalshi,0.06,0.11,0.89,0.94,52.44,1.0,49.72,0.0,2026-09-14T05:00:00Z,active,2026-09-13T10:16:31.764181+00:00
KXHIGHMIA,KXHIGHMIA-26SEP13-T92,Highest temperature in Miami,KMIA,2026-09-13,greater,92.0,,The Weather Company,https://weather.com/kalshi,0.16,0.17,0.83,0.84,2.0,44.0,4582.58,0.0,2026-09-14T05:00:00Z,active,2026-09-13T10:16:31.764181+00:00
KXHIGHMIA,KXHIGHMIA-26SEP13-T85,Highest temperature in Miami,KMIA,2026-09-13,less,,85.0,The Weather Company,https://weather.com/kalshi,0.0,0.01,0.99,1.0,160.28,0.0,1160.47,0.0,2026-09-14T05:00:00Z,active,2026-09-13T10:16:31.764181+00:00
KXHIGHMIA,KXHIGHMIA-26SEP13-B91.5,Highest temperature in Miami,KMIA,2026-09-13,between,91.0,92.0,The Weather Company,https://weather.com/kalshi,0.55,0.56,0.44,0.45,1.0,54.98,3669.75,0.0,2026-09-14T05:00:00Z,active,2026-09-13T10:16:31.764181+00:00
KXHIGHMIA,KXHIGHMIA-26SEP13-B89.5,Highest temperature in Miami,KMIA,2026-09-13,between,89.0,90.0,The Weather Company,https://weather.com/kalshi,0.25,0.26,0.74,0.75,25.0,81.62,3862.69,0.0,2026-09-14T05:00:00Z,active,2026-09-13T10:16:31.764181+00:00
KXHIGHMIA,KXHIGHMIA-26SEP13-B87.5,Highest temperature in Miami,KMIA,2026-09-13,between,87.0,88.0,The Weather Company,https://weather.com/kalshi,0.03,0.05,0.95,0.97,70.0,10.0,2927.19,0.0,2026-09-14T05:00:00Z,active,2026-09-13T10:16:31.764181+00:00
KXHIGHMIA,KXHIGHMIA-26SEP13-B85.5,Highest temperature in Miami,KMIA,2026-09-13,between,85.0,86.0,The Weather Company,https://weather.com/kalshi,0.0,0.01,0.99,1.0,25.67,0.0,1940.18,0.0,2026-09-14T05:00:00Z,active,2026-09-13T10:16:31.764181+00:00
KXLOWTDC,KXLOWTDC-26SEP13-T72,Lowest Temperature DC ,KDCA,2026-09-13,greater,72.0,,The Weather Company,https://weather.com/kalshi,0.83,0.89,0.11,0.17,31.68,2.27,444.02,0.0,2026-09-14T05:00:00Z,active,2026-09-13T10:16:31.764181+00:00
KXLOWTDC,KXLOWTDC-26SEP13-T65,Lowest Temperature DC ,KDCA,2026-09-13,less,,65.0,The Weather Company,https://weather.com/kalshi,0.0,0.02,0.98,1.0,13.0,0.0,22.0,0.0,2026-09-14T05:00:00Z,active,2026-09-13T10:16:31.764181+00:00
KXLOWTDC,KXLOWTDC-26SEP13-B71.5,Lowest Temperature DC ,KDCA,2026-09-13,between,71.0,72.0,The Weather Company,https://weather.com/kalshi,0.02,0.1,0.9,0.98,4.0,29.0,22.76,0.0,2026-09-14T05:00:00Z,active,2026-09-13T10:16:31.764181+00:00
KXLOWTDC,KXLOWTDC-26SEP13-B69.5,Lowest Temperature DC ,KDCA,2026-09-13,between,69.0,70.0,The Weather Company,https://weather.com/kalshi,0.02,0.08,0.92,0.98,1.0,29.0,57.0,0.0,2026-09-14T05:00:00Z,active,2026-09-13T10:16:31.764181+00:00
KXLOWTDC,KXLOWTDC-26SEP13-B67.5,Lowest Temperature DC ,KDCA,2026-09-13,between,67.0,68.0,The Weather Company,https://weather.com/kalshi,0.01,0.17,0.83,0.99,4.0,62.0,10.18,0.0,2026-09-14T05:00:00Z,active,2026-09-13T10:16:31.764181+00:00
KXLOWTDC,KXLOWTDC-26SEP13-B65.5,Lowest Temperature DC ,KDCA,2026-09-13,between,65.0,66.0,The Weather Company,https://weather.com/kalshi,0.0,0.02,0.98,1.0,4.0,0.0,138.47,0.0,2026-09-14T05:00:00Z,active,2026-09-13T10:16:31.764181+00:00
KXLOWTNYC,KXLOWTNYC-26SEP13-T72,Lowest temperature in NYC,KNYC,2026-09-13,greater,72.0,,The Weather Company,https://weather.com/kalshi,0.0,0.01,0.99,1.0,17549.0,0.0,291.0,0.0,2026-09-14T05:00:00Z,active,2026-09-13T10:16:31.764181+00:00
KXLOWTNYC,KXLOWTNYC-26SEP13-T65,Lowest temperature in NYC,KNYC,2026-09-13,less,,65.0,The Weather Company,https://weather.com/kalshi,0.02,0.26,0.74,0.98,33.0,38.01,314.37,0.0,2026-09-14T05:00:00Z,active,2026-09-13T10:16:31.764181+00:00
KXLOWTNYC,KXLOWTNYC-26SEP13-B71.5,Lowest temperature in NYC,KNYC,2026-09-13,between,71.0,72.0,The Weather Company,https://weather.com/kalshi,0.0,0.01,0.99,1.0,17535.0,0.0,378.27,0.0,2026-09-14T05:00:00Z,active,2026-09-13T10:16:31.764181+00:00
KXLOWTNYC,KXLOWTNYC-26SEP13-B69.5,Lowest temperature in NYC,KNYC,2026-09-13,between,69.0,70.0,The Weather Company,https://weather.com/kalshi,0.0,0.01,0.99,1.0,22795.0,0.0,1061.32,0.0,2026-09-14T05:00:00Z,active,2026-09-13T10:16:31.764181+00:00
KXLOWTNYC,KXLOWTNYC-26SEP13-B67.5,Lowest temperature in NYC,KNYC,2026-09-13,between,67.0,68.0,The Weather Company,https://weather.com/kalshi,0.53,0.88,0.12,0.47,87.64,2.0,767.02,0.0,2026-09-14T05:00:00Z,active,2026-09-13T10:16:31.764181+00:00
KXLOWTNYC,KXLOWTNYC-26SEP13-B65.5,Lowest temperature in NYC,KNYC,2026-09-13,between,65.0,66.0,The Weather Company,https://weather.com/kalshi,0.13,0.23,0.77,0.87,50.0,50.0,794.01,0.0,2026-09-14T05:00:00Z,active,2026-09-13T10:16:31.764181+00:00
KXHIGHTDAL,KXHIGHTDAL-26SEP13-T98,Dallas Maximum Temperature,KDFW,2026-09-13,less,,98.0,The Weather Company,https://weather.com/kalshi,0.01,0.02,0.98,0.99,577.0,463.13,1187.66,0.0,2026-09-14T06:00:00Z,active,2026-09-13T10:16:31.764181+00:00
KXHIGHTDAL,KXHIGHTDAL-26SEP13-T105,Dallas Maximum Temperature,KDFW,2026-09-13,greater,105.0,,The Weather Company,https://weather.com/kalshi,0.0,0.01,0.99,1.0,1288.6,0.0,425.0,0.0,2026-09-14T06:00:00Z,active,2026-09-13T10:16:31.764181+00:00
KXHIGHTDAL,KXHIGHTDAL-26SEP13-B98.5,Dallas Maximum Temperature,KDFW,2026-09-13,between,98.0,99.0,The Weather Company,https://weather.com/kalshi,0.16,0.19,0.81,0.84,65.0,22.0,1866.45,0.0,2026-09-14T06:00:00Z,active,2026-09-13T10:16:31.764181+00:00
KXHIGHTDAL,KXHIGHTDAL-26SEP13-B104.5,Dallas Maximum Temperature,KDFW,2026-09-13,between,104.0,105.0,The Weather Company,https://weather.com/kalshi,0.02,0.06,0.94,0.98,16.31,0.1,727.63,0.0,2026-09-14T06:00:00Z,active,2026-09-13T10:16:31.764181+00:00
KXHIGHTDAL,KXHIGHTDAL-26SEP13-B102.5,Dallas Maximum Temperature,KDFW,2026-09-13,between,102.0,103.0,The Weather Company,https://weather.com/kalshi,0.08,0.15,0.85,0.92,15.0,44.0,3975.02,0.0,2026-09-14T06:00:00Z,active,2026-09-13T10:16:31.764181+00:00
KXHIGHTDAL,KXHIGHTDAL-26SEP13-B100.5,Dallas Maximum Temperature,KDFW,2026-09-13,between,100.0,101.0,The Weather Company,https://weather.com/kalshi,0.66,0.67,0.33,0.34,1.0,71.0,1371.45,0.0,2026-09-14T06:00:00Z,active,2026-09-13T10:16:31.764181+00:00
KXHIGHDEN,KXHIGHDEN-26SEP13-T96,Highest temperature in Denver,KDEN,2026-09-13,greater,96.0,,The Weather Company,https://weather.com/kalshi,0.01,0.02,0.98,0.99,26.0,338.9,248.57,0.0,2026-09-14T07:00:00Z,active,2026-09-13T10:16:31.764181+00:00
KXHIGHDEN,KXHIGHDEN-26SEP13-T89,Highest temperature in Denver,KDEN,2026-09-13,less,,89.0,The Weather Company,https://weather.com/kalshi,0.01,0.04,0.96,0.99,231.0,153.16,1585.71,0.0,2026-09-14T07:00:00Z,active,2026-09-13T10:16:31.764181+00:00
KXHIGHDEN,KXHIGHDEN-26SEP13-B95.5,Highest temperature in Denver,KDEN,2026-09-13,between,95.0,96.0,The Weather Company,https://weather.com/kalshi,0.09,0.1,0.9,0.91,1.0,47.0,709.56,0.0,2026-09-14T07:00:00Z,active,2026-09-13T10:16:31.764181+00:00
KXHIGHDEN,KXHIGHDEN-26SEP13-B93.5,Highest temperature in Denver,KDEN,2026-09-13,between,93.0,94.0,The Weather Company,https://weather.com/kalshi,0.63,0.64,0.36,0.37,83.0,11.0,1002.29,0.0,2026-09-14T07:00:00Z,active,2026-09-13T10:16:31.764181+00:00
KXHIGHDEN,KXHIGHDEN-26SEP13-B91.5,Highest temperature in Denver,KDEN,2026-09-13,between,91.0,92.0,The Weather Company,https://weather.com/kalshi,0.1,0.12,0.88,0.9,1.0,60.0,1041.22,0.0,2026-09-14T07:00:00Z,active,2026-09-13T10:16:31.764181+00:00
KXHIGHDEN,KXHIGHDEN-26SEP13-B89.5,Highest temperature in Denver,KDEN,2026-09-13,between,89.0,90.0,The Weather Company,https://weather.com/kalshi,0.04,0.06,0.94,0.96,14.95,141.0,2297.82,0.0,2026-09-14T07:00:00Z,active,2026-09-13T10:16:31.764181+00:00
KXHIGHAUS,KXHIGHAUS-26SEP13-T97,Highest temperature in Austin,KAUS,2026-09-13,less,,97.0,The Weather Company,https://weather.com/kalshi,0.0,0.01,0.99,1.0,523.69,0.0,1491.63,0.0,2026-09-14T06:00:00Z,active,2026-09-13T10:16:31.764181+00:00
KXHIGHAUS,KXHIGHAUS-26SEP13-T104,Highest temperature in Austin,KAUS,2026-09-13,greater,104.0,,The Weather Company,https://weather.com/kalshi,0.0,0.01,0.99,1.0,1253.85,0.0,979.0,0.0,2026-09-14T06:00:00Z,active,2026-09-13T10:16:31.764181+00:00
KXHIGHAUS,KXHIGHAUS-26SEP13-B99.5,Highest temperature in Austin,KAUS,2026-09-13,between,99.0,100.0,The Weather Company,https://weather.com/kalshi,0.26,0.28,0.72,0.74,68.95,14.0,3962.1,0.0,2026-09-14T06:00:00Z,active,2026-09-13T10:16:31.764181+00:00
KXHIGHAUS,KXHIGHAUS-26SEP13-B97.5,Highest temperature in Austin,KAUS,2026-09-13,between,97.0,98.0,The Weather Company,https://weather.com/kalshi,0.03,0.05,0.95,0.97,14.0,21.66,1752.45,0.0,2026-09-14T06:00:00Z,active,2026-09-13T10:16:31.764181+00:00
KXHIGHAUS,KXHIGHAUS-26SEP13-B103.5,Highest temperature in Austin,KAUS,2026-09-13,between,103.0,104.0,The Weather Company,https://weather.com/kalshi,0.1,0.11,0.89,0.9,5.0,40.0,2413.74,0.0,2026-09-14T06:00:00Z,active,2026-09-13T10:16:31.764181+00:00
KXHIGHAUS,KXHIGHAUS-26SEP13-B101.5,Highest temperature in Austin,KAUS,2026-09-13,between,101.0,102.0,The Weather Company,https://weather.com/kalshi,0.63,0.64,0.36,0.37,24.0,61.0,3832.6,0.0,2026-09-14T06:00:00Z,active,2026-09-13T10:16:31.764181+00:00
KXHIGHTOKC,KXHIGHTOKC-26SEP13-T97,Oklahoma City Maximum High Temperature,KOKC,2026-09-13,less,,97.0,The Weather Company,https://weather.com/kalshi,0.09,0.1,0.9,0.91,12.0,4639.17,1113.47,0.0,2026-09-14T06:00:00Z,active,2026-09-13T10:16:31.764181+00:00
KXHIGHTOKC,KXHIGHTOKC-26SEP13-T104,Oklahoma City Maximum High Temperature,KOKC,2026-09-13,greater,104.0,,The Weather Company,https://weather.com/kalshi,0.01,0.02,0.98,0.99,521.48,134.01,1978.01,0.0,2026-09-14T06:00:00Z,active,2026-09-13T10:16:31.764181+00:00
KXHIGHTOKC,KXHIGHTOKC-26SEP13-B99.5,Oklahoma City Maximum High Temperature,KOKC,2026-09-13,between,99.0,100.0,The Weather Company,https://weather.com/kalshi,0.21,0.22,0.78,0.79,18.0,17.0,554.54,0.0,2026-09-14T06:00:00Z,active,2026-09-13T10:16:31.764181+00:00
KXHIGHTOKC,KXHIGHTOKC-26SEP13-B97.5,Oklahoma City Maximum High Temperature,KOKC,2026-09-13,between,97.0,98.0,The Weather Company,https://weather.com/kalshi,0.23,0.24,0.76,0.77,1.0,2520.41,1587.3,0.0,2026-09-14T06:00:00Z,active,2026-09-13T10:16:31.764181+00:00
KXHIGHTOKC,KXHIGHTOKC-26SEP13-B103.5,Oklahoma City Maximum High Temperature,KOKC,2026-09-13,between,103.0,104.0,The Weather Company,https://weather.com/kalshi,0.07,0.12,0.88,0.93,26.0,26.01,1180.49,0.0,2026-09-14T06:00:00Z,active,2026-09-13T10:16:31.764181+00:00
KXHIGHTOKC,KXHIGHTOKC-26SEP13-B101.5,Oklahoma City Maximum High Temperature,KOKC,2026-09-13,between,101.0,102.0,The Weather Company,https://weather.com/kalshi,0.41,0.42,0.58,0.59,2.0,28.0,1203.01,0.0,2026-09-14T06:00:00Z,active,2026-09-13T10:16:31.764181+00:00
KXLOWTDAL,KXLOWTDAL-26SEP13-T81,Lowest temperature Dallas,KDFW,2026-09-13,greater,81.0,,The Weather Company,https://weather.com/kalshi,0.08,0.09,0.91,0.92,5.99,1.0,37.02,0.0,2026-09-14T06:00:00Z,active,2026-09-13T10:16:31.764181+00:00
KXLOWTDAL,KXLOWTDAL-26SEP13-T74,Lowest temperature Dallas,KDFW,2026-09-13,less,,74.0,The Weather Company,https://weather.com/kalshi,0.0,0.02,0.98,1.0,6.0,0.0,14.0,0.0,2026-09-14T06:00:00Z,active,2026-09-13T10:16:31.764181+00:00
KXLOWTDAL,KXLOWTDAL-26SEP13-B80.5,Lowest temperature Dallas,KDFW,2026-09-13,between,80.0,81.0,The Weather Company,https://weather.com/kalshi,0.63,0.72,0.28,0.37,6.0,55.0,423.39,0.0,2026-09-14T06:00:00Z,active,2026-09-13T10:16:31.764181+00:00
KXLOWTDAL,KXLOWTDAL-26SEP13-B78.5,Lowest temperature Dallas,KDFW,2026-09-13,between,78.0,79.0,The Weather Company,https://weather.com/kalshi,0.14,0.23,0.77,0.86,6.0,50.0,80.45,0.0,2026-09-14T06:00:00Z,active,2026-09-13T10:16:31.764181+00:00
KXLOWTDAL,KXLOWTDAL-26SEP13-B76.5,Lowest temperature Dallas,KDFW,2026-09-13,between,76.0,77.0,The Weather Company,https://weather.com/kalshi,0.02,0.05,0.95,0.98,6.0,30.0,12.13,0.0,2026-09-14T06:00:00Z,active,2026-09-13T10:16:31.764181+00:00
KXLOWTDAL,KXLOWTDAL-26SEP13-B74.5,Lowest temperature Dallas,KDFW,2026-09-13,between,74.0,75.0,The Weather Company,https://weather.com/kalshi,0.01,0.07,0.93,0.99,2.0,74.0,37.5,0.0,2026-09-14T06:00:00Z,active,2026-09-13T10:16:31.764181+00:00
KXHIGHTEWR,KXHIGHTEWR-26SEP13-T86,"Newark, NJ (EWR) Daily Max Temp",KEWR,2026-09-13,greater,86.0,,The Weather Company,https://weather.com/kalshi,0.02,0.03,0.97,0.98,27.0,29.0,4.0,0.0,2026-09-14T05:00:00Z,active,2026-09-13T10:16:31.764181+00:00
KXHIGHTEWR,KXHIGHTEWR-26SEP13-T79,"Newark, NJ (EWR) Daily Max Temp",KEWR,2026-09-13,less,,79.0,The Weather Company,https://weather.com/kalshi,0.12,0.2,0.8,0.88,50.0,4.74,66.78,0.0,2026-09-14T05:00:00Z,active,2026-09-13T10:16:31.764181+00:00
KXHIGHTEWR,KXHIGHTEWR-26SEP13-B85.5,"Newark, NJ (EWR) Daily Max Temp",KEWR,2026-09-13,between,85.0,86.0,The Weather Company,https://weather.com/kalshi,0.09,0.11,0.89,0.91,4.87,39.0,81.0,0.0,2026-09-14T05:00:00Z,active,2026-09-13T10:16:31.764181+00:00
KXHIGHTEWR,KXHIGHTEWR-26SEP13-B83.5,"Newark, NJ (EWR) Daily Max Temp",KEWR,2026-09-13,between,83.0,84.0,The Weather Company,https://weather.com/kalshi,0.11,0.15,0.85,0.89,5.06,29.0,0.0,0.0,2026-09-14T05:00:00Z,active,2026-09-13T10:16:31.764181+00:00
KXHIGHTEWR,KXHIGHTEWR-26SEP13-B81.5,"Newark, NJ (EWR) Daily Max Temp",KEWR,2026-09-13,between,81.0,82.0,The Weather Company,https://weather.com/kalshi,0.25,0.28,0.72,0.75,2.0,50.0,67.29,0.0,2026-09-14T05:00:00Z,active,2026-09-13T10:16:31.764181+00:00
KXHIGHTEWR,KXHIGHTEWR-26SEP13-B79.5,"Newark, NJ (EWR) Daily Max Temp",KEWR,2026-09-13,between,79.0,80.0,The Weather Company,https://weather.com/kalshi,0.28,0.31,0.69,0.72,1.0,75.0,5.75,0.0,2026-09-14T05:00:00Z,active,2026-09-13T10:16:31.764181+00:00
KXLOWTHOU,KXLOWTHOU-26SEP13-T81,Low Temperature Houston,KHOU,2026-09-13,greater,81.0,,The Weather Company,https://weather.com/kalshi,0.0,0.01,0.99,1.0,16550.0,0.0,32.0,0.0,2026-09-14T06:00:00Z,active,2026-09-13T10:16:31.764181+00:00
KXLOWTHOU,KXLOWTHOU-26SEP13-T74,Low Temperature Houston,KHOU,2026-09-13,less,,74.0,The Weather Company,https://weather.com/kalshi,0.0,0.04,0.96,1.0,206.0,0.0,0.0,0.0,2026-09-14T06:00:00Z,active,2026-09-13T10:16:31.764181+00:00
KXLOWTHOU,KXLOWTHOU-26SEP13-B80.5,Low Temperature Houston,KHOU,2026-09-13,between,80.0,81.0,The Weather Company,https://weather.com/kalshi,0.0,0.01,0.99,1.0,16223.0,0.0,440.29,0.0,2026-09-14T06:00:00Z,active,2026-09-13T10:16:31.764181+00:00
KXLOWTHOU,KXLOWTHOU-26SEP13-B78.5,Low Temperature Houston,KHOU,2026-09-13,between,78.0,79.0,The Weather Company,https://weather.com/kalshi,0.74,0.84,0.16,0.26,49.95,50.0,170.39,0.0,2026-09-14T06:00:00Z,active,2026-09-13T10:16:31.764181+00:00
KXLOWTHOU,KXLOWTHOU-26SEP13-B76.5,Low Temperature Houston,KHOU,2026-09-13,between,76.0,77.0,The Weather Company,https://weather.com/kalshi,0.07,0.17,0.83,0.93,50.0,50.0,129.12,0.0,2026-09-14T06:00:00Z,active,2026-09-13T10:16:31.764181+00:00
KXLOWTHOU,KXLOWTHOU-26SEP13-B74.5,Low Temperature Houston,KHOU,2026-09-13,between,74.0,75.0,The Weather Company,https://weather.com/kalshi,0.01,0.14,0.86,0.99,4.95,92.0,30.05,0.0,2026-09-14T06:00:00Z,active,2026-09-13T10:16:31.764181+00:00
KXLOWTAUS,KXLOWTAUS-26SEP13-T78,Lowest temperature in Austin,KAUS,2026-09-13,greater,78.0,,The Weather Company,https://weather.com/kalshi,0.0,0.01,0.99,1.0,25277.02,0.0,679.22,0.0,2026-09-14T06:00:00Z,active,2026-09-13T10:16:31.764181+00:00
KXLOWTAUS,KXLOWTAUS-26SEP13-T71,Lowest temperature in Austin,KAUS,2026-09-13,less,,71.0,The Weather Company,https://weather.com/kalshi,0.0,0.01,0.99,1.0,4.0,0.0,223.0,0.0,2026-09-14T06:00:00Z,active,2026-09-13T10:16:31.764181+00:00
KXLOWTAUS,KXLOWTAUS-26SEP13-B77.5,Lowest temperature in Austin,KAUS,2026-09-13,between,77.0,78.0,The Weather Company,https://weather.com/kalshi,0.0,0.01,0.99,1.0,23078.15,0.0,553.76,0.0,2026-09-14T06:00:00Z,active,2026-09-13T10:16:31.764181+00:00
KXLOWTAUS,KXLOWTAUS-26SEP13-B75.5,Lowest temperature in Austin,KAUS,2026-09-13,between,75.0,76.0,The Weather Company,https://weather.com/kalshi,0.7,0.78,0.22,0.3,44.0,50.0,561.56,0.0,2026-09-14T06:00:00Z,active,2026-09-13T10:16:31.764181+00:00
KXLOWTAUS,KXLOWTAUS-26SEP13-B73.5,Lowest temperature in Austin,KAUS,2026-09-13,between,73.0,74.0,The Weather Company,https://weather.com/kalshi,0.22,0.25,0.75,0.78,0.01,44.75,328.48,0.0,2026-09-14T06:00:00Z,active,2026-09-13T10:16:31.764181+00:00
KXLOWTAUS,KXLOWTAUS-26SEP13-B71.5,Lowest temperature in Austin,KAUS,2026-09-13,between,71.0,72.0,The Weather Company,https://weather.com/kalshi,0.02,0.05,0.95,0.98,50.0,73.0,40.77,0.0,2026-09-14T06:00:00Z,active,2026-09-13T10:16:31.764181+00:00
KXHIGHLAX,KXHIGHLAX-26SEP13-T83,Highest temperature in Los Angeles,KLAX,2026-09-13,greater,83.0,,The Weather Company,https://weather.com/kalshi,0.03,0.06,0.94,0.97,224.0,65.12,22550.26,0.0,2026-09-14T08:00:00Z,active,2026-09-13T10:16:31.764181+00:00
KXHIGHLAX,KXHIGHLAX-26SEP13-T76,Highest temperature in Los Angeles,KLAX,2026-09-13,less,,76.0,The Weather Company,https://weather.com/kalshi,0.0,0.01,0.99,1.0,641.42,0.0,3588.13,0.0,2026-09-14T08:00:00Z,active,2026-09-13T10:16:31.764181+00:00
KXHIGHLAX,KXHIGHLAX-26SEP13-B82.5,Highest temperature in Los Angeles,KLAX,2026-09-13,between,82.0,83.0,The Weather Company,https://weather.com/kalshi,0.05,0.08,0.92,0.95,349.51,64.0,13615.28,0.0,2026-09-14T08:00:00Z,active,2026-09-13T10:16:31.764181+00:00
KXHIGHLAX,KXHIGHLAX-26SEP13-B80.5,Highest temperature in Los Angeles,KLAX,2026-09-13,between,80.0,81.0,The Weather Company,https://weather.com/kalshi,0.35,0.36,0.64,0.65,29.0,30.0,12367.83,0.0,2026-09-14T08:00:00Z,active,2026-09-13T10:16:31.764181+00:00
KXHIGHLAX,KXHIGHLAX-26SEP13-B78.5,Highest temperature in Los Angeles,KLAX,2026-09-13,between,78.0,79.0,The Weather Company,https://weather.com/kalshi,0.48,0.51,0.49,0.52,186.43,34.0,12924.12,0.0,2026-09-14T08:00:00Z,active,2026-09-13T10:16:31.764181+00:00
KXHIGHLAX,KXHIGHLAX-26SEP13-B76.5,Highest temperature in Los Angeles,KLAX,2026-09-13,between,76.0,77.0,The Weather Company,https://weather.com/kalshi,0.03,0.04,0.96,0.97,29.0,128.0,7333.93,0.0,2026-09-14T08:00:00Z,active,2026-09-13T10:16:31.764181+00:00
KXLOWTOKC,KXLOWTOKC-26SEP13-T76,Low Temperature Oklahoma City,KOKC,2026-09-13,greater,76.0,,The Weather Company,https://weather.com/kalshi,0.31,0.68,0.32,0.69,8.0,39.0,443.11,0.0,2026-09-14T06:00:00Z,active,2026-09-13T10:16:31.764181+00:00
KXLOWTOKC,KXLOWTOKC-26SEP13-T69,Low Temperature Oklahoma City,KOKC,2026-09-13,less,,69.0,The Weather Company,https://weather.com/kalshi,0.0,0.03,0.97,1.0,153.0,0.0,181.0,0.0,2026-09-14T06:00:00Z,active,2026-09-13T10:16:31.764181+00:00
KXLOWTOKC,KXLOWTOKC-26SEP13-B75.5,Low Temperature Oklahoma City,KOKC,2026-09-13,between,75.0,76.0,The Weather Company,https://weather.com/kalshi,0.18,0.27,0.73,0.82,50.0,47.0,277.95,0.0,2026-09-14T06:00:00Z,active,2026-09-13T10:16:31.764181+00:00
KXLOWTOKC,KXLOWTOKC-26SEP13-B73.5,Low Temperature Oklahoma City,KOKC,2026-09-13,between,73.0,74.0,The Weather Company,https://weather.com/kalshi,0.09,0.17,0.83,0.91,32.0,8.01,159.41,0.0,2026-09-14T06:00:00Z,active,2026-09-13T10:16:31.764181+00:00
KXLOWTOKC,KXLOWTOKC-26SEP13-B71.5,Low Temperature Oklahoma City,KOKC,2026-09-13,between,71.0,72.0,The Weather Company,https://weather.com/kalshi,0.07,0.15,0.85,0.93,32.0,50.01,146.0,0.0,2026-09-14T06:00:00Z,active,2026-09-13T10:16:31.764181+00:00
KXLOWTOKC,KXLOWTOKC-26SEP13-B69.5,Low Temperature Oklahoma City,KOKC,2026-09-13,between,69.0,70.0,The Weather Company,https://weather.com/kalshi,0.01,0.08,0.92,0.99,10.0,349.0,75.0,0.0,2026-09-14T06:00:00Z,active,2026-09-13T10:16:31.764181+00:00
KXLOWTSATX,KXLOWTSATX-26SEP13-T79,Lowest Temperature SATX,KSAT,2026-09-13,greater,79.0,,The Weather Company,https://weather.com/kalshi,0.1,0.12,0.88,0.9,2.0,16.0,197.01,0.0,2026-09-14T06:00:00Z,active,2026-09-13T10:16:31.764181+00:00
KXLOWTSATX,KXLOWTSATX-26SEP13-T72,Lowest Temperature SATX,KSAT,2026-09-13,less,,72.0,The Weather Company,https://weather.com/kalshi,0.0,0.03,0.97,1.0,154.0,0.0,0.0,0.0,2026-09-14T06:00:00Z,active,2026-09-13T10:16:31.764181+00:00
KXLOWTSATX,KXLOWTSATX-26SEP13-B78.5,Lowest Temperature SATX,KSAT,2026-09-13,between,78.0,79.0,The Weather Company,https://weather.com/kalshi,0.22,0.8,0.2,0.78,91.0,0.01,375.21,0.0,2026-09-14T06:00:00Z,active,2026-09-13T10:16:31.764181+00:00
KXLOWTSATX,KXLOWTSATX-26SEP13-B76.5,Lowest Temperature SATX,KSAT,2026-09-13,between,76.0,77.0,The Weather Company,https://weather.com/kalshi,0.12,0.14,0.86,0.88,51.81,0.01,124.46,0.0,2026-09-14T06:00:00Z,active,2026-09-13T10:16:31.764181+00:00
KXLOWTSATX,KXLOWTSATX-26SEP13-B74.5,Lowest Temperature SATX,KSAT,2026-09-13,between,74.0,75.0,The Weather Company,https://weather.com/kalshi,0.01,0.03,0.97,0.99,20.0,56.0,47.18,0.0,2026-09-14T06:00:00Z,active,2026-09-13T10:16:31.764181+00:00
KXLOWTSATX,KXLOWTSATX-26SEP13-B72.5,Lowest Temperature SATX,KSAT,2026-09-13,between,72.0,73.0,The Weather Company,https://weather.com/kalshi,0.01,0.05,0.95,0.99,50.0,50.77,89.23,0.0,2026-09-14T06:00:00Z,active,2026-09-13T10:16:31.764181+00:00
KXLOWTPHIL,KXLOWTPHIL-26SEP13-T73,Lowest temperature in Philadelphia,KPHL,2026-09-13,greater,73.0,,The Weather Company,https://weather.com/kalshi,0.0,0.01,0.99,1.0,3885.15,0.0,395.0,0.0,2026-09-14T05:00:00Z,active,2026-09-13T10:16:31.764181+00:00
KXLOWTPHIL,KXLOWTPHIL-26SEP13-T66,Lowest temperature in Philadelphia,KPHL,2026-09-13,less,,66.0,The Weather Company,https://weather.com/kalshi,0.01,0.06,0.94,0.99,5.0,0.01,101.47,0.0,2026-09-14T05:00:00Z,active,2026-09-13T10:16:31.764181+00:00
KXLOWTPHIL,KXLOWTPHIL-26SEP13-B72.5,Lowest temperature in Philadelphia,KPHL,2026-09-13,between,72.0,73.0,The Weather Company,https://weather.com/kalshi,0.0,0.01,0.99,1.0,3729.14,0.0,414.63,0.0,2026-09-14T05:00:00Z,active,2026-09-13T10:16:31.764181+00:00
KXLOWTPHIL,KXLOWTPHIL-26SEP13-B70.5,Lowest temperature in Philadelphia,KPHL,2026-09-13,between,70.0,71.0,The Weather Company,https://weather.com/kalshi,0.56,0.89,0.11,0.44,49.98,3.14,115.22,0.0,2026-09-14T05:00:00Z,active,2026-09-13T10:16:31.764181+00:00
KXLOWTPHIL,KXLOWTPHIL-26SEP13-B68.5,Lowest temperature in Philadelphia,KPHL,2026-09-13,between,68.0,69.0,The Weather Company,https://weather.com/kalshi,0.09,0.52,0.48,0.91,3.98,28.82,66.49,0.0,2026-09-14T05:00:00Z,active,2026-09-13T10:16:31.764181+00:00
KXLOWTPHIL,KXLOWTPHIL-26SEP13-B66.5,Lowest temperature in Philadelphia,KPHL,2026-09-13,between,66.0,67.0,The Weather Company,https://weather.com/kalshi,0.03,0.09,0.91,0.97,6.0,0.01,125.32,0.0,2026-09-14T05:00:00Z,active,2026-09-13T10:16:31.764181+00:00
KXHIGHTTTN,KXHIGHTTTN-26SEP13-T86,"Trenton, NJ Daily Max Temp",KTTN,2026-09-13,greater,86.0,,The Weather Company,https://weather.com/kalshi,0.01,0.02,0.98,0.99,28.0,2.82,27.18,0.0,2026-09-14T05:00:00Z,active,2026-09-13T10:16:31.764181+00:00
KXHIGHTTTN,KXHIGHTTTN-26SEP13-T79,"Trenton, NJ Daily Max Temp",KTTN,2026-09-13,less,,79.0,The Weather Company,https://weather.com/kalshi,0.02,0.25,0.75,0.98,83.0,29.0,0.0,0.0,2026-09-14T05:00:00Z,active,2026-09-13T10:16:31.764181+00:00
KXHIGHTTTN,KXHIGHTTTN-26SEP13-B85.5,"Trenton, NJ Daily Max Temp",KTTN,2026-09-13,between,85.0,86.0,The Weather Company,https://weather.com/kalshi,0.02,0.42,0.58,0.98,38.0,47.0,0.0,0.0,2026-09-14T05:00:00Z,active,2026-09-13T10:16:31.764181+00:00
KXHIGHTTTN,KXHIGHTTTN-26SEP13-B83.5,"Trenton, NJ Daily Max Temp",KTTN,2026-09-13,between,83.0,84.0,The Weather Company,https://weather.com/kalshi,0.21,0.31,0.69,0.79,50.0,48.0,2.0,0.0,2026-09-14T05:00:00Z,active,2026-09-13T10:16:31.764181+00:00
KXHIGHTTTN,KXHIGHTTTN-26SEP13-B81.5,"Trenton, NJ Daily Max Temp",KTTN,2026-09-13,between,81.0,82.0,The Weather Company,https://weather.com/kalshi,0.54,0.64,0.36,0.46,50.0,50.0,2.01,0.0,2026-09-14T05:00:00Z,active,2026-09-13T10:16:31.764181+00:00
KXHIGHTTTN,KXHIGHTTTN-26SEP13-B79.5,"Trenton, NJ Daily Max Temp",KTTN,2026-09-13,between,79.0,80.0,The Weather Company,https://weather.com/kalshi,0.08,0.17,0.83,0.92,50.0,47.0,0.0,0.0,2026-09-14T05:00:00Z,active,2026-09-13T10:16:31.764181+00:00
KXHIGHTBOS,KXHIGHTBOS-26SEP13-T76,Boston Maximum Daily Temperature,KBOS,2026-09-13,greater,76.0,,The Weather Company,https://weather.com/kalshi,0.0,0.01,0.99,1.0,870.36,0.0,522.0,0.0,2026-09-14T05:00:00Z,active,2026-09-13T10:16:31.764181+00:00
KXHIGHTBOS,KXHIGHTBOS-26SEP13-T69,Boston Maximum Daily Temperature,KBOS,2026-09-13,less,,69.0,The Weather Company,https://weather.com/kalshi,0.16,0.2,0.8,0.84,38.0,44.0,1260.43,0.0,2026-09-14T05:00:00Z,active,2026-09-13T10:16:31.764181+00:00
KXHIGHTBOS,KXHIGHTBOS-26SEP13-B75.5,Boston Maximum Daily Temperature,KBOS,2026-09-13,between,75.0,76.0,The Weather Company,https://weather.com/kalshi,0.02,0.03,0.97,0.98,34.24,133.16,212.03,0.0,2026-09-14T05:00:00Z,active,2026-09-13T10:16:31.764181+00:00
KXHIGHTBOS,KXHIGHTBOS-26SEP13-B73.5,Boston Maximum Daily Temperature,KBOS,2026-09-13,between,73.0,74.0,The Weather Company,https://weather.com/kalshi,0.17,0.18,0.82,0.83,10.0,20.03,516.27,0.0,2026-09-14T05:00:00Z,active,2026-09-13T10:16:31.764181+00:00
KXHIGHTBOS,KXHIGHTBOS-26SEP13-B71.5,Boston Maximum Daily Temperature,KBOS,2026-09-13,between,71.0,72.0,The Weather Company,https://weather.com/kalshi,0.35,0.41,0.59,0.65,19.5,3.6,630.25,0.0,2026-09-14T05:00:00Z,active,2026-09-13T10:16:31.764181+00:00
KXHIGHTBOS,KXHIGHTBOS-26SEP13-B69.5,Boston Maximum Daily Temperature,KBOS,2026-09-13,between,69.0,70.0,The Weather Company,https://weather.com/kalshi,0.28,0.32,0.68,0.72,15.31,12.01,3085.13,0.0,2026-09-14T05:00:00Z,active,2026-09-13T10:16:31.764181+00:00
KXHIGHTSEA,KXHIGHTSEA-26SEP13-T71,Seattle Maximum Temperature Daily,KSEA,2026-09-13,greater,71.0,,The Weather Company,https://weather.com/kalshi,0.0,0.01,0.99,1.0,889.0,0.0,457.0,0.0,2026-09-14T08:00:00Z,active,2026-09-13T10:16:31.764181+00:00
KXHIGHTSEA,KXHIGHTSEA-26SEP13-T64,Seattle Maximum Temperature Daily,KSEA,2026-09-13,less,,64.0,The Weather Company,https://weather.com/kalshi,0.86,0.88,0.12,0.14,10.0,72.0,1938.67,0.0,2026-09-14T08:00:00Z,active,2026-09-13T10:16:31.764181+00:00
KXHIGHTSEA,KXHIGHTSEA-26SEP13-B70.5,Seattle Maximum Temperature Daily,KSEA,2026-09-13,between,70.0,71.0,The Weather Company,https://weather.com/kalshi,0.0,0.01,0.99,1.0,68.0,0.0,549.0,0.0,2026-09-14T08:00:00Z,active,2026-09-13T10:16:31.764181+00:00
KXHIGHTSEA,KXHIGHTSEA-26SEP13-B68.5,Seattle Maximum Temperature Daily,KSEA,2026-09-13,between,68.0,69.0,The Weather Company,https://weather.com/kalshi,0.01,0.02,0.98,0.99,63.0,264.0,345.98,0.0,2026-09-14T08:00:00Z,active,2026-09-13T10:16:31.764181+00:00
KXHIGHTSEA,KXHIGHTSEA-26SEP13-B66.5,Seattle Maximum Temperature Daily,KSEA,2026-09-13,between,66.0,67.0,The Weather Company,https://weather.com/kalshi,0.04,0.05,0.95,0.96,206.63,20.0,875.16,0.0,2026-09-14T08:00:00Z,active,2026-09-13T10:16:31.764181+00:00
KXHIGHTSEA,KXHIGHTSEA-26SEP13-B64.5,Seattle Maximum Temperature Daily,KSEA,2026-09-13,between,64.0,65.0,The Weather Company,https://weather.com/kalshi,0.07,0.09,0.91,0.93,27.0,10.0,779.82,0.0,2026-09-14T08:00:00Z,active,2026-09-13T10:16:31.764181+00:00
KXLOWTSAN,KXLOWTSAN-26SEP13-T71,Low Temperature San Diego,KSAN,2026-09-13,greater,71.0,,The Weather Company,https://weather.com/kalshi,0.0,0.01,0.99,1.0,479.0,0.0,126.0,0.0,2026-09-14T08:00:00Z,active,2026-09-13T10:16:31.764181+00:00
KXLOWTSAN,KXLOWTSAN-26SEP13-T64,Low Temperature San Diego,KSAN,2026-09-13,less,,64.0,The Weather Company,https://weather.com/kalshi,0.0,0.98,0.02,1.0,0.01,0.0,0.01,0.0,2026-09-14T08:00:00Z,active,2026-09-13T10:16:31.764181+00:00
KXLOWTSAN,KXLOWTSAN-26SEP13-B70.5,Low Temperature San Diego,KSAN,2026-09-13,between,70.0,71.0,The Weather Company,https://weather.com/kalshi,0.68,0.76,0.24,0.32,8.0,50.0,84.01,0.0,2026-09-14T08:00:00Z,active,2026-09-13T10:16:31.764181+00:00
KXLOWTSAN,KXLOWTSAN-26SEP13-B68.5,Low Temperature San Diego,KSAN,2026-09-13,between,68.0,69.0,The Weather Company,https://weather.com/kalshi,0.2,0.3,0.7,0.8,50.0,50.0,213.19,0.0,2026-09-14T08:00:00Z,active,2026-09-13T10:16:31.764181+00:00
KXLOWTSAN,KXLOWTSAN-26SEP13-B66.5,Low Temperature San Diego,KSAN,2026-09-13,between,66.0,67.0,The Weather Company,https://weather.com/kalshi,0.01,0.17,0.83,0.99,16.0,23.99,78.01,0.0,2026-09-14T08:00:00Z,active,2026-09-13T10:16:31.764181+00:00
KXLOWTSAN,KXLOWTSAN-26SEP13-B64.5,Low Temperature San Diego,KSAN,2026-09-13,between,64.0,65.0,The Weather Company,https://weather.com/kalshi,0.0,0.02,0.98,1.0,78.0,0.0,102.0,0.0,2026-09-14T08:00:00Z,active,2026-09-13T10:16:31.764181+00:00
KXHIGHTPHX,KXHIGHTPHX-26SEP13-T108,Phoenix High Temperature Daily,KPHX,2026-09-13,greater,108.0,,The Weather Company,https://weather.com/kalshi,0.0,0.01,0.99,1.0,980.27,0.0,320.42,0.0,2026-09-14T07:00:00Z,active,2026-09-13T10:16:31.764181+00:00
KXHIGHTPHX,KXHIGHTPHX-26SEP13-T101,Phoenix High Temperature Daily,KPHX,2026-09-13,less,,101.0,The Weather Company,https://weather.com/kalshi,0.04,0.05,0.95,0.96,11.0,266.31,390.46,0.0,2026-09-14T07:00:00Z,active,2026-09-13T10:16:31.764181+00:00
KXHIGHTPHX,KXHIGHTPHX-26SEP13-B107.5,Phoenix High Temperature Daily,KPHX,2026-09-13,between,107.0,108.0,The Weather Company,https://weather.com/kalshi,0.02,0.03,0.97,0.98,259.21,171.52,215.16,0.0,2026-09-14T07:00:00Z,active,2026-09-13T10:16:31.764181+00:00
KXHIGHTPHX,KXHIGHTPHX-26SEP13-B105.5,Phoenix High Temperature Daily,KPHX,2026-09-13,between,105.0,106.0,The Weather Company,https://weather.com/kalshi,0.16,0.18,0.82,0.84,51.0,28.0,697.94,0.0,2026-09-14T07:00:00Z,active,2026-09-13T10:16:31.764181+00:00
KXHIGHTPHX,KXHIGHTPHX-26SEP13-B103.5,Phoenix High Temperature Daily,KPHX,2026-09-13,between,103.0,104.0,The Weather Company,https://weather.com/kalshi,0.55,0.56,0.44,0.45,1.0,11.0,990.24,0.0,2026-09-14T07:00:00Z,active,2026-09-13T10:16:31.764181+00:00
KXHIGHTPHX,KXHIGHTPHX-26SEP13-B101.5,Phoenix High Temperature Daily,KPHX,2026-09-13,between,101.0,102.0,The Weather Company,https://weather.com/kalshi,0.18,0.2,0.8,0.82,26.0,10.01,913.4,0.0,2026-09-14T07:00:00Z,active,2026-09-13T10:16:31.764181+00:00
KXLOWTMIN,KXLOWTMIN-26SEP13-T56,Low  temperature Minnesota,KMSP,2026-09-13,greater,56.0,,The Weather Company,https://weather.com/kalshi,0.0,0.01,0.99,1.0,16354.0,0.0,472.0,0.0,2026-09-14T06:00:00Z,active,2026-09-13T10:16:31.764181+00:00
KXLOWTMIN,KXLOWTMIN-26SEP13-T49,Low  temperature Minnesota,KMSP,2026-09-13,less,,49.0,The Weather Company,https://weather.com/kalshi,0.02,0.03,0.97,0.98,157.0,4.0,154.0,0.0,2026-09-14T06:00:00Z,active,2026-09-13T10:16:31.764181+00:00
KXLOWTMIN,KXLOWTMIN-26SEP13-B55.5,Low  temperature Minnesota,KMSP,2026-09-13,between,55.0,56.0,The Weather Company,https://weather.com/kalshi,0.2,0.29,0.71,0.8,3.0,50.0,548.01,0.0,2026-09-14T06:00:00Z,active,2026-09-13T10:16:31.764181+00:00
KXLOWTMIN,KXLOWTMIN-26SEP13-B53.5,Low  temperature Minnesota,KMSP,2026-09-13,between,53.0,54.0,The Weather Company,https://weather.com/kalshi,0.53,0.61,0.39,0.47,3.0,3.0,365.7,0.0,2026-09-14T06:00:00Z,active,2026-09-13T10:16:31.764181+00:00
KXLOWTMIN,KXLOWTMIN-26SEP13-B51.5,Low  temperature Minnesota,KMSP,2026-09-13,between,51.0,52.0,The Weather Company,https://weather.com/kalshi,0.11,0.2,0.8,0.89,3.0,50.0,437.8,0.0,2026-09-14T06:00:00Z,active,2026-09-13T10:16:31.764181+00:00
KXLOWTMIN,KXLOWTMIN-26SEP13-B49.5,Low  temperature Minnesota,KMSP,2026-09-13,between,49.0,50.0,The Weather Company,https://weather.com/kalshi,0.02,0.09,0.91,0.98,3.0,72.0,0.03,0.0,2026-09-14T06:00:00Z,active,2026-09-13T10:16:31.764181+00:00
KXLOWTEWR,KXLOWTEWR-26SEP13-T71,"Newark, NJ (EWR) Daily Low Temp",KEWR,2026-09-13,greater,71.0,,The Weather Company,https://weather.com/kalshi,0.0,0.01,0.99,1.0,20.0,0.0,80.0,0.0,2026-09-14T05:00:00Z,active,2026-09-13T10:16:31.764181+00:00
KXLOWTEWR,KXLOWTEWR-26SEP13-T64,"Newark, NJ (EWR) Daily Low Temp",KEWR,2026-09-13,less,,64.0,The Weather Company,https://weather.com/kalshi,0.01,0.7,0.3,0.99,20.0,30.0,24.0,0.0,2026-09-14T05:00:00Z,active,2026-09-13T10:16:31.764181+00:00
KXLOWTEWR,KXLOWTEWR-26SEP13-B70.5,"Newark, NJ (EWR) Daily Low Temp",KEWR,2026-09-13,between,70.0,71.0,The Weather Company,https://weather.com/kalshi,0.61,0.71,0.29,0.39,50.0,50.0,25.0,0.0,2026-09-14T05:00:00Z,active,2026-09-13T10:16:31.764181+00:00
KXLOWTEWR,KXLOWTEWR-26SEP13-B68.5,"Newark, NJ (EWR) Daily Low Temp",KEWR,2026-09-13,between,68.0,69.0,The Weather Company,https://weather.com/kalshi,0.15,0.25,0.75,0.85,50.0,50.0,39.44,0.0,2026-09-14T05:00:00Z,active,2026-09-13T10:16:31.764181+00:00
KXLOWTEWR,KXLOWTEWR-26SEP13-B66.5,"Newark, NJ (EWR) Daily Low Temp",KEWR,2026-09-13,between,66.0,67.0,The Weather Company,https://weather.com/kalshi,0.11,0.21,0.79,0.89,50.0,50.0,70.0,0.0,2026-09-14T05:00:00Z,active,2026-09-13T10:16:31.764181+00:00
KXLOWTEWR,KXLOWTEWR-26SEP13-B64.5,"Newark, NJ (EWR) Daily Low Temp",KEWR,2026-09-13,between,64.0,65.0,The Weather Company,https://weather.com/kalshi,0.02,0.74,0.26,0.98,20.0,29.0,0.0,0.0,2026-09-14T05:00:00Z,active,2026-09-13T10:16:31.764181+00:00
KXHIGHTSDF,KXHIGHTSDF-26SEP13-T95,HIGHEST Temperature SATX,KSDF,2026-09-13,greater,95.0,,The Weather Company,https://weather.com/kalshi,0.0,0.96,0.04,1.0,29.0,0.0,0.0,0.0,2026-09-14T05:00:00Z,active,2026-09-13T10:16:31.764181+00:00
KXHIGHTSDF,KXHIGHTSDF-26SEP13-T88,HIGHEST Temperature SATX,KSDF,2026-09-13,less,,88.0,The Weather Company,https://weather.com/kalshi,0.03,0.04,0.96,0.97,2.01,1.0,6.04,0.0,2026-09-14T05:00:00Z,active,2026-09-13T10:16:31.764181+00:00
KXHIGHTSDF,KXHIGHTSDF-26SEP13-B94.5,HIGHEST Temperature SATX,KSDF,2026-09-13,between,94.0,95.0,The Weather Company,https://weather.com/kalshi,0.03,0.15,0.85,0.97,5.0,1.0,6.04,0.0,2026-09-14T05:00:00Z,active,2026-09-13T10:16:31.764181+00:00
KXHIGHTSDF,KXHIGHTSDF-26SEP13-B92.5,HIGHEST Temperature SATX,KSDF,2026-09-13,between,92.0,93.0,The Weather Company,https://weather.com/kalshi,0.18,0.28,0.72,0.82,50.0,50.0,13.57,0.0,2026-09-14T05:00:00Z,active,2026-09-13T10:16:31.764181+00:00
KXHIGHTSDF,KXHIGHTSDF-26SEP13-B90.5,HIGHEST Temperature SATX,KSDF,2026-09-13,between,90.0,91.0,The Weather Company,https://weather.com/kalshi,0.68,0.78,0.22,0.32,50.0,50.0,56.58,0.0,2026-09-14T05:00:00Z,active,2026-09-13T10:16:31.764181+00:00
KXHIGHTSDF,KXHIGHTSDF-26SEP13-B88.5,HIGHEST Temperature SATX,KSDF,2026-09-13,between,88.0,89.0,The Weather Company,https://weather.com/kalshi,0.02,0.04,0.96,0.98,1.0,46.0,5.0,0.0,2026-09-14T05:00:00Z,active,2026-09-13T10:16:31.764181+00:00
KXLOWTNOLA,KXLOWTNOLA-26SEP13-T79,NOLA Low Temperature,KMSY,2026-09-13,greater,79.0,,The Weather Company,https://weather.com/kalshi,0.0,0.01,0.99,1.0,16503.0,0.0,63.0,0.0,2026-09-14T06:00:00Z,active,2026-09-13T10:16:31.764181+00:00
KXLOWTNOLA,KXLOWTNOLA-26SEP13-T72,NOLA Low Temperature,KMSY,2026-09-13,less,,72.0,The Weather Company,https://weather.com/kalshi,0.01,0.08,0.92,0.99,6.0,32.0,212.0,0.0,2026-09-14T06:00:00Z,active,2026-09-13T10:16:31.764181+00:00
KXLOWTNOLA,KXLOWTNOLA-26SEP13-B78.5,NOLA Low Temperature,KMSY,2026-09-13,between,78.0,79.0,The Weather Company,https://weather.com/kalshi,0.0,0.01,0.99,1.0,16501.0,0.0,298.65,0.0,2026-09-14T06:00:00Z,active,2026-09-13T10:16:31.764181+00:00
KXLOWTNOLA,KXLOWTNOLA-26SEP13-B76.5,NOLA Low Temperature,KMSY,2026-09-13,between,76.0,77.0,The Weather Company,https://weather.com/kalshi,0.0,0.01,0.99,1.0,18163.0,0.0,595.0,0.0,2026-09-14T06:00:00Z,active,2026-09-13T10:16:31.764181+00:00
KXLOWTNOLA,KXLOWTNOLA-26SEP13-B74.5,NOLA Low Temperature,KMSY,2026-09-13,between,74.0,75.0,The Weather Company,https://weather.com/kalshi,0.76,0.86,0.14,0.24,50.0,50.0,633.65,0.0,2026-09-14T06:00:00Z,active,2026-09-13T10:16:31.764181+00:00
KXLOWTNOLA,KXLOWTNOLA-26SEP13-B72.5,NOLA Low Temperature,KMSY,2026-09-13,between,72.0,73.0,The Weather Company,https://weather.com/kalshi,0.12,0.16,0.84,0.88,6.0,5.0,188.1,0.0,2026-09-14T06:00:00Z,active,2026-09-13T10:16:31.764181+00:00
KXHIGHTDC,KXHIGHTDC-26SEP13-T91,Washington DC Daily Max Temp,KDCA,2026-09-13,greater,91.0,,The Weather Company,https://weather.com/kalshi,0.01,0.03,0.97,0.99,274.88,43.13,421.18,0.0,2026-09-14T05:00:00Z,active,2026-09-13T10:16:31.764181+00:00
KXHIGHTDC,KXHIGHTDC-26SEP13-T84,Washington DC Daily Max Temp,KDCA,2026-09-13,less,,84.0,The Weather Company,https://weather.com/kalshi,0.01,0.02,0.98,0.99,62.0,438.49,256.55,0.0,2026-09-14T05:00:00Z,active,2026-09-13T10:16:31.764181+00:00
KXHIGHTDC,KXHIGHTDC-26SEP13-B90.5,Washington DC Daily Max Temp,KDCA,2026-09-13,between,90.0,91.0,The Weather Company,https://weather.com/kalshi,0.1,0.17,0.83,0.9,11.0,31.0,664.42,0.0,2026-09-14T05:00:00Z,active,2026-09-13T10:16:31.764181+00:00
KXHIGHTDC,KXHIGHTDC-26SEP13-B88.5,Washington DC Daily Max Temp,KDCA,2026-09-13,between,88.0,89.0,The Weather Company,https://weather.com/kalshi,0.5,0.51,0.49,0.5,1.0,4.0,695.38,0.0,2026-09-14T05:00:00Z,active,2026-09-13T10:16:31.764181+00:00
KXHIGHTDC,KXHIGHTDC-26SEP13-B86.5,Washington DC Daily Max Temp,KDCA,2026-09-13,between,86.0,87.0,The Weather Company,https://weather.com/kalshi,0.3,0.32,0.68,0.7,1.0,10.0,514.8,0.0,2026-09-14T05:00:00Z,active,2026-09-13T10:16:31.764181+00:00
KXHIGHTDC,KXHIGHTDC-26SEP13-B84.5,Washington DC Daily Max Temp,KDCA,2026-09-13,between,84.0,85.0,The Weather Company,https://weather.com/kalshi,0.03,0.04,0.96,0.97,1.0,400.0,34.05,0.0,2026-09-14T05:00:00Z,active,2026-09-13T10:16:31.764181+00:00
KXHIGHTATL,KXHIGHTATL-26SEP13-T95,Atlanta Max Temperature,KATL,2026-09-13,greater,95.0,,The Weather Company,https://weather.com/kalshi,0.0,0.01,0.99,1.0,1407.17,0.0,176.0,0.0,2026-09-14T05:00:00Z,active,2026-09-13T10:16:31.764181+00:00
KXHIGHTATL,KXHIGHTATL-26SEP13-T88,Atlanta Max Temperature,KATL,2026-09-13,less,,88.0,The Weather Company,https://weather.com/kalshi,0.01,0.02,0.98,0.99,17.0,193.73,496.77,0.0,2026-09-14T05:00:00Z,active,2026-09-13T10:16:31.764181+00:00
KXHIGHTATL,KXHIGHTATL-26SEP13-B94.5,Atlanta Max Temperature,KATL,2026-09-13,between,94.0,95.0,The Weather Company,https://weather.com/kalshi,0.01,0.02,0.98,0.99,19.0,415.0,258.09,0.0,2026-09-14T05:00:00Z,active,2026-09-13T10:16:31.764181+00:00
KXHIGHTATL,KXHIGHTATL-26SEP13-B92.5,Atlanta Max Temperature,KATL,2026-09-13,between,92.0,93.0,The Weather Company,https://weather.com/kalshi,0.17,0.2,0.8,0.83,2.0,10.0,1160.18,0.0,2026-09-14T05:00:00Z,active,2026-09-13T10:16:31.764181+00:00
KXHIGHTATL,KXHIGHTATL-26SEP13-B90.5,Atlanta Max Temperature,KATL,2026-09-13,between,90.0,91.0,The Weather Company,https://weather.com/kalshi,0.57,0.63,0.37,0.43,70.0,5.0,793.57,0.0,2026-09-14T05:00:00Z,active,2026-09-13T10:16:31.764181+00:00
KXHIGHTATL,KXHIGHTATL-26SEP13-B88.5,Atlanta Max Temperature,KATL,2026-09-13,between,88.0,89.0,The Weather Company,https://weather.com/kalshi,0.14,0.19,0.81,0.86,11.0,10.0,445.17,0.0,2026-09-14T05:00:00Z,active,2026-09-13T10:16:31.764181+00:00
KXHIGHTLV,KXHIGHTLV-26SEP13-T98,Las Vegas Max Daily Temperature,KLAS,2026-09-13,less,,98.0,The Weather Company,https://weather.com/kalshi,0.0,0.01,0.99,1.0,379.02,0.0,709.77,0.0,2026-09-14T08:00:00Z,active,2026-09-13T10:16:31.764181+00:00
KXHIGHTLV,KXHIGHTLV-26SEP13-T105,Las Vegas Max Daily Temperature,KLAS,2026-09-13,greater,105.0,,The Weather Company,https://weather.com/kalshi,0.0,0.01,0.99,1.0,150.02,0.0,312.59,0.0,2026-09-14T08:00:00Z,active,2026-09-13T10:16:31.764181+00:00
KXHIGHTLV,KXHIGHTLV-26SEP13-B98.5,Las Vegas Max Daily Temperature,KLAS,2026-09-13,between,98.0,99.0,The Weather Company,https://weather.com/kalshi,0.02,0.03,0.97,0.98,14.0,21.99,336.12,0.0,2026-09-14T08:00:00Z,active,2026-09-13T10:16:31.764181+00:00
KXHIGHTLV,KXHIGHTLV-26SEP13-B104.5,Las Vegas Max Daily Temperature,KLAS,2026-09-13,between,104.0,105.0,The Weather Company,https://weather.com/kalshi,0.01,0.02,0.98,0.99,13.0,629.82,1000.06,0.0,2026-09-14T08:00:00Z,active,2026-09-13T10:16:31.764181+00:00
KXHIGHTLV,KXHIGHTLV-26SEP13-B102.5,Las Vegas Max Daily Temperature,KLAS,2026-09-13,between,102.0,103.0,The Weather Company,https://weather.com/kalshi,0.48,0.49,0.51,0.52,1.0,10.0,1333.2,0.0,2026-09-14T08:00:00Z,active,2026-09-13T10:16:31.764181+00:00
KXHIGHTLV,KXHIGHTLV-26SEP13-B100.5,Las Vegas Max Daily Temperature,KLAS,2026-09-13,between,100.0,101.0,The Weather Company,https://weather.com/kalshi,0.45,0.51,0.49,0.55,69.0,15.0,1436.6,0.0,2026-09-14T08:00:00Z,active,2026-09-13T10:16:31.764181+00:00
KXHIGHTSAN,KXHIGHTSAN-26SEP13-T84,High Temperature San Diego,KSAN,2026-09-13,greater,84.0,,The Weather Company,https://weather.com/kalshi,0.0,0.86,0.14,1.0,29.0,0.0,0.0,0.0,2026-09-14T08:00:00Z,active,2026-09-13T10:16:31.764181+00:00
KXHIGHTSAN,KXHIGHTSAN-26SEP13-T77,High Temperature San Diego,KSAN,2026-09-13,less,,77.0,The Weather Company,https://weather.com/kalshi,0.02,0.11,0.89,0.98,50.0,47.0,5.04,0.0,2026-09-14T08:00:00Z,active,2026-09-13T10:16:31.764181+00:00
KXHIGHTSAN,KXHIGHTSAN-26SEP13-B83.5,High Temperature San Diego,KSAN,2026-09-13,between,83.0,84.0,The Weather Company,https://weather.com/kalshi,0.01,0.6,0.4,0.99,45.0,48.0,9.0,0.0,2026-09-14T08:00:00Z,active,2026-09-13T10:16:31.764181+00:00
KXHIGHTSAN,KXHIGHTSAN-26SEP13-B81.5,High Temperature San Diego,KSAN,2026-09-13,between,81.0,82.0,The Weather Company,https://weather.com/kalshi,0.17,0.25,0.75,0.83,50.0,43.0,3.52,0.0,2026-09-14T08:00:00Z,active,2026-09-13T10:16:31.764181+00:00
KXHIGHTSAN,KXHIGHTSAN-26SEP13-B79.5,High Temperature San Diego,KSAN,2026-09-13,between,79.0,80.0,The Weather Company,https://weather.com/kalshi,0.35,0.45,0.55,0.65,50.0,50.0,26.0,0.0,2026-09-14T08:00:00Z,active,2026-09-13T10:16:31.764181+00:00
KXHIGHTSAN,KXHIGHTSAN-26SEP13-B77.5,High Temperature San Diego,KSAN,2026-09-13,between,77.0,78.0,The Weather Company,https://weather.com/kalshi,0.24,0.28,0.72,0.76,1.0,50.0,66.83,0.0,2026-09-14T08:00:00Z,active,2026-09-13T10:16:31.764181+00:00
KXHIGHPHIL,KXHIGHPHIL-26SEP13-T87,Highest temperature in Philadelphia,KPHL,2026-09-13,greater,87.0,,The Weather Company,https://weather.com/kalshi,0.05,0.07,0.93,0.95,8.0,51.99,1057.5,0.0,2026-09-14T05:00:00Z,active,2026-09-13T10:16:31.764181+00:00
KXHIGHPHIL,KXHIGHPHIL-26SEP13-T80,Highest temperature in Philadelphia,KPHL,2026-09-13,less,,80.0,The Weather Company,https://weather.com/kalshi,0.0,0.01,0.99,1.0,22.01,0.0,460.35,0.0,2026-09-14T05:00:00Z,active,2026-09-13T10:16:31.764181+00:00
KXHIGHPHIL,KXHIGHPHIL-26SEP13-B86.5,Highest temperature in Philadelphia,KPHL,2026-09-13,between,86.0,87.0,The Weather Company,https://weather.com/kalshi,0.41,0.42,0.58,0.59,10.0,27.0,1033.51,0.0,2026-09-14T05:00:00Z,active,2026-09-13T10:16:31.764181+00:00
KXHIGHPHIL,KXHIGHPHIL-26SEP13-B84.5,Highest temperature in Philadelphia,KPHL,2026-09-13,between,84.0,85.0,The Weather Company,https://weather.com/kalshi,0.37,0.44,0.56,0.63,18.0,45.81,680.25,0.0,2026-09-14T05:00:00Z,active,2026-09-13T10:16:31.764181+00:00
KXHIGHPHIL,KXHIGHPHIL-26SEP13-B82.5,Highest temperature in Philadelphia,KPHL,2026-09-13,between,82.0,83.0,The Weather Company,https://weather.com/kalshi,0.1,0.15,0.85,0.9,1.0,10.0,550.46,0.0,2026-09-14T05:00:00Z,active,2026-09-13T10:16:31.764181+00:00
KXHIGHPHIL,KXHIGHPHIL-26SEP13-B80.5,Highest temperature in Philadelphia,KPHL,2026-09-13,between,80.0,81.0,The Weather Company,https://weather.com/kalshi,0.01,0.03,0.97,0.99,16.0,291.0,68.79,0.0,2026-09-14T05:00:00Z,active,2026-09-13T10:16:31.764181+00:00
KXHIGHCHI,KXHIGHCHI-26SEP13-T79,Highest temperature in Chicago,KMDW,2026-09-13,greater,79.0,,The Weather Company,https://weather.com/kalshi,0.0,0.01,0.99,1.0,55.26,0.0,6244.72,0.0,2026-09-14T06:00:00Z,active,2026-09-13T10:16:31.764181+00:00
KXHIGHCHI,KXHIGHCHI-26SEP13-T72,Highest temperature in Chicago,KMDW,2026-09-13,less,,72.0,The Weather Company,https://weather.com/kalshi,0.0,0.01,0.99,1.0,25396.2,0.0,3941.76,0.0,2026-09-14T06:00:00Z,active,2026-09-13T10:16:31.764181+00:00
KXHIGHCHI,KXHIGHCHI-26SEP13-B78.5,Highest temperature in Chicago,KMDW,2026-09-13,between,78.0,79.0,The Weather Company,https://weather.com/kalshi,0.05,0.06,0.94,0.95,0.24,93.0,3307.85,0.0,2026-09-14T06:00:00Z,active,2026-09-13T10:16:31.764181+00:00
KXHIGHCHI,KXHIGHCHI-26SEP13-B76.5,Highest temperature in Chicago,KMDW,2026-09-13,between,76.0,77.0,The Weather Company,https://weather.com/kalshi,0.49,0.5,0.5,0.51,121.0,14.0,2892.81,0.0,2026-09-14T06:00:00Z,active,2026-09-13T10:16:31.764181+00:00
KXHIGHCHI,KXHIGHCHI-26SEP13-B74.5,Highest temperature in Chicago,KMDW,2026-09-13,between,74.0,75.0,The Weather Company,https://weather.com/kalshi,0.41,0.43,0.57,0.59,10.0,29.0,1772.22,0.0,2026-09-14T06:00:00Z,active,2026-09-13T10:16:31.764181+00:00
KXHIGHCHI,KXHIGHCHI-26SEP13-B72.5,Highest temperature in Chicago,KMDW,2026-09-13,between,72.0,73.0,The Weather Company,https://weather.com/kalshi,0.0,0.01,0.99,1.0,20712.45,0.0,7502.47,0.0,2026-09-14T06:00:00Z,active,2026-09-13T10:16:31.764181+00:00
KXLOWTDEN,KXLOWTDEN-26SEP13-T62,Lowest temperature in Denver,KDEN,2026-09-13,greater,62.0,,The Weather Company,https://weather.com/kalshi,0.0,0.01,0.99,1.0,1400.0,0.0,116.0,0.0,2026-09-14T07:00:00Z,active,2026-09-13T10:16:31.764181+00:00
KXLOWTDEN,KXLOWTDEN-26SEP13-T55,Lowest temperature in Denver,KDEN,2026-09-13,less,,55.0,The Weather Company,https://weather.com/kalshi,0.34,0.75,0.25,0.66,1.0,39.0,879.02,0.0,2026-09-14T07:00:00Z,active,2026-09-13T10:16:31.764181+00:00
KXLOWTDEN,KXLOWTDEN-26SEP13-B61.5,Lowest temperature in Denver,KDEN,2026-09-13,between,61.0,62.0,The Weather Company,https://weather.com/kalshi,0.0,0.01,0.99,1.0,649.99,0.0,486.05,0.0,2026-09-14T07:00:00Z,active,2026-09-13T10:16:31.764181+00:00
KXLOWTDEN,KXLOWTDEN-26SEP13-B59.5,Lowest temperature in Denver,KDEN,2026-09-13,between,59.0,60.0,The Weather Company,https://weather.com/kalshi,0.0,0.01,0.99,1.0,571.99,0.0,738.45,0.0,2026-09-14T07:00:00Z,active,2026-09-13T10:16:31.764181+00:00
KXLOWTDEN,KXLOWTDEN-26SEP13-B57.5,Lowest temperature in Denver,KDEN,2026-09-13,between,57.0,58.0,The Weather Company,https://weather.com/kalshi,0.0,0.01,0.99,1.0,1802.99,0.0,877.77,0.0,2026-09-14T07:00:00Z,active,2026-09-13T10:16:31.764181+00:00
KXLOWTDEN,KXLOWTDEN-26SEP13-B55.5,Lowest temperature in Denver,KDEN,2026-09-13,between,55.0,56.0,The Weather Company,https://weather.com/kalshi,0.19,0.29,0.71,0.81,124.0,50.0,691.03,0.0,2026-09-14T07:00:00Z,active,2026-09-13T10:16:31.764181+00:00
KXLOWTTTN,KXLOWTTTN-26SEP13-T70,Trenton Daily low temp ,KTTN,2026-09-13,greater,70.0,,The Weather Company,https://weather.com/kalshi,0.0,0.01,0.99,1.0,8235.0,0.0,59.0,0.0,2026-09-14T05:00:00Z,active,2026-09-13T10:16:31.764181+00:00
KXLOWTTTN,KXLOWTTTN-26SEP13-T63,Trenton Daily low temp ,KTTN,2026-09-13,less,,63.0,The Weather Company,https://weather.com/kalshi,0.01,0.98,0.02,0.99,5.0,30.0,5.0,0.0,2026-09-14T05:00:00Z,active,2026-09-13T10:16:31.764181+00:00
KXLOWTTTN,KXLOWTTTN-26SEP13-B69.5,Trenton Daily low temp ,KTTN,2026-09-13,between,69.0,70.0,The Weather Company,https://weather.com/kalshi,0.0,0.01,0.99,1.0,8204.0,0.0,59.0,0.0,2026-09-14T05:00:00Z,active,2026-09-13T10:16:31.764181+00:00
KXLOWTTTN,KXLOWTTTN-26SEP13-B67.5,Trenton Daily low temp ,KTTN,2026-09-13,between,67.0,68.0,The Weather Company,https://weather.com/kalshi,0.01,0.97,0.03,0.99,3.0,30.0,38.0,0.0,2026-09-14T05:00:00Z,active,2026-09-13T10:16:31.764181+00:00
KXLOWTTTN,KXLOWTTTN-26SEP13-B65.5,Trenton Daily low temp ,KTTN,2026-09-13,between,65.0,66.0,The Weather Company,https://weather.com/kalshi,0.02,0.87,0.13,0.98,72.0,10.0,10.0,0.0,2026-09-14T05:00:00Z,active,2026-09-13T10:16:31.764181+00:00
KXLOWTTTN,KXLOWTTTN-26SEP13-B63.5,Trenton Daily low temp ,KTTN,2026-09-13,between,63.0,64.0,The Weather Company,https://weather.com/kalshi,0.02,0.98,0.02,0.98,58.0,29.0,0.0,0.0,2026-09-14T05:00:00Z,active,2026-09-13T10:16:31.764181+00:00
KXLOWTSFO,KXLOWTSFO-26SEP13-T60,Lowest Temperature San Francisco,KSFO,2026-09-13,greater,60.0,,The Weather Company,https://weather.com/kalshi,0.0,0.01,0.99,1.0,17915.15,0.0,63.0,0.0,2026-09-14T08:00:00Z,active,2026-09-13T10:16:31.764181+00:00
KXLOWTSFO,KXLOWTSFO-26SEP13-T53,Lowest Temperature San Francisco,KSFO,2026-09-13,less,,53.0,The Weather Company,https://weather.com/kalshi,0.0,0.03,0.97,1.0,50.0,0.0,0.0,0.0,2026-09-14T08:00:00Z,active,2026-09-13T10:16:31.764181+00:00
KXLOWTSFO,KXLOWTSFO-26SEP13-B59.5,Lowest Temperature San Francisco,KSFO,2026-09-13,between,59.0,60.0,The Weather Company,https://weather.com/kalshi,0.59,0.69,0.31,0.41,24.99,1.0,297.07,0.0,2026-09-14T08:00:00Z,active,2026-09-13T10:16:31.764181+00:00
KXLOWTSFO,KXLOWTSFO-26SEP13-B57.5,Lowest Temperature San Francisco,KSFO,2026-09-13,between,57.0,58.0,The Weather Company,https://weather.com/kalshi,0.33,0.41,0.59,0.67,50.0,0.01,161.0,0.0,2026-09-14T08:00:00Z,active,2026-09-13T10:16:31.764181+00:00
KXLOWTSFO,KXLOWTSFO-26SEP13-B55.5,Lowest Temperature San Francisco,KSFO,2026-09-13,between,55.0,56.0,The Weather Company,https://weather.com/kalshi,0.02,0.23,0.77,0.98,3.0,29.0,40.0,0.0,2026-09-14T08:00:00Z,active,2026-09-13T10:16:31.764181+00:00
KXLOWTSFO,KXLOWTSFO-26SEP13-B53.5,Lowest Temperature San Francisco,KSFO,2026-09-13,between,53.0,54.0,The Weather Company,https://weather.com/kalshi,0.0,0.02,0.98,1.0,100.0,0.0,89.0,0.0,2026-09-14T08:00:00Z,active,2026-09-13T10:16:31.764181+00:00
KXLOWTLV,KXLOWTLV-26SEP13-T81,Las Vegas Daily Low Temperature,KLAS,2026-09-13,greater,81.0,,The Weather Company,https://weather.com/kalshi,0.9,0.95,0.05,0.1,28.61,4.0,780.48,0.0,2026-09-14T08:00:00Z,active,2026-09-13T10:16:31.764181+00:00
KXLOWTLV,KXLOWTLV-26SEP13-T74,Las Vegas Daily Low Temperature,KLAS,2026-09-13,less,,74.0,The Weather Company,https://weather.com/kalshi,0.0,0.01,0.99,1.0,44.0,0.0,0.0,0.0,2026-09-14T08:00:00Z,active,2026-09-13T10:16:31.764181+00:00
KXLOWTLV,KXLOWTLV-26SEP13-B80.5,Las Vegas Daily Low Temperature,KLAS,2026-09-13,between,80.0,81.0,The Weather Company,https://weather.com/kalshi,0.02,0.11,0.89,0.98,4.0,29.0,0.02,0.0,2026-09-14T08:00:00Z,active,2026-09-13T10:16:31.764181+00:00
KXLOWTLV,KXLOWTLV-26SEP13-B78.5,Las Vegas Daily Low Temperature,KLAS,2026-09-13,between,78.0,79.0,The Weather Company,https://weather.com/kalshi,0.0,0.05,0.95,1.0,2.0,0.0,282.0,0.0,2026-09-14T08:00:00Z,active,2026-09-13T10:16:31.764181+00:00
KXLOWTLV,KXLOWTLV-26SEP13-B76.5,Las Vegas Daily Low Temperature,KLAS,2026-09-13,between,76.0,77.0,The Weather Company,https://weather.com/kalshi,0.01,0.09,0.91,0.99,9.01,2.0,319.25,0.0,2026-09-14T08:00:00Z,active,2026-09-13T10:16:31.764181+00:00
KXLOWTLV,KXLOWTLV-26SEP13-B74.5,Las Vegas Daily Low Temperature,KLAS,2026-09-13,between,74.0,75.0,The Weather Company,https://weather.com/kalshi,0.0,0.01,0.99,1.0,3.0,0.0,36.0,0.0,2026-09-14T08:00:00Z,active,2026-09-13T10:16:31.764181+00:00
KXLOWTSEA,KXLOWTSEA-26SEP13-T55,Low Temperature Seattle,KSEA,2026-09-13,greater,55.0,,The Weather Company,https://weather.com/kalshi,0.0,0.01,0.99,1.0,17917.15,0.0,82.99,0.0,2026-09-14T08:00:00Z,active,2026-09-13T10:16:31.764181+00:00
KXLOWTSEA,KXLOWTSEA-26SEP13-T48,Low Temperature Seattle,KSEA,2026-09-13,less,,48.0,The Weather Company,https://weather.com/kalshi,0.0,0.02,0.98,1.0,298.0,0.0,0.0,0.0,2026-09-14T08:00:00Z,active,2026-09-13T10:16:31.764181+00:00
KXLOWTSEA,KXLOWTSEA-26SEP13-B54.5,Low Temperature Seattle,KSEA,2026-09-13,between,54.0,55.0,The Weather Company,https://weather.com/kalshi,0.33,0.43,0.57,0.67,50.0,50.0,49.84,0.0,2026-09-14T08:00:00Z,active,2026-09-13T10:16:31.764181+00:00
KXLOWTSEA,KXLOWTSEA-26SEP13-B52.5,Low Temperature Seattle,KSEA,2026-09-13,between,52.0,53.0,The Weather Company,https://weather.com/kalshi,0.46,0.56,0.44,0.54,50.0,50.0,192.02,0.0,2026-09-14T08:00:00Z,active,2026-09-13T10:16:31.764181+00:00
KXLOWTSEA,KXLOWTSEA-26SEP13-B50.5,Low Temperature Seattle,KSEA,2026-09-13,between,50.0,51.0,The Weather Company,https://weather.com/kalshi,0.04,0.13,0.87,0.96,50.0,29.0,0.0,0.0,2026-09-14T08:00:00Z,active,2026-09-13T10:16:31.764181+00:00
KXLOWTSEA,KXLOWTSEA-26SEP13-B48.5,Low Temperature Seattle,KSEA,2026-09-13,between,48.0,49.0,The Weather Company,https://weather.com/kalshi,0.0,0.09,0.91,1.0,66.0,0.0,126.0,0.0,2026-09-14T08:00:00Z,active,2026-09-13T10:16:31.764181+00:00
