series_ticker,market_ticker,city_label,station_id,target_date,strike_type,floor_strike,cap_strike,yes_bid,yes_ask,no_bid,no_ask,forecast_kind,forecast_value_f,lead_days,model_sigma_f,sigma_source,model_prob_yes,model_status,pulled_at
KXHIGHTATL,KXHIGHTATL-26SEP07-T90,Atlanta Max Temperature,KATL,2026-09-07,greater,90.0,,0.0,0.01,0.99,1.0,max,97.0,0,2.23,literature_placeholder,0.9991,estimated,2026-09-07T09:50:21.371533+00:00
KXHIGHTATL,KXHIGHTATL-26SEP07-T83,Atlanta Max Temperature,KATL,2026-09-07,less,,83.0,0.05,0.06,0.94,0.95,max,97.0,0,2.23,literature_placeholder,0.0,estimated,2026-09-07T09:50:21.371533+00:00
KXHIGHTATL,KXHIGHTATL-26SEP07-B89.5,Atlanta Max Temperature,KATL,2026-09-07,between,89.0,90.0,0.02,0.03,0.97,0.98,max,97.0,0,2.23,literature_placeholder,0.0007,estimated,2026-09-07T09:50:21.371533+00:00
KXHIGHTATL,KXHIGHTATL-26SEP07-B87.5,Atlanta Max Temperature,KATL,2026-09-07,between,87.0,88.0,0.15,0.19,0.81,0.85,max,97.0,0,2.23,literature_placeholder,0.0,estimated,2026-09-07T09:50:21.371533+00:00
KXHIGHTATL,KXHIGHTATL-26SEP07-B85.5,Atlanta Max Temperature,KATL,2026-09-07,between,85.0,86.0,0.46,0.47,0.53,0.54,max,97.0,0,2.23,literature_placeholder,0.0,estimated,2026-09-07T09:50:21.371533+00:00
KXHIGHTATL,KXHIGHTATL-26SEP07-B83.5,Atlanta Max Temperature,KATL,2026-09-07,between,83.0,84.0,0.34,0.35,0.65,0.66,max,97.0,0,2.23,literature_placeholder,0.0,estimated,2026-09-07T09:50:21.371533+00:00
KXHIGHPHIL,KXHIGHPHIL-26SEP07-T85,Highest temperature in Philadelphia,KPHL,2026-09-07,greater,85.0,,0.0,0.01,0.99,1.0,max,81.0,0,2.23,literature_placeholder,0.0365,estimated,2026-09-07T09:50:21.371533+00:00
KXHIGHPHIL,KXHIGHPHIL-26SEP07-T78,Highest temperature in Philadelphia,KPHL,2026-09-07,less,,78.0,0.0,0.01,0.99,1.0,max,81.0,0,2.23,literature_placeholder,0.0894,estimated,2026-09-07T09:50:21.371533+00:00
KXHIGHPHIL,KXHIGHPHIL-26SEP07-B84.5,Highest temperature in Philadelphia,KPHL,2026-09-07,between,84.0,85.0,0.05,0.07,0.93,0.95,max,81.0,0,2.23,literature_placeholder,0.0529,estimated,2026-09-07T09:50:21.371533+00:00
KXHIGHPHIL,KXHIGHPHIL-26SEP07-B82.5,Highest temperature in Philadelphia,KPHL,2026-09-07,between,82.0,83.0,0.48,0.49,0.51,0.52,max,81.0,0,2.23,literature_placeholder,0.142,estimated,2026-09-07T09:50:21.371533+00:00
KXHIGHPHIL,KXHIGHPHIL-26SEP07-B80.5,Highest temperature in Philadelphia,KPHL,2026-09-07,between,80.0,81.0,0.46,0.49,0.51,0.54,max,81.0,0,2.23,literature_placeholder,0.173,estimated,2026-09-07T09:50:21.371533+00:00
KXHIGHPHIL,KXHIGHPHIL-26SEP07-B78.5,Highest temperature in Philadelphia,KPHL,2026-09-07,between,78.0,79.0,0.01,0.03,0.97,0.99,max,81.0,0,2.23,literature_placeholder,0.0956,estimated,2026-09-07T09:50:21.371533+00:00
KXLOWTSDF,KXLOWTSDF-26SEP07-T66,Lowest Temperature SDX,KSDF,2026-09-07,greater,66.0,,0.0,0.01,0.99,1.0,min,64.0,0,2.23,literature_placeholder,0.185,estimated,2026-09-07T09:50:21.371533+00:00
KXLOWTSDF,KXLOWTSDF-26SEP07-T59,Lowest Temperature SDX,KSDF,2026-09-07,less,,59.0,0.0,0.99,0.01,1.0,min,64.0,0,2.23,literature_placeholder,0.0125,estimated,2026-09-07T09:50:21.371533+00:00
KXLOWTSDF,KXLOWTSDF-26SEP07-B65.5,Lowest Temperature SDX,KSDF,2026-09-07,between,65.0,66.0,0.0,0.01,0.99,1.0,min,64.0,0,2.23,literature_placeholder,0.142,estimated,2026-09-07T09:50:21.371533+00:00
KXLOWTSDF,KXLOWTSDF-26SEP07-B63.5,Lowest Temperature SDX,KSDF,2026-09-07,between,63.0,64.0,0.0,0.99,0.01,1.0,min,64.0,0,2.23,literature_placeholder,0.173,estimated,2026-09-07T09:50:21.371533+00:00
KXLOWTSDF,KXLOWTSDF-26SEP07-B61.5,Lowest Temperature SDX,KSDF,2026-09-07,between,61.0,62.0,0.0,0.99,0.01,1.0,min,64.0,0,2.23,literature_placeholder,0.0956,estimated,2026-09-07T09:50:21.371533+00:00
KXLOWTSDF,KXLOWTSDF-26SEP07-B59.5,Lowest Temperature SDX,KSDF,2026-09-07,between,59.0,60.0,0.0,0.99,0.01,1.0,min,64.0,0,2.23,literature_placeholder,0.024,estimated,2026-09-07T09:50:21.371533+00:00
KXLOWTOKC,KXLOWTOKC-26SEP07-T77,Low Temperature Oklahoma City,KOKC,2026-09-07,greater,77.0,,0.0,0.01,0.99,1.0,min,76.0,0,2.23,literature_placeholder,0.327,estimated,2026-09-07T09:50:21.371533+00:00
KXLOWTOKC,KXLOWTOKC-26SEP07-T70,Low Temperature Oklahoma City,KOKC,2026-09-07,less,,70.0,0.0,0.02,0.98,1.0,min,76.0,0,2.23,literature_placeholder,0.0036,estimated,2026-09-07T09:50:21.371533+00:00
KXLOWTOKC,KXLOWTOKC-26SEP07-B76.5,Low Temperature Oklahoma City,KOKC,2026-09-07,between,76.0,77.0,0.14,0.23,0.77,0.86,min,76.0,0,2.23,literature_placeholder,0.173,estimated,2026-09-07T09:50:21.371533+00:00
KXLOWTOKC,KXLOWTOKC-26SEP07-B74.5,Low Temperature Oklahoma City,KOKC,2026-09-07,between,74.0,75.0,0.4,0.59,0.41,0.6,min,76.0,0,2.23,literature_placeholder,0.142,estimated,2026-09-07T09:50:21.371533+00:00
KXLOWTOKC,KXLOWTOKC-26SEP07-B72.5,Low Temperature Oklahoma City,KOKC,2026-09-07,between,72.0,73.0,0.03,0.25,0.75,0.97,min,76.0,0,2.23,literature_placeholder,0.0529,estimated,2026-09-07T09:50:21.371533+00:00
KXLOWTOKC,KXLOWTOKC-26SEP07-B70.5,Low Temperature Oklahoma City,KOKC,2026-09-07,between,70.0,71.0,0.03,0.09,0.91,0.97,min,76.0,0,2.23,literature_placeholder,0.0089,estimated,2026-09-07T09:50:21.371533+00:00
KXLOWTDEN,KXLOWTDEN-26SEP07-T67,Lowest temperature in Denver,KDEN,2026-09-07,greater,67.0,,0.01,0.03,0.97,0.99,min,64.0,0,2.23,literature_placeholder,0.0894,estimated,2026-09-07T09:50:21.371533+00:00
KXLOWTDEN,KXLOWTDEN-26SEP07-T60,Lowest temperature in Denver,KDEN,2026-09-07,less,,60.0,0.07,0.13,0.87,0.93,min,64.0,0,2.23,literature_placeholder,0.0365,estimated,2026-09-07T09:50:21.371533+00:00
KXLOWTDEN,KXLOWTDEN-26SEP07-B66.5,Lowest temperature in Denver,KDEN,2026-09-07,between,66.0,67.0,0.03,0.1,0.9,0.97,min,64.0,0,2.23,literature_placeholder,0.0956,estimated,2026-09-07T09:50:21.371533+00:00
KXLOWTDEN,KXLOWTDEN-26SEP07-B64.5,Lowest temperature in Denver,KDEN,2026-09-07,between,64.0,65.0,0.26,0.31,0.69,0.74,min,64.0,0,2.23,literature_placeholder,0.173,estimated,2026-09-07T09:50:21.371533+00:00
KXLOWTDEN,KXLOWTDEN-26SEP07-B62.5,Lowest temperature in Denver,KDEN,2026-09-07,between,62.0,63.0,0.29,0.38,0.62,0.71,min,64.0,0,2.23,literature_placeholder,0.142,estimated,2026-09-07T09:50:21.371533+00:00
KXLOWTDEN,KXLOWTDEN-26SEP07-B60.5,Lowest temperature in Denver,KDEN,2026-09-07,between,60.0,61.0,0.18,0.26,0.74,0.82,min,64.0,0,2.23,literature_placeholder,0.0529,estimated,2026-09-07T09:50:21.371533+00:00
KXHIGHTBOS,KXHIGHTBOS-26SEP07-T82,Boston Maximum Daily Temperature,KBOS,2026-09-07,greater,82.0,,0.0,0.01,0.99,1.0,max,76.0,0,2.23,literature_placeholder,0.0036,estimated,2026-09-07T09:50:21.371533+00:00
KXHIGHTBOS,KXHIGHTBOS-26SEP07-T75,Boston Maximum Daily Temperature,KBOS,2026-09-07,less,,75.0,0.01,0.03,0.97,0.99,max,76.0,0,2.23,literature_placeholder,0.327,estimated,2026-09-07T09:50:21.371533+00:00
KXHIGHTBOS,KXHIGHTBOS-26SEP07-B81.5,Boston Maximum Daily Temperature,KBOS,2026-09-07,between,81.0,82.0,0.23,0.24,0.76,0.77,max,76.0,0,2.23,literature_placeholder,0.0089,estimated,2026-09-07T09:50:21.371533+00:00
KXHIGHTBOS,KXHIGHTBOS-26SEP07-B79.5,Boston Maximum Daily Temperature,KBOS,2026-09-07,between,79.0,80.0,0.6,0.61,0.39,0.4,max,76.0,0,2.23,literature_placeholder,0.0529,estimated,2026-09-07T09:50:21.371533+00:00
KXHIGHTBOS,KXHIGHTBOS-26SEP07-B77.5,Boston Maximum Daily Temperature,KBOS,2026-09-07,between,77.0,78.0,0.15,0.16,0.84,0.85,max,76.0,0,2.23,literature_placeholder,0.142,estimated,2026-09-07T09:50:21.371533+00:00
KXHIGHTBOS,KXHIGHTBOS-26SEP07-B75.5,Boston Maximum Daily Temperature,KBOS,2026-09-07,between,75.0,76.0,0.01,0.02,0.98,0.99,max,76.0,0,2.23,literature_placeholder,0.173,estimated,2026-09-07T09:50:21.371533+00:00
KXLOWTCHI,KXLOWTCHI-26SEP07-T66,Lowest Temperature Chicago,KMDW,2026-09-07,greater,66.0,,0.17,0.25,0.75,0.83,min,64.0,0,2.23,literature_placeholder,0.185,estimated,2026-09-07T09:50:21.371533+00:00
KXLOWTCHI,KXLOWTCHI-26SEP07-T59,Lowest Temperature Chicago,KMDW,2026-09-07,less,,59.0,0.0,0.01,0.99,1.0,min,64.0,0,2.23,literature_placeholder,0.0125,estimated,2026-09-07T09:50:21.371533+00:00
KXLOWTCHI,KXLOWTCHI-26SEP07-B65.5,Lowest Temperature Chicago,KMDW,2026-09-07,between,65.0,66.0,0.67,0.68,0.32,0.33,min,64.0,0,2.23,literature_placeholder,0.142,estimated,2026-09-07T09:50:21.371533+00:00
KXLOWTCHI,KXLOWTCHI-26SEP07-B63.5,Lowest Temperature Chicago,KMDW,2026-09-07,between,63.0,64.0,0.18,0.19,0.81,0.82,min,64.0,0,2.23,literature_placeholder,0.173,estimated,2026-09-07T09:50:21.371533+00:00
KXLOWTCHI,KXLOWTCHI-26SEP07-B61.5,Lowest Temperature Chicago,KMDW,2026-09-07,between,61.0,62.0,0.0,0.03,0.97,1.0,min,64.0,0,2.23,literature_placeholder,0.0956,estimated,2026-09-07T09:50:21.371533+00:00
KXLOWTCHI,KXLOWTCHI-26SEP07-B59.5,Lowest Temperature Chicago,KMDW,2026-09-07,between,59.0,60.0,0.0,0.01,0.99,1.0,min,64.0,0,2.23,literature_placeholder,0.024,estimated,2026-09-07T09:50:21.371533+00:00
KXLOWTMIN,KXLOWTMIN-26SEP07-T70,Low  temperature Minnesota,KMSP,2026-09-07,greater,70.0,,0.0,0.01,0.99,1.0,min,68.0,0,2.23,literature_placeholder,0.185,estimated,2026-09-07T09:50:21.371533+00:00
KXLOWTMIN,KXLOWTMIN-26SEP07-T63,Low  temperature Minnesota,KMSP,2026-09-07,less,,63.0,0.0,0.01,0.99,1.0,min,68.0,0,2.23,literature_placeholder,0.0125,estimated,2026-09-07T09:50:21.371533+00:00
KXLOWTMIN,KXLOWTMIN-26SEP07-B69.5,Low  temperature Minnesota,KMSP,2026-09-07,between,69.0,70.0,0.66,0.74,0.26,0.34,min,68.0,0,2.23,literature_placeholder,0.142,estimated,2026-09-07T09:50:21.371533+00:00
KXLOWTMIN,KXLOWTMIN-26SEP07-B67.5,Low  temperature Minnesota,KMSP,2026-09-07,between,67.0,68.0,0.29,0.34,0.66,0.71,min,68.0,0,2.23,literature_placeholder,0.173,estimated,2026-09-07T09:50:21.371533+00:00
KXLOWTMIN,KXLOWTMIN-26SEP07-B65.5,Low  temperature Minnesota,KMSP,2026-09-07,between,65.0,66.0,0.01,0.02,0.98,0.99,min,68.0,0,2.23,literature_placeholder,0.0956,estimated,2026-09-07T09:50:21.371533+00:00
KXLOWTMIN,KXLOWTMIN-26SEP07-B63.5,Low  temperature Minnesota,KMSP,2026-09-07,between,63.0,64.0,0.01,0.03,0.97,0.99,min,68.0,0,2.23,literature_placeholder,0.024,estimated,2026-09-07T09:50:21.371533+00:00
KXLOWTATL,KXLOWTATL-26SEP07-T75,Low Temperature Atlanta,KATL,2026-09-07,greater,75.0,,0.0,0.01,0.99,1.0,min,73.0,0,2.23,literature_placeholder,0.185,estimated,2026-09-07T09:50:21.371533+00:00
KXLOWTATL,KXLOWTATL-26SEP07-T68,Low Temperature Atlanta,KATL,2026-09-07,less,,68.0,0.0,0.01,0.99,1.0,min,73.0,0,2.23,literature_placeholder,0.0125,estimated,2026-09-07T09:50:21.371533+00:00
KXLOWTATL,KXLOWTATL-26SEP07-B74.5,Low Temperature Atlanta,KATL,2026-09-07,between,74.0,75.0,0.0,0.01,0.99,1.0,min,73.0,0,2.23,literature_placeholder,0.142,estimated,2026-09-07T09:50:21.371533+00:00
KXLOWTATL,KXLOWTATL-26SEP07-B72.5,Low Temperature Atlanta,KATL,2026-09-07,between,72.0,73.0,0.72,0.78,0.22,0.28,min,73.0,0,2.23,literature_placeholder,0.173,estimated,2026-09-07T09:50:21.371533+00:00
KXLOWTATL,KXLOWTATL-26SEP07-B70.5,Low Temperature Atlanta,KATL,2026-09-07,between,70.0,71.0,0.26,0.29,0.71,0.74,min,73.0,0,2.23,literature_placeholder,0.0956,estimated,2026-09-07T09:50:21.371533+00:00
KXLOWTATL,KXLOWTATL-26SEP07-B68.5,Low Temperature Atlanta,KATL,2026-09-07,between,68.0,69.0,0.0,0.01,0.99,1.0,min,73.0,0,2.23,literature_placeholder,0.024,estimated,2026-09-07T09:50:21.371533+00:00
KXHIGHCHI,KXHIGHCHI-26SEP07-T83,Highest temperature in Chicago,KMDW,2026-09-07,greater,83.0,,0.01,0.02,0.98,0.99,max,79.0,0,2.23,literature_placeholder,0.0365,estimated,2026-09-07T09:50:21.371533+00:00
KXHIGHCHI,KXHIGHCHI-26SEP07-T76,Highest temperature in Chicago,KMDW,2026-09-07,less,,76.0,0.0,0.01,0.99,1.0,max,79.0,0,2.23,literature_placeholder,0.0894,estimated,2026-09-07T09:50:21.371533+00:00
KXHIGHCHI,KXHIGHCHI-26SEP07-B82.5,Highest temperature in Chicago,KMDW,2026-09-07,between,82.0,83.0,0.05,0.06,0.94,0.95,max,79.0,0,2.23,literature_placeholder,0.0529,estimated,2026-09-07T09:50:21.371533+00:00
KXHIGHCHI,KXHIGHCHI-26SEP07-B80.5,Highest temperature in Chicago,KMDW,2026-09-07,between,80.0,81.0,0.6,0.61,0.39,0.4,max,79.0,0,2.23,literature_placeholder,0.142,estimated,2026-09-07T09:50:21.371533+00:00
KXHIGHCHI,KXHIGHCHI-26SEP07-B78.5,Highest temperature in Chicago,KMDW,2026-09-07,between,78.0,79.0,0.31,0.34,0.66,0.69,max,79.0,0,2.23,literature_placeholder,0.173,estimated,2026-09-07T09:50:21.371533+00:00
KXHIGHCHI,KXHIGHCHI-26SEP07-B76.5,Highest temperature in Chicago,KMDW,2026-09-07,between,76.0,77.0,0.03,0.04,0.96,0.97,max,79.0,0,2.23,literature_placeholder,0.0956,estimated,2026-09-07T09:50:21.371533+00:00
KXLOWTAUS,KXLOWTAUS-26SEP07-T77,Lowest temperature in Austin,KAUS,2026-09-07,greater,77.0,,0.0,0.01,0.99,1.0,min,75.0,0,2.23,literature_placeholder,0.185,estimated,2026-09-07T09:50:21.371533+00:00
KXLOWTAUS,KXLOWTAUS-26SEP07-T70,Lowest temperature in Austin,KAUS,2026-09-07,less,,70.0,0.0,0.02,0.98,1.0,min,75.0,0,2.23,literature_placeholder,0.0125,estimated,2026-09-07T09:50:21.371533+00:00
KXLOWTAUS,KXLOWTAUS-26SEP07-B76.5,Lowest temperature in Austin,KAUS,2026-09-07,between,76.0,77.0,0.03,0.1,0.9,0.97,min,75.0,0,2.23,literature_placeholder,0.142,estimated,2026-09-07T09:50:21.371533+00:00
KXLOWTAUS,KXLOWTAUS-26SEP07-B74.5,Lowest temperature in Austin,KAUS,2026-09-07,between,74.0,75.0,0.59,0.68,0.32,0.41,min,75.0,0,2.23,literature_placeholder,0.173,estimated,2026-09-07T09:50:21.371533+00:00
KXLOWTAUS,KXLOWTAUS-26SEP07-B72.5,Lowest temperature in Austin,KAUS,2026-09-07,between,72.0,73.0,0.25,0.34,0.66,0.75,min,75.0,0,2.23,literature_placeholder,0.0956,estimated,2026-09-07T09:50:21.371533+00:00
KXLOWTAUS,KXLOWTAUS-26SEP07-B70.5,Lowest temperature in Austin,KAUS,2026-09-07,between,70.0,71.0,0.01,0.04,0.96,0.99,min,75.0,0,2.23,literature_placeholder,0.024,estimated,2026-09-07T09:50:21.371533+00:00
KXHIGHMIA,KXHIGHMIA-26SEP07-T93,Highest temperature in Miami,KMIA,2026-09-07,greater,93.0,,0.14,0.15,0.85,0.86,max,91.0,0,2.23,literature_placeholder,0.185,estimated,2026-09-07T09:50:21.371533+00:00
KXHIGHMIA,KXHIGHMIA-26SEP07-T86,Highest temperature in Miami,KMIA,2026-09-07,less,,86.0,0.01,0.02,0.98,0.99,max,91.0,0,2.23,literature_placeholder,0.0125,estimated,2026-09-07T09:50:21.371533+00:00
KXHIGHMIA,KXHIGHMIA-26SEP07-B92.5,Highest temperature in Miami,KMIA,2026-09-07,between,92.0,93.0,0.59,0.6,0.4,0.41,max,91.0,0,2.23,literature_placeholder,0.142,estimated,2026-09-07T09:50:21.371533+00:00
KXHIGHMIA,KXHIGHMIA-26SEP07-B90.5,Highest temperature in Miami,KMIA,2026-09-07,between,90.0,91.0,0.2,0.22,0.78,0.8,max,91.0,0,2.23,literature_placeholder,0.173,estimated,2026-09-07T09:50:21.371533+00:00
KXHIGHMIA,KXHIGHMIA-26SEP07-B88.5,Highest temperature in Miami,KMIA,2026-09-07,between,88.0,89.0,0.04,0.05,0.95,0.96,max,91.0,0,2.23,literature_placeholder,0.0956,estimated,2026-09-07T09:50:21.371533+00:00
KXHIGHMIA,KXHIGHMIA-26SEP07-B86.5,Highest temperature in Miami,KMIA,2026-09-07,between,86.0,87.0,0.02,0.03,0.97,0.98,max,91.0,0,2.23,literature_placeholder,0.024,estimated,2026-09-07T09:50:21.371533+00:00
KXLOWTDAL,KXLOWTDAL-26SEP07-T81,Lowest temperature Dallas,KDFW,2026-09-07,greater,81.0,,0.04,0.05,0.95,0.96,min,80.0,0,2.23,literature_placeholder,0.327,estimated,2026-09-07T09:50:21.371533+00:00
KXLOWTDAL,KXLOWTDAL-26SEP07-T74,Lowest temperature Dallas,KDFW,2026-09-07,less,,74.0,0.0,0.01,0.99,1.0,min,80.0,0,2.23,literature_placeholder,0.0036,estimated,2026-09-07T09:50:21.371533+00:00
KXLOWTDAL,KXLOWTDAL-26SEP07-B80.5,Lowest temperature Dallas,KDFW,2026-09-07,between,80.0,81.0,0.35,0.39,0.61,0.65,min,80.0,0,2.23,literature_placeholder,0.173,estimated,2026-09-07T09:50:21.371533+00:00
KXLOWTDAL,KXLOWTDAL-26SEP07-B78.5,Lowest temperature Dallas,KDFW,2026-09-07,between,78.0,79.0,0.57,0.66,0.34,0.43,min,80.0,0,2.23,literature_placeholder,0.142,estimated,2026-09-07T09:50:21.371533+00:00
KXLOWTDAL,KXLOWTDAL-26SEP07-B76.5,Lowest temperature Dallas,KDFW,2026-09-07,between,76.0,77.0,0.02,0.05,0.95,0.98,min,80.0,0,2.23,literature_placeholder,0.0529,estimated,2026-09-07T09:50:21.371533+00:00
KXLOWTDAL,KXLOWTDAL-26SEP07-B74.5,Lowest temperature Dallas,KDFW,2026-09-07,between,74.0,75.0,0.01,0.03,0.97,0.99,min,80.0,0,2.23,literature_placeholder,0.0089,estimated,2026-09-07T09:50:21.371533+00:00
KXLOWTDC,KXLOWTDC-26SEP07-T67,Lowest Temperature DC ,KDCA,2026-09-07,greater,67.0,,0.0,0.01,0.99,1.0,min,65.0,0,2.23,literature_placeholder,0.185,estimated,2026-09-07T09:50:21.371533+00:00
KXLOWTDC,KXLOWTDC-26SEP07-T60,Lowest Temperature DC ,KDCA,2026-09-07,less,,60.0,0.0,0.03,0.97,1.0,min,65.0,0,2.23,literature_placeholder,0.0125,estimated,2026-09-07T09:50:21.371533+00:00
KXLOWTDC,KXLOWTDC-26SEP07-B66.5,Lowest Temperature DC ,KDCA,2026-09-07,between,66.0,67.0,0.0,0.01,0.99,1.0,min,65.0,0,2.23,literature_placeholder,0.142,estimated,2026-09-07T09:50:21.371533+00:00
KXLOWTDC,KXLOWTDC-26SEP07-B64.5,Lowest Temperature DC ,KDCA,2026-09-07,between,64.0,65.0,0.76,0.93,0.07,0.24,min,65.0,0,2.23,literature_placeholder,0.173,estimated,2026-09-07T09:50:21.371533+00:00
KXLOWTDC,KXLOWTDC-26SEP07-B62.5,Lowest Temperature DC ,KDCA,2026-09-07,between,62.0,63.0,0.01,0.12,0.88,0.99,min,65.0,0,2.23,literature_placeholder,0.0956,estimated,2026-09-07T09:50:21.371533+00:00
KXLOWTDC,KXLOWTDC-26SEP07-B60.5,Lowest Temperature DC ,KDCA,2026-09-07,between,60.0,61.0,0.0,0.03,0.97,1.0,min,65.0,0,2.23,literature_placeholder,0.024,estimated,2026-09-07T09:50:21.371533+00:00
KXLOWTSATX,KXLOWTSATX-26SEP07-T78,Lowest Temperature SATX,KSAT,2026-09-07,greater,78.0,,0.03,0.28,0.72,0.97,min,77.0,0,2.23,literature_placeholder,0.327,estimated,2026-09-07T09:50:21.371533+00:00
KXLOWTSATX,KXLOWTSATX-26SEP07-T71,Lowest Temperature SATX,KSAT,2026-09-07,less,,71.0,0.0,0.02,0.98,1.0,min,77.0,0,2.23,literature_placeholder,0.0036,estimated,2026-09-07T09:50:21.371533+00:00
KXLOWTSATX,KXLOWTSATX-26SEP07-B77.5,Lowest Temperature SATX,KSAT,2026-09-07,between,77.0,78.0,0.39,0.83,0.17,0.61,min,77.0,0,2.23,literature_placeholder,0.173,estimated,2026-09-07T09:50:21.371533+00:00
KXLOWTSATX,KXLOWTSATX-26SEP07-B75.5,Lowest Temperature SATX,KSAT,2026-09-07,between,75.0,76.0,0.02,0.05,0.95,0.98,min,77.0,0,2.23,literature_placeholder,0.142,estimated,2026-09-07T09:50:21.371533+00:00
KXLOWTSATX,KXLOWTSATX-26SEP07-B73.5,Lowest Temperature SATX,KSAT,2026-09-07,between,73.0,74.0,0.01,0.04,0.96,0.99,min,77.0,0,2.23,literature_placeholder,0.0529,estimated,2026-09-07T09:50:21.371533+00:00
KXLOWTSATX,KXLOWTSATX-26SEP07-B71.5,Lowest Temperature SATX,KSAT,2026-09-07,between,71.0,72.0,0.0,0.02,0.98,1.0,min,77.0,0,2.23,literature_placeholder,0.0089,estimated,2026-09-07T09:50:21.371533+00:00
KXLOWTLAX,KXLOWTLAX-26SEP07-T70,Lowest Temperature in LA,KLAX,2026-09-07,greater,70.0,,0.63,0.71,0.29,0.37,min,70.0,0,2.23,literature_placeholder,0.5,estimated,2026-09-07T09:50:21.371533+00:00
KXLOWTLAX,KXLOWTLAX-26SEP07-T63,Lowest Temperature in LA,KLAX,2026-09-07,less,,63.0,0.0,0.01,0.99,1.0,min,70.0,0,2.23,literature_placeholder,0.0009,estimated,2026-09-07T09:50:21.371533+00:00
KXLOWTLAX,KXLOWTLAX-26SEP07-B69.5,Lowest Temperature in LA,KLAX,2026-09-07,between,69.0,70.0,0.27,0.32,0.68,0.73,min,70.0,0,2.23,literature_placeholder,0.173,estimated,2026-09-07T09:50:21.371533+00:00
KXLOWTLAX,KXLOWTLAX-26SEP07-B67.5,Lowest Temperature in LA,KLAX,2026-09-07,between,67.0,68.0,0.0,0.02,0.98,1.0,min,70.0,0,2.23,literature_placeholder,0.0956,estimated,2026-09-07T09:50:21.371533+00:00
KXLOWTLAX,KXLOWTLAX-26SEP07-B65.5,Lowest Temperature in LA,KLAX,2026-09-07,between,65.0,66.0,0.0,0.01,0.99,1.0,min,70.0,0,2.23,literature_placeholder,0.024,estimated,2026-09-07T09:50:21.371533+00:00
KXLOWTLAX,KXLOWTLAX-26SEP07-B63.5,Lowest Temperature in LA,KLAX,2026-09-07,between,63.0,64.0,0.0,0.01,0.99,1.0,min,70.0,0,2.23,literature_placeholder,0.0027,estimated,2026-09-07T09:50:21.371533+00:00
KXLOWTHOU,KXLOWTHOU-26SEP07-T79,Low Temperature Houston,KHOU,2026-09-07,greater,79.0,,0.0,0.01,0.99,1.0,min,78.0,0,2.23,literature_placeholder,0.327,estimated,2026-09-07T09:50:21.371533+00:00
KXLOWTHOU,KXLOWTHOU-26SEP07-T72,Low Temperature Houston,KHOU,2026-09-07,less,,72.0,0.0,0.01,0.99,1.0,min,78.0,0,2.23,literature_placeholder,0.0036,estimated,2026-09-07T09:50:21.371533+00:00
KXLOWTHOU,KXLOWTHOU-26SEP07-B78.5,Low Temperature Houston,KHOU,2026-09-07,between,78.0,79.0,0.61,0.66,0.34,0.39,min,78.0,0,2.23,literature_placeholder,0.173,estimated,2026-09-07T09:50:21.371533+00:00
KXLOWTHOU,KXLOWTHOU-26SEP07-B76.5,Low Temperature Houston,KHOU,2026-09-07,between,76.0,77.0,0.23,0.32,0.68,0.77,min,78.0,0,2.23,literature_placeholder,0.142,estimated,2026-09-07T09:50:21.371533+00:00
KXLOWTHOU,KXLOWTHOU-26SEP07-B74.5,Low Temperature Houston,KHOU,2026-09-07,between,74.0,75.0,0.01,0.1,0.9,0.99,min,78.0,0,2.23,literature_placeholder,0.0529,estimated,2026-09-07T09:50:21.371533+00:00
KXLOWTHOU,KXLOWTHOU-26SEP07-B72.5,Low Temperature Houston,KHOU,2026-09-07,between,72.0,73.0,0.0,0.02,0.98,1.0,min,78.0,0,2.23,literature_placeholder,0.0089,estimated,2026-09-07T09:50:21.371533+00:00
KXHIGHTMIN,KXHIGHTMIN-26SEP07-T86,Minneapolis Daily High Temperature,KMSP,2026-09-07,greater,86.0,,0.02,0.03,0.97,0.98,max,81.0,0,2.23,literature_placeholder,0.0125,estimated,2026-09-07T09:50:21.371533+00:00
KXHIGHTMIN,KXHIGHTMIN-26SEP07-T79,Minneapolis Daily High Temperature,KMSP,2026-09-07,less,,79.0,0.05,0.07,0.93,0.95,max,81.0,0,2.23,literature_placeholder,0.185,estimated,2026-09-07T09:50:21.371533+00:00
KXHIGHTMIN,KXHIGHTMIN-26SEP07-B85.5,Minneapolis Daily High Temperature,KMSP,2026-09-07,between,85.0,86.0,0.07,0.08,0.92,0.93,max,81.0,0,2.23,literature_placeholder,0.024,estimated,2026-09-07T09:50:21.371533+00:00
KXHIGHTMIN,KXHIGHTMIN-26SEP07-B83.5,Minneapolis Daily High Temperature,KMSP,2026-09-07,between,83.0,84.0,0.4,0.41,0.59,0.6,max,81.0,0,2.23,literature_placeholder,0.0956,estimated,2026-09-07T09:50:21.371533+00:00
KXHIGHTMIN,KXHIGHTMIN-26SEP07-B81.5,Minneapolis Daily High Temperature,KMSP,2026-09-07,between,81.0,82.0,0.27,0.28,0.72,0.73,max,81.0,0,2.23,literature_placeholder,0.173,estimated,2026-09-07T09:50:21.371533+00:00
KXHIGHTMIN,KXHIGHTMIN-26SEP07-B79.5,Minneapolis Daily High Temperature,KMSP,2026-09-07,between,79.0,80.0,0.12,0.14,0.86,0.88,max,81.0,0,2.23,literature_placeholder,0.142,estimated,2026-09-07T09:50:21.371533+00:00
KXHIGHNY,KXHIGHNY-26SEP07-T84,Highest temperature in NYC,KNYC,2026-09-07,greater,84.0,,0.0,0.01,0.99,1.0,max,74.0,0,2.23,literature_placeholder,0.0,estimated,2026-09-07T09:50:21.371533+00:00
KXHIGHNY,KXHIGHNY-26SEP07-T77,Highest temperature in NYC,KNYC,2026-09-07,less,,77.0,0.01,0.02,0.98,0.99,max,74.0,0,2.23,literature_placeholder,0.9106,estimated,2026-09-07T09:50:21.371533+00:00
KXHIGHNY,KXHIGHNY-26SEP07-B83.5,Highest temperature in NYC,KNYC,2026-09-07,between,83.0,84.0,0.01,0.02,0.98,0.99,max,74.0,0,2.23,literature_placeholder,0.0,estimated,2026-09-07T09:50:21.371533+00:00
KXHIGHNY,KXHIGHNY-26SEP07-B81.5,Highest temperature in NYC,KNYC,2026-09-07,between,81.0,82.0,0.08,0.09,0.91,0.92,max,74.0,0,2.23,literature_placeholder,0.0007,estimated,2026-09-07T09:50:21.371533+00:00
KXHIGHNY,KXHIGHNY-26SEP07-B79.5,Highest temperature in NYC,KNYC,2026-09-07,between,79.0,80.0,0.57,0.59,0.41,0.43,max,74.0,0,2.23,literature_placeholder,0.0089,estimated,2026-09-07T09:50:21.371533+00:00
KXHIGHNY,KXHIGHNY-26SEP07-B77.5,Highest temperature in NYC,KNYC,2026-09-07,between,77.0,78.0,0.33,0.34,0.66,0.67,max,74.0,0,2.23,literature_placeholder,0.0529,estimated,2026-09-07T09:50:21.371533+00:00
KXLOWTMIA,KXLOWTMIA-26SEP07-T79,Lowest temperature in Miami,KMIA,2026-09-07,greater,79.0,,0.0,0.01,0.99,1.0,min,78.0,0,2.23,literature_placeholder,0.327,estimated,2026-09-07T09:50:21.371533+00:00
KXLOWTMIA,KXLOWTMIA-26SEP07-T72,Lowest temperature in Miami,KMIA,2026-09-07,less,,72.0,0.0,0.02,0.98,1.0,min,78.0,0,2.23,literature_placeholder,0.0036,estimated,2026-09-07T09:50:21.371533+00:00
KXLOWTMIA,KXLOWTMIA-26SEP07-B78.5,Lowest temperature in Miami,KMIA,2026-09-07,between,78.0,79.0,0.5,0.8,0.2,0.5,min,78.0,0,2.23,literature_placeholder,0.173,estimated,2026-09-07T09:50:21.371533+00:00
KXLOWTMIA,KXLOWTMIA-26SEP07-B76.5,Lowest temperature in Miami,KMIA,2026-09-07,between,76.0,77.0,0.18,0.27,0.73,0.82,min,78.0,0,2.23,literature_placeholder,0.142,estimated,2026-09-07T09:50:21.371533+00:00
KXLOWTMIA,KXLOWTMIA-26SEP07-B74.5,Lowest temperature in Miami,KMIA,2026-09-07,between,74.0,75.0,0.09,0.14,0.86,0.91,min,78.0,0,2.23,literature_placeholder,0.0529,estimated,2026-09-07T09:50:21.371533+00:00
KXLOWTMIA,KXLOWTMIA-26SEP07-B72.5,Lowest temperature in Miami,KMIA,2026-09-07,between,72.0,73.0,0.02,0.05,0.95,0.98,min,78.0,0,2.23,literature_placeholder,0.0089,estimated,2026-09-07T09:50:21.371533+00:00
KXLOWTSEA,KXLOWTSEA-26SEP07-T56,Low Temperature Seattle,KSEA,2026-09-07,greater,56.0,,0.1,0.13,0.87,0.9,min,55.0,0,2.23,literature_placeholder,0.327,estimated,2026-09-07T09:50:21.371533+00:00
KXLOWTSEA,KXLOWTSEA-26SEP07-T49,Low Temperature Seattle,KSEA,2026-09-07,less,,49.0,0.0,0.01,0.99,1.0,min,55.0,0,2.23,literature_placeholder,0.0036,estimated,2026-09-07T09:50:21.371533+00:00
KXLOWTSEA,KXLOWTSEA-26SEP07-B55.5,Low Temperature Seattle,KSEA,2026-09-07,between,55.0,56.0,0.63,0.68,0.32,0.37,min,55.0,0,2.23,literature_placeholder,0.173,estimated,2026-09-07T09:50:21.371533+00:00
KXLOWTSEA,KXLOWTSEA-26SEP07-B53.5,Low Temperature Seattle,KSEA,2026-09-07,between,53.0,54.0,0.13,0.18,0.82,0.87,min,55.0,0,2.23,literature_placeholder,0.142,estimated,2026-09-07T09:50:21.371533+00:00
KXLOWTSEA,KXLOWTSEA-26SEP07-B51.5,Low Temperature Seattle,KSEA,2026-09-07,between,51.0,52.0,0.02,0.05,0.95,0.98,min,55.0,0,2.23,literature_placeholder,0.0529,estimated,2026-09-07T09:50:21.371533+00:00
KXLOWTSEA,KXLOWTSEA-26SEP07-B49.5,Low Temperature Seattle,KSEA,2026-09-07,between,49.0,50.0,0.01,0.03,0.97,0.99,min,55.0,0,2.23,literature_placeholder,0.0089,estimated,2026-09-07T09:50:21.371533+00:00
KXLOWTNYC,KXLOWTNYC-26SEP07-T64,Lowest temperature in NYC,KNYC,2026-09-07,greater,64.0,,0.0,0.01,0.99,1.0,min,60.0,0,2.23,literature_placeholder,0.0365,estimated,2026-09-07T09:50:21.371533+00:00
KXLOWTNYC,KXLOWTNYC-26SEP07-T57,Lowest temperature in NYC,KNYC,2026-09-07,less,,57.0,0.0,0.01,0.99,1.0,min,60.0,0,2.23,literature_placeholder,0.0894,estimated,2026-09-07T09:50:21.371533+00:00
KXLOWTNYC,KXLOWTNYC-26SEP07-B63.5,Lowest temperature in NYC,KNYC,2026-09-07,between,63.0,64.0,0.03,0.12,0.88,0.97,min,60.0,0,2.23,literature_placeholder,0.0529,estimated,2026-09-07T09:50:21.371533+00:00
KXLOWTNYC,KXLOWTNYC-26SEP07-B61.5,Lowest temperature in NYC,KNYC,2026-09-07,between,61.0,62.0,0.56,0.66,0.34,0.44,min,60.0,0,2.23,literature_placeholder,0.142,estimated,2026-09-07T09:50:21.371533+00:00
KXLOWTNYC,KXLOWTNYC-26SEP07-B59.5,Lowest temperature in NYC,KNYC,2026-09-07,between,59.0,60.0,0.24,0.34,0.66,0.76,min,60.0,0,2.23,literature_placeholder,0.173,estimated,2026-09-07T09:50:21.371533+00:00
KXLOWTNYC,KXLOWTNYC-26SEP07-B57.5,Lowest temperature in NYC,KNYC,2026-09-07,between,57.0,58.0,0.01,0.02,0.98,0.99,min,60.0,0,2.23,literature_placeholder,0.0956,estimated,2026-09-07T09:50:21.371533+00:00
KXHIGHTTTN,KXHIGHTTTN-26SEP07-T84,"Trenton, NJ Daily Max Temp",KTTN,2026-09-07,greater,84.0,,0.01,0.07,0.93,0.99,max,79.0,0,2.23,literature_placeholder,0.0125,estimated,2026-09-07T09:50:21.371533+00:00
KXHIGHTTTN,KXHIGHTTTN-26SEP07-T77,"Trenton, NJ Daily Max Temp",KTTN,2026-09-07,less,,77.0,0.01,0.07,0.93,0.99,max,79.0,0,2.23,literature_placeholder,0.185,estimated,2026-09-07T09:50:21.371533+00:00
KXHIGHTTTN,KXHIGHTTTN-26SEP07-B83.5,"Trenton, NJ Daily Max Temp",KTTN,2026-09-07,between,83.0,84.0,0.01,0.05,0.95,0.99,max,79.0,0,2.23,literature_placeholder,0.024,estimated,2026-09-07T09:50:21.371533+00:00
KXHIGHTTTN,KXHIGHTTTN-26SEP07-B81.5,"Trenton, NJ Daily Max Temp",KTTN,2026-09-07,between,81.0,82.0,0.21,0.22,0.78,0.79,max,79.0,0,2.23,literature_placeholder,0.0956,estimated,2026-09-07T09:50:21.371533+00:00
KXHIGHTTTN,KXHIGHTTTN-26SEP07-B79.5,"Trenton, NJ Daily Max Temp",KTTN,2026-09-07,between,79.0,80.0,0.73,0.85,0.15,0.27,max,79.0,0,2.23,literature_placeholder,0.173,estimated,2026-09-07T09:50:21.371533+00:00
KXHIGHTTTN,KXHIGHTTTN-26SEP07-B77.5,"Trenton, NJ Daily Max Temp",KTTN,2026-09-07,between,77.0,78.0,0.05,0.1,0.9,0.95,max,79.0,0,2.23,literature_placeholder,0.142,estimated,2026-09-07T09:50:21.371533+00:00
KXHIGHTLV,KXHIGHTLV-26SEP07-T98,Las Vegas Max Daily Temperature,KLAS,2026-09-07,greater,98.0,,0.01,0.02,0.98,0.99,max,85.0,0,2.23,literature_placeholder,0.0,estimated,2026-09-07T09:50:21.371533+00:00
KXHIGHTLV,KXHIGHTLV-26SEP07-T91,Las Vegas Max Daily Temperature,KLAS,2026-09-07,less,,91.0,0.0,0.01,0.99,1.0,max,85.0,0,2.23,literature_placeholder,0.9964,estimated,2026-09-07T09:50:21.371533+00:00
KXHIGHTLV,KXHIGHTLV-26SEP07-B97.5,Las Vegas Max Daily Temperature,KLAS,2026-09-07,between,97.0,98.0,0.1,0.12,0.88,0.9,max,85.0,0,2.23,literature_placeholder,0.0,estimated,2026-09-07T09:50:21.371533+00:00
KXHIGHTLV,KXHIGHTLV-26SEP07-B95.5,Las Vegas Max Daily Temperature,KLAS,2026-09-07,between,95.0,96.0,0.57,0.58,0.42,0.43,max,85.0,0,2.23,literature_placeholder,0.0,estimated,2026-09-07T09:50:21.371533+00:00
KXHIGHTLV,KXHIGHTLV-26SEP07-B93.5,Las Vegas Max Daily Temperature,KLAS,2026-09-07,between,93.0,94.0,0.23,0.28,0.72,0.77,max,85.0,0,2.23,literature_placeholder,0.0001,estimated,2026-09-07T09:50:21.371533+00:00
KXHIGHTLV,KXHIGHTLV-26SEP07-B91.5,Las Vegas Max Daily Temperature,KLAS,2026-09-07,between,91.0,92.0,0.02,0.03,0.97,0.98,max,85.0,0,2.23,literature_placeholder,0.0027,estimated,2026-09-07T09:50:21.371533+00:00
KXLOWTSAN,KXLOWTSAN-26SEP07-T73,Low Temperature San Diego,KSAN,2026-09-07,greater,73.0,,0.0,0.99,0.01,1.0,min,73.0,0,2.23,literature_placeholder,0.5,estimated,2026-09-07T09:50:21.371533+00:00
KXLOWTSAN,KXLOWTSAN-26SEP07-T66,Low Temperature San Diego,KSAN,2026-09-07,less,,66.0,0.0,0.99,0.01,1.0,min,73.0,0,2.23,literature_placeholder,0.0009,estimated,2026-09-07T09:50:21.371533+00:00
KXLOWTSAN,KXLOWTSAN-26SEP07-B72.5,Low Temperature San Diego,KSAN,2026-09-07,between,72.0,73.0,0.0,0.99,0.01,1.0,min,73.0,0,2.23,literature_placeholder,0.173,estimated,2026-09-07T09:50:21.371533+00:00
KXLOWTSAN,KXLOWTSAN-26SEP07-B70.5,Low Temperature San Diego,KSAN,2026-09-07,between,70.0,71.0,0.02,0.98,0.02,0.98,min,73.0,0,2.23,literature_placeholder,0.0956,estimated,2026-09-07T09:50:21.371533+00:00
KXLOWTSAN,KXLOWTSAN-26SEP07-B68.5,Low Temperature San Diego,KSAN,2026-09-07,between,68.0,69.0,0.02,0.98,0.02,0.98,min,73.0,0,2.23,literature_placeholder,0.024,estimated,2026-09-07T09:50:21.371533+00:00
KXLOWTSAN,KXLOWTSAN-26SEP07-B66.5,Low Temperature San Diego,KSAN,2026-09-07,between,66.0,67.0,0.02,0.98,0.02,0.98,min,73.0,0,2.23,literature_placeholder,0.0027,estimated,2026-09-07T09:50:21.371533+00:00
KXLOWTBOS,KXLOWTBOS-26SEP07-T60,Low Temperature Boston,KBOS,2026-09-07,greater,60.0,,0.0,0.01,0.99,1.0,min,59.0,0,2.23,literature_placeholder,0.327,estimated,2026-09-07T09:50:21.371533+00:00
KXLOWTBOS,KXLOWTBOS-26SEP07-T53,Low Temperature Boston,KBOS,2026-09-07,less,,53.0,0.0,0.03,0.97,1.0,min,59.0,0,2.23,literature_placeholder,0.0036,estimated,2026-09-07T09:50:21.371533+00:00
KXLOWTBOS,KXLOWTBOS-26SEP07-B59.5,Low Temperature Boston,KBOS,2026-09-07,between,59.0,60.0,0.1,0.41,0.59,0.9,min,59.0,0,2.23,literature_placeholder,0.173,estimated,2026-09-07T09:50:21.371533+00:00
KXLOWTBOS,KXLOWTBOS-26SEP07-B57.5,Low Temperature Boston,KBOS,2026-09-07,between,57.0,58.0,0.53,0.87,0.13,0.47,min,59.0,0,2.23,literature_placeholder,0.142,estimated,2026-09-07T09:50:21.371533+00:00
KXLOWTBOS,KXLOWTBOS-26SEP07-B55.5,Low Temperature Boston,KBOS,2026-09-07,between,55.0,56.0,0.04,0.11,0.89,0.96,min,59.0,0,2.23,literature_placeholder,0.0529,estimated,2026-09-07T09:50:21.371533+00:00
KXLOWTBOS,KXLOWTBOS-26SEP07-B53.5,Low Temperature Boston,KBOS,2026-09-07,between,53.0,54.0,0.0,0.06,0.94,1.0,min,59.0,0,2.23,literature_placeholder,0.0089,estimated,2026-09-07T09:50:21.371533+00:00
KXHIGHTDC,KXHIGHTDC-26SEP07-T88,Washington DC Daily Max Temp,KDCA,2026-09-07,greater,88.0,,0.0,0.01,0.99,1.0,max,84.0,0,2.23,literature_placeholder,0.0365,estimated,2026-09-07T09:50:21.371533+00:00
KXHIGHTDC,KXHIGHTDC-26SEP07-T81,Washington DC Daily Max Temp,KDCA,2026-09-07,less,,81.0,0.03,0.04,0.96,0.97,max,84.0,0,2.23,literature_placeholder,0.0894,estimated,2026-09-07T09:50:21.371533+00:00
KXHIGHTDC,KXHIGHTDC-26SEP07-B87.5,Washington DC Daily Max Temp,KDCA,2026-09-07,between,87.0,88.0,0.02,0.03,0.97,0.98,max,84.0,0,2.23,literature_placeholder,0.0529,estimated,2026-09-07T09:50:21.371533+00:00
KXHIGHTDC,KXHIGHTDC-26SEP07-B85.5,Washington DC Daily Max Temp,KDCA,2026-09-07,between,85.0,86.0,0.13,0.14,0.86,0.87,max,84.0,0,2.23,literature_placeholder,0.142,estimated,2026-09-07T09:50:21.371533+00:00
KXHIGHTDC,KXHIGHTDC-26SEP07-B83.5,Washington DC Daily Max Temp,KDCA,2026-09-07,between,83.0,84.0,0.65,0.67,0.33,0.35,max,84.0,0,2.23,literature_placeholder,0.173,estimated,2026-09-07T09:50:21.371533+00:00
KXHIGHTDC,KXHIGHTDC-26SEP07-B81.5,Washington DC Daily Max Temp,KDCA,2026-09-07,between,81.0,82.0,0.1,0.12,0.88,0.9,max,84.0,0,2.23,literature_placeholder,0.0956,estimated,2026-09-07T09:50:21.371533+00:00
KXLOWTEWR,KXLOWTEWR-26SEP07-T62,"Newark, NJ (EWR) Daily Low Temp",KEWR,2026-09-07,greater,62.0,,0.02,0.95,0.05,0.98,min,60.0,0,2.23,literature_placeholder,0.185,estimated,2026-09-07T09:50:21.371533+00:00
KXLOWTEWR,KXLOWTEWR-26SEP07-T55,"Newark, NJ (EWR) Daily Low Temp",KEWR,2026-09-07,less,,55.0,0.02,0.93,0.07,0.98,min,60.0,0,2.23,literature_placeholder,0.0125,estimated,2026-09-07T09:50:21.371533+00:00
KXLOWTEWR,KXLOWTEWR-26SEP07-B61.5,"Newark, NJ (EWR) Daily Low Temp",KEWR,2026-09-07,between,61.0,62.0,0.02,0.92,0.08,0.98,min,60.0,0,2.23,literature_placeholder,0.142,estimated,2026-09-07T09:50:21.371533+00:00
KXLOWTEWR,KXLOWTEWR-26SEP07-B59.5,"Newark, NJ (EWR) Daily Low Temp",KEWR,2026-09-07,between,59.0,60.0,0.02,0.95,0.05,0.98,min,60.0,0,2.23,literature_placeholder,0.173,estimated,2026-09-07T09:50:21.371533+00:00
KXLOWTEWR,KXLOWTEWR-26SEP07-B57.5,"Newark, NJ (EWR) Daily Low Temp",KEWR,2026-09-07,between,57.0,58.0,0.02,0.95,0.05,0.98,min,60.0,0,2.23,literature_placeholder,0.0956,estimated,2026-09-07T09:50:21.371533+00:00
KXLOWTEWR,KXLOWTEWR-26SEP07-B55.5,"Newark, NJ (EWR) Daily Low Temp",KEWR,2026-09-07,between,55.0,56.0,0.02,0.92,0.08,0.98,min,60.0,0,2.23,literature_placeholder,0.024,estimated,2026-09-07T09:50:21.371533+00:00
KXHIGHTDAL,KXHIGHTDAL-26SEP07-T99,Dallas Maximum Temperature,KDFW,2026-09-07,less,,99.0,0.04,0.05,0.95,0.96,max,100.0,0,2.23,literature_placeholder,0.327,estimated,2026-09-07T09:50:21.371533+00:00
KXHIGHTDAL,KXHIGHTDAL-26SEP07-T106,Dallas Maximum Temperature,KDFW,2026-09-07,greater,106.0,,0.0,0.01,0.99,1.0,max,100.0,0,2.23,literature_placeholder,0.0036,estimated,2026-09-07T09:50:21.371533+00:00
KXHIGHTDAL,KXHIGHTDAL-26SEP07-B99.5,Dallas Maximum Temperature,KDFW,2026-09-07,between,99.0,100.0,0.22,0.25,0.75,0.78,max,100.0,0,2.23,literature_placeholder,0.173,estimated,2026-09-07T09:50:21.371533+00:00
KXHIGHTDAL,KXHIGHTDAL-26SEP07-B105.5,Dallas Maximum Temperature,KDFW,2026-09-07,between,105.0,106.0,0.0,0.01,0.99,1.0,max,100.0,0,2.23,literature_placeholder,0.0089,estimated,2026-09-07T09:50:21.371533+00:00
KXHIGHTDAL,KXHIGHTDAL-26SEP07-B103.5,Dallas Maximum Temperature,KDFW,2026-09-07,between,103.0,104.0,0.06,0.07,0.93,0.94,max,100.0,0,2.23,literature_placeholder,0.0529,estimated,2026-09-07T09:50:21.371533+00:00
KXHIGHTDAL,KXHIGHTDAL-26SEP07-B101.5,Dallas Maximum Temperature,KDFW,2026-09-07,between,101.0,102.0,0.61,0.64,0.36,0.39,max,100.0,0,2.23,literature_placeholder,0.142,estimated,2026-09-07T09:50:21.371533+00:00
KXLOWTLV,KXLOWTLV-26SEP07-T71,Las Vegas Daily Low Temperature,KLAS,2026-09-07,greater,71.0,,0.52,0.74,0.26,0.48,min,73.0,0,2.23,literature_placeholder,0.815,estimated,2026-09-07T09:50:21.371533+00:00
KXLOWTLV,KXLOWTLV-26SEP07-T64,Las Vegas Daily Low Temperature,KLAS,2026-09-07,less,,64.0,0.0,0.01,0.99,1.0,min,73.0,0,2.23,literature_placeholder,0.0,estimated,2026-09-07T09:50:21.371533+00:00
KXLOWTLV,KXLOWTLV-26SEP07-B70.5,Las Vegas Daily Low Temperature,KLAS,2026-09-07,between,70.0,71.0,0.22,0.32,0.68,0.78,min,73.0,0,2.23,literature_placeholder,0.0956,estimated,2026-09-07T09:50:21.371533+00:00
KXLOWTLV,KXLOWTLV-26SEP07-B68.5,Las Vegas Daily Low Temperature,KLAS,2026-09-07,between,68.0,69.0,0.11,0.14,0.86,0.89,min,73.0,0,2.23,literature_placeholder,0.024,estimated,2026-09-07T09:50:21.371533+00:00
KXLOWTLV,KXLOWTLV-26SEP07-B66.5,Las Vegas Daily Low Temperature,KLAS,2026-09-07,between,66.0,67.0,0.0,0.05,0.95,1.0,min,73.0,0,2.23,literature_placeholder,0.0027,estimated,2026-09-07T09:50:21.371533+00:00
KXLOWTLV,KXLOWTLV-26SEP07-B64.5,Las Vegas Daily Low Temperature,KLAS,2026-09-07,between,64.0,65.0,0.0,0.01,0.99,1.0,min,73.0,0,2.23,literature_placeholder,0.0001,estimated,2026-09-07T09:50:21.371533+00:00
KXHIGHTOKC,KXHIGHTOKC-26SEP07-T97,Oklahoma City Maximum High Temperature,KOKC,2026-09-07,less,,97.0,0.0,0.01,0.99,1.0,max,101.0,0,2.23,literature_placeholder,0.0365,estimated,2026-09-07T09:50:21.371533+00:00
KXHIGHTOKC,KXHIGHTOKC-26SEP07-T104,Oklahoma City Maximum High Temperature,KOKC,2026-09-07,greater,104.0,,0.0,0.01,0.99,1.0,max,101.0,0,2.23,literature_placeholder,0.0894,estimated,2026-09-07T09:50:21.371533+00:00
KXHIGHTOKC,KXHIGHTOKC-26SEP07-B99.5,Oklahoma City Maximum High Temperature,KOKC,2026-09-07,between,99.0,100.0,0.28,0.3,0.7,0.72,max,101.0,0,2.23,literature_placeholder,0.142,estimated,2026-09-07T09:50:21.371533+00:00
KXHIGHTOKC,KXHIGHTOKC-26SEP07-B97.5,Oklahoma City Maximum High Temperature,KOKC,2026-09-07,between,97.0,98.0,0.01,0.02,0.98,0.99,max,101.0,0,2.23,literature_placeholder,0.0529,estimated,2026-09-07T09:50:21.371533+00:00
KXHIGHTOKC,KXHIGHTOKC-26SEP07-B103.5,Oklahoma City Maximum High Temperature,KOKC,2026-09-07,between,103.0,104.0,0.13,0.14,0.86,0.87,max,101.0,0,2.23,literature_placeholder,0.0956,estimated,2026-09-07T09:50:21.371533+00:00
KXHIGHTOKC,KXHIGHTOKC-26SEP07-B101.5,Oklahoma City Maximum High Temperature,KOKC,2026-09-07,between,101.0,102.0,0.55,0.56,0.44,0.45,max,101.0,0,2.23,literature_placeholder,0.173,estimated,2026-09-07T09:50:21.371533+00:00
KXHIGHTPHX,KXHIGHTPHX-26SEP07-T111,Phoenix High Temperature Daily,KPHX,2026-09-07,greater,111.0,,0.0,0.01,0.99,1.0,max,104.0,0,2.23,literature_placeholder,0.0009,estimated,2026-09-07T09:50:21.371533+00:00
KXHIGHTPHX,KXHIGHTPHX-26SEP07-T104,Phoenix High Temperature Daily,KPHX,2026-09-07,less,,104.0,0.01,0.02,0.98,0.99,max,104.0,0,2.23,literature_placeholder,0.5,estimated,2026-09-07T09:50:21.371533+00:00
KXHIGHTPHX,KXHIGHTPHX-26SEP07-B110.5,Phoenix High Temperature Daily,KPHX,2026-09-07,between,110.0,111.0,0.02,0.03,0.97,0.98,max,104.0,0,2.23,literature_placeholder,0.0027,estimated,2026-09-07T09:50:21.371533+00:00
KXHIGHTPHX,KXHIGHTPHX-26SEP07-B108.5,Phoenix High Temperature Daily,KPHX,2026-09-07,between,108.0,109.0,0.38,0.39,0.61,0.62,max,104.0,0,2.23,literature_placeholder,0.024,estimated,2026-09-07T09:50:21.371533+00:00
KXHIGHTPHX,KXHIGHTPHX-26SEP07-B106.5,Phoenix High Temperature Daily,KPHX,2026-09-07,between,106.0,107.0,0.52,0.53,0.47,0.48,max,104.0,0,2.23,literature_placeholder,0.0956,estimated,2026-09-07T09:50:21.371533+00:00
KXHIGHTPHX,KXHIGHTPHX-26SEP07-B104.5,Phoenix High Temperature Daily,KPHX,2026-09-07,between,104.0,105.0,0.07,0.08,0.92,0.93,max,104.0,0,2.23,literature_placeholder,0.173,estimated,2026-09-07T09:50:21.371533+00:00
KXHIGHAUS,KXHIGHAUS-26SEP07-T95,Highest temperature in Austin,KAUS,2026-09-07,less,,95.0,0.0,0.01,0.99,1.0,max,95.0,0,2.23,literature_placeholder,0.5,estimated,2026-09-07T09:50:21.371533+00:00
KXHIGHAUS,KXHIGHAUS-26SEP07-T102,Highest temperature in Austin,KAUS,2026-09-07,greater,102.0,,0.0,0.01,0.99,1.0,max,95.0,0,2.23,literature_placeholder,0.0009,estimated,2026-09-07T09:50:21.371533+00:00
KXHIGHAUS,KXHIGHAUS-26SEP07-B99.5,Highest temperature in Austin,KAUS,2026-09-07,between,99.0,100.0,0.65,0.66,0.34,0.35,max,95.0,0,2.23,literature_placeholder,0.024,estimated,2026-09-07T09:50:21.371533+00:00
KXHIGHAUS,KXHIGHAUS-26SEP07-B97.5,Highest temperature in Austin,KAUS,2026-09-07,between,97.0,98.0,0.26,0.29,0.71,0.74,max,95.0,0,2.23,literature_placeholder,0.0956,estimated,2026-09-07T09:50:21.371533+00:00
KXHIGHAUS,KXHIGHAUS-26SEP07-B95.5,Highest temperature in Austin,KAUS,2026-09-07,between,95.0,96.0,0.03,0.06,0.94,0.97,max,95.0,0,2.23,literature_placeholder,0.173,estimated,2026-09-07T09:50:21.371533+00:00
KXHIGHAUS,KXHIGHAUS-26SEP07-B101.5,Highest temperature in Austin,KAUS,2026-09-07,between,101.0,102.0,0.05,0.06,0.94,0.95,max,95.0,0,2.23,literature_placeholder,0.0027,estimated,2026-09-07T09:50:21.371533+00:00
KXLOWTTTN,KXLOWTTTN-26SEP07-T58,Trenton Daily low temp ,KTTN,2026-09-07,greater,58.0,,0.02,0.98,0.02,0.98,min,55.0,0,2.23,literature_placeholder,0.0894,estimated,2026-09-07T09:50:21.371533+00:00
KXLOWTTTN,KXLOWTTTN-26SEP07-T51,Trenton Daily low temp ,KTTN,2026-09-07,less,,51.0,0.0,0.99,0.01,1.0,min,55.0,0,2.23,literature_placeholder,0.0365,estimated,2026-09-07T09:50:21.371533+00:00
KXLOWTTTN,KXLOWTTTN-26SEP07-B57.5,Trenton Daily low temp ,KTTN,2026-09-07,between,57.0,58.0,0.02,0.98,0.02,0.98,min,55.0,0,2.23,literature_placeholder,0.0956,estimated,2026-09-07T09:50:21.371533+00:00
KXLOWTTTN,KXLOWTTTN-26SEP07-B55.5,Trenton Daily low temp ,KTTN,2026-09-07,between,55.0,56.0,0.0,0.01,0.99,1.0,min,55.0,0,2.23,literature_placeholder,0.173,estimated,2026-09-07T09:50:21.371533+00:00
KXLOWTTTN,KXLOWTTTN-26SEP07-B53.5,Trenton Daily low temp ,KTTN,2026-09-07,between,53.0,54.0,0.0,0.01,0.99,1.0,min,55.0,0,2.23,literature_placeholder,0.142,estimated,2026-09-07T09:50:21.371533+00:00
KXLOWTTTN,KXLOWTTTN-26SEP07-B51.5,Trenton Daily low temp ,KTTN,2026-09-07,between,51.0,52.0,0.0,0.01,0.99,1.0,min,55.0,0,2.23,literature_placeholder,0.0529,estimated,2026-09-07T09:50:21.371533+00:00
KXHIGHTSAN,KXHIGHTSAN-26SEP07-T89,High Temperature San Diego,KSAN,2026-09-07,greater,89.0,,0.0,0.99,0.01,1.0,max,87.0,0,2.23,literature_placeholder,0.185,estimated,2026-09-07T09:50:21.371533+00:00
KXHIGHTSAN,KXHIGHTSAN-26SEP07-T82,High Temperature San Diego,KSAN,2026-09-07,less,,82.0,0.0,0.99,0.01,1.0,max,87.0,0,2.23,literature_placeholder,0.0125,estimated,2026-09-07T09:50:21.371533+00:00
KXHIGHTSAN,KXHIGHTSAN-26SEP07-B88.5,High Temperature San Diego,KSAN,2026-09-07,between,88.0,89.0,0.0,0.99,0.01,1.0,max,87.0,0,2.23,literature_placeholder,0.142,estimated,2026-09-07T09:50:21.371533+00:00
KXHIGHTSAN,KXHIGHTSAN-26SEP07-B86.5,High Temperature San Diego,KSAN,2026-09-07,between,86.0,87.0,0.03,0.35,0.65,0.97,max,87.0,0,2.23,literature_placeholder,0.173,estimated,2026-09-07T09:50:21.371533+00:00
KXHIGHTSAN,KXHIGHTSAN-26SEP07-B84.5,High Temperature San Diego,KSAN,2026-09-07,between,84.0,85.0,0.03,0.36,0.64,0.97,max,87.0,0,2.23,literature_placeholder,0.0956,estimated,2026-09-07T09:50:21.371533+00:00
KXHIGHTSAN,KXHIGHTSAN-26SEP07-B82.5,High Temperature San Diego,KSAN,2026-09-07,between,82.0,83.0,0.14,0.36,0.64,0.86,max,87.0,0,2.23,literature_placeholder,0.024,estimated,2026-09-07T09:50:21.371533+00:00
KXLOWTPHIL,KXLOWTPHIL-26SEP07-T63,Lowest temperature in Philadelphia,KPHL,2026-09-07,greater,63.0,,0.83,0.92,0.08,0.17,min,60.0,0,2.23,literature_placeholder,0.0894,estimated,2026-09-07T09:50:21.371533+00:00
KXLOWTPHIL,KXLOWTPHIL-26SEP07-T56,Lowest temperature in Philadelphia,KPHL,2026-09-07,less,,56.0,0.0,0.01,0.99,1.0,min,60.0,0,2.23,literature_placeholder,0.0365,estimated,2026-09-07T09:50:21.371533+00:00
KXLOWTPHIL,KXLOWTPHIL-26SEP07-B62.5,Lowest temperature in Philadelphia,KPHL,2026-09-07,between,62.0,63.0,0.14,0.23,0.77,0.86,min,60.0,0,2.23,literature_placeholder,0.0956,estimated,2026-09-07T09:50:21.371533+00:00
KXLOWTPHIL,KXLOWTPHIL-26SEP07-B60.5,Lowest temperature in Philadelphia,KPHL,2026-09-07,between,60.0,61.0,0.0,0.03,0.97,1.0,min,60.0,0,2.23,literature_placeholder,0.173,estimated,2026-09-07T09:50:21.371533+00:00
KXLOWTPHIL,KXLOWTPHIL-26SEP07-B58.5,Lowest temperature in Philadelphia,KPHL,2026-09-07,between,58.0,59.0,0.0,0.01,0.99,1.0,min,60.0,0,2.23,literature_placeholder,0.142,estimated,2026-09-07T09:50:21.371533+00:00
KXLOWTPHIL,KXLOWTPHIL-26SEP07-B56.5,Lowest temperature in Philadelphia,KPHL,2026-09-07,between,56.0,57.0,0.0,0.01,0.99,1.0,min,60.0,0,2.23,literature_placeholder,0.0529,estimated,2026-09-07T09:50:21.371533+00:00
KXHIGHLAX,KXHIGHLAX-26SEP07-T83,Highest temperature in Los Angeles,KLAX,2026-09-07,greater,83.0,,0.8,0.81,0.19,0.2,max,78.0,0,2.23,literature_placeholder,0.0125,estimated,2026-09-07T09:50:21.371533+00:00
KXHIGHLAX,KXHIGHLAX-26SEP07-T76,Highest temperature in Los Angeles,KLAX,2026-09-07,less,,76.0,0.0,0.01,0.99,1.0,max,78.0,0,2.23,literature_placeholder,0.185,estimated,2026-09-07T09:50:21.371533+00:00
KXHIGHLAX,KXHIGHLAX-26SEP07-B82.5,Highest temperature in Los Angeles,KLAX,2026-09-07,between,82.0,83.0,0.11,0.12,0.88,0.89,max,78.0,0,2.23,literature_placeholder,0.024,estimated,2026-09-07T09:50:21.371533+00:00
KXHIGHLAX,KXHIGHLAX-26SEP07-B80.5,Highest temperature in Los Angeles,KLAX,2026-09-07,between,80.0,81.0,0.04,0.05,0.95,0.96,max,78.0,0,2.23,literature_placeholder,0.0956,estimated,2026-09-07T09:50:21.371533+00:00
KXHIGHLAX,KXHIGHLAX-26SEP07-B78.5,Highest temperature in Los Angeles,KLAX,2026-09-07,between,78.0,79.0,0.01,0.02,0.98,0.99,max,78.0,0,2.23,literature_placeholder,0.173,estimated,2026-09-07T09:50:21.371533+00:00
KXHIGHLAX,KXHIGHLAX-26SEP07-B76.5,Highest temperature in Los Angeles,KLAX,2026-09-07,between,76.0,77.0,0.0,0.01,0.99,1.0,max,78.0,0,2.23,literature_placeholder,0.142,estimated,2026-09-07T09:50:21.371533+00:00
KXHIGHTSDF,KXHIGHTSDF-26SEP07-T94,HIGHEST Temperature SATX,KSDF,2026-09-07,greater,94.0,,0.1,0.56,0.44,0.9,max,89.0,0,2.23,literature_placeholder,0.0125,estimated,2026-09-07T09:50:21.371533+00:00
KXHIGHTSDF,KXHIGHTSDF-26SEP07-T87,HIGHEST Temperature SATX,KSDF,2026-09-07,less,,87.0,0.0,0.99,0.01,1.0,max,89.0,0,2.23,literature_placeholder,0.185,estimated,2026-09-07T09:50:21.371533+00:00
KXHIGHTSDF,KXHIGHTSDF-26SEP07-B93.5,HIGHEST Temperature SATX,KSDF,2026-09-07,between,93.0,94.0,0.05,0.54,0.46,0.95,max,89.0,0,2.23,literature_placeholder,0.024,estimated,2026-09-07T09:50:21.371533+00:00
KXHIGHTSDF,KXHIGHTSDF-26SEP07-B91.5,HIGHEST Temperature SATX,KSDF,2026-09-07,between,91.0,92.0,0.0,0.99,0.01,1.0,max,89.0,0,2.23,literature_placeholder,0.0956,estimated,2026-09-07T09:50:21.371533+00:00
KXHIGHTSDF,KXHIGHTSDF-26SEP07-B89.5,HIGHEST Temperature SATX,KSDF,2026-09-07,between,89.0,90.0,0.32,0.76,0.24,0.68,max,89.0,0,2.23,literature_placeholder,0.173,estimated,2026-09-07T09:50:21.371533+00:00
KXHIGHTSDF,KXHIGHTSDF-26SEP07-B87.5,HIGHEST Temperature SATX,KSDF,2026-09-07,between,87.0,88.0,0.05,0.51,0.49,0.95,max,89.0,0,2.23,literature_placeholder,0.142,estimated,2026-09-07T09:50:21.371533+00:00
KXLOWTPHX,KXLOWTPHX-26SEP07-T86,Low Temperature Phoenix,KPHX,2026-09-07,greater,86.0,,0.63,0.7,0.3,0.37,min,86.0,0,2.23,literature_placeholder,0.5,estimated,2026-09-07T09:50:21.371533+00:00
KXLOWTPHX,KXLOWTPHX-26SEP07-T79,Low Temperature Phoenix,KPHX,2026-09-07,less,,79.0,0.0,0.01,0.99,1.0,min,86.0,0,2.23,literature_placeholder,0.0009,estimated,2026-09-07T09:50:21.371533+00:00
KXLOWTPHX,KXLOWTPHX-26SEP07-B85.5,Low Temperature Phoenix,KPHX,2026-09-07,between,85.0,86.0,0.29,0.35,0.65,0.71,min,86.0,0,2.23,literature_placeholder,0.173,estimated,2026-09-07T09:50:21.371533+00:00
KXLOWTPHX,KXLOWTPHX-26SEP07-B83.5,Low Temperature Phoenix,KPHX,2026-09-07,between,83.0,84.0,0.02,0.07,0.93,0.98,min,86.0,0,2.23,literature_placeholder,0.0956,estimated,2026-09-07T09:50:21.371533+00:00
KXLOWTPHX,KXLOWTPHX-26SEP07-B81.5,Low Temperature Phoenix,KPHX,2026-09-07,between,81.0,82.0,0.01,0.03,0.97,0.99,min,86.0,0,2.23,literature_placeholder,0.024,estimated,2026-09-07T09:50:21.371533+00:00
KXLOWTPHX,KXLOWTPHX-26SEP07-B79.5,Low Temperature Phoenix,KPHX,2026-09-07,between,79.0,80.0,0.0,0.01,0.99,1.0,min,86.0,0,2.23,literature_placeholder,0.0027,estimated,2026-09-07T09:50:21.371533+00:00
KXHIGHTEWR,KXHIGHTEWR-26SEP07-T85,"Newark, NJ (EWR) Daily Max Temp",KEWR,2026-09-07,greater,85.0,,0.05,0.34,0.66,0.95,max,76.0,0,2.23,literature_placeholder,0.0,estimated,2026-09-07T09:50:21.371533+00:00
KXHIGHTEWR,KXHIGHTEWR-26SEP07-T78,"Newark, NJ (EWR) Daily Max Temp",KEWR,2026-09-07,less,,78.0,0.03,0.29,0.71,0.97,max,76.0,0,2.23,literature_placeholder,0.815,estimated,2026-09-07T09:50:21.371533+00:00
KXHIGHTEWR,KXHIGHTEWR-26SEP07-B84.5,"Newark, NJ (EWR) Daily Max Temp",KEWR,2026-09-07,between,84.0,85.0,0.03,0.37,0.63,0.97,max,76.0,0,2.23,literature_placeholder,0.0001,estimated,2026-09-07T09:50:21.371533+00:00
KXHIGHTEWR,KXHIGHTEWR-26SEP07-B82.5,"Newark, NJ (EWR) Daily Max Temp",KEWR,2026-09-07,between,82.0,83.0,0.03,0.45,0.55,0.97,max,76.0,0,2.23,literature_placeholder,0.0027,estimated,2026-09-07T09:50:21.371533+00:00
KXHIGHTEWR,KXHIGHTEWR-26SEP07-B80.5,"Newark, NJ (EWR) Daily Max Temp",KEWR,2026-09-07,between,80.0,81.0,0.33,0.44,0.56,0.67,max,76.0,0,2.23,literature_placeholder,0.024,estimated,2026-09-07T09:50:21.371533+00:00
KXHIGHTEWR,KXHIGHTEWR-26SEP07-B78.5,"Newark, NJ (EWR) Daily Max Temp",KEWR,2026-09-07,between,78.0,79.0,0.03,0.42,0.58,0.97,max,76.0,0,2.23,literature_placeholder,0.0956,estimated,2026-09-07T09:50:21.371533+00:00
KXHIGHTHOU,KXHIGHTHOU-26SEP07-T98,Daily High Temperature Houston,KHOU,2026-09-07,greater,98.0,,0.0,0.01,0.99,1.0,max,93.0,0,2.23,literature_placeholder,0.0125,estimated,2026-09-07T09:50:21.371533+00:00
KXHIGHTHOU,KXHIGHTHOU-26SEP07-T91,Daily High Temperature Houston,KHOU,2026-09-07,less,,91.0,0.02,0.03,0.97,0.98,max,93.0,0,2.23,literature_placeholder,0.185,estimated,2026-09-07T09:50:21.371533+00:00
KXHIGHTHOU,KXHIGHTHOU-26SEP07-B97.5,Daily High Temperature Houston,KHOU,2026-09-07,between,97.0,98.0,0.04,0.06,0.94,0.96,max,93.0,0,2.23,literature_placeholder,0.024,estimated,2026-09-07T09:50:21.371533+00:00
KXHIGHTHOU,KXHIGHTHOU-26SEP07-B95.5,Daily High Temperature Houston,KHOU,2026-09-07,between,95.0,96.0,0.37,0.38,0.62,0.63,max,93.0,0,2.23,literature_placeholder,0.0956,estimated,2026-09-07T09:50:21.371533+00:00
KXHIGHTHOU,KXHIGHTHOU-26SEP07-B93.5,Daily High Temperature Houston,KHOU,2026-09-07,between,93.0,94.0,0.44,0.45,0.55,0.56,max,93.0,0,2.23,literature_placeholder,0.173,estimated,2026-09-07T09:50:21.371533+00:00
KXHIGHTHOU,KXHIGHTHOU-26SEP07-B91.5,Daily High Temperature Houston,KHOU,2026-09-07,between,91.0,92.0,0.15,0.17,0.83,0.85,max,93.0,0,2.23,literature_placeholder,0.142,estimated,2026-09-07T09:50:21.371533+00:00
KXHIGHTSFO,KXHIGHTSFO-26SEP07-T81,San Francisco High Temperature Daily,KSFO,2026-09-07,greater,81.0,,0.38,0.39,0.61,0.62,max,69.0,0,2.23,literature_placeholder,0.0,estimated,2026-09-07T09:50:21.371533+00:00
KXHIGHTSFO,KXHIGHTSFO-26SEP07-T74,San Francisco High Temperature Daily,KSFO,2026-09-07,less,,74.0,0.02,0.03,0.97,0.98,max,69.0,0,2.23,literature_placeholder,0.9875,estimated,2026-09-07T09:50:21.371533+00:00
KXHIGHTSFO,KXHIGHTSFO-26SEP07-B80.5,San Francisco High Temperature Daily,KSFO,2026-09-07,between,80.0,81.0,0.25,0.27,0.73,0.75,max,69.0,0,2.23,literature_placeholder,0.0,estimated,2026-09-07T09:50:21.371533+00:00
KXHIGHTSFO,KXHIGHTSFO-26SEP07-B78.5,San Francisco High Temperature Daily,KSFO,2026-09-07,between,78.0,79.0,0.2,0.25,0.75,0.8,max,69.0,0,2.23,literature_placeholder,0.0,estimated,2026-09-07T09:50:21.371533+00:00
KXHIGHTSFO,KXHIGHTSFO-26SEP07-B76.5,San Francisco High Temperature Daily,KSFO,2026-09-07,between,76.0,77.0,0.07,0.08,0.92,0.93,max,69.0,0,2.23,literature_placeholder,0.0007,estimated,2026-09-07T09:50:21.371533+00:00
KXHIGHTSFO,KXHIGHTSFO-26SEP07-B74.5,San Francisco High Temperature Daily,KSFO,2026-09-07,between,74.0,75.0,0.04,0.06,0.94,0.96,max,69.0,0,2.23,literature_placeholder,0.0089,estimated,2026-09-07T09:50:21.371533+00:00
KXHIGHTSATX,KXHIGHTSATX-26SEP07-T96,San Antonio Daily Maximum Temperature,KSAT,2026-09-07,less,,96.0,0.02,0.03,0.97,0.98,max,96.0,0,2.23,literature_placeholder,0.5,estimated,2026-09-07T09:50:21.371533+00:00
KXHIGHTSATX,KXHIGHTSATX-26SEP07-T103,San Antonio Daily Maximum Temperature,KSAT,2026-09-07,greater,103.0,,0.0,0.01,0.99,1.0,max,96.0,0,2.23,literature_placeholder,0.0009,estimated,2026-09-07T09:50:21.371533+00:00
KXHIGHTSATX,KXHIGHTSATX-26SEP07-B98.5,San Antonio Daily Maximum Temperature,KSAT,2026-09-07,between,98.0,99.0,0.66,0.67,0.33,0.34,max,96.0,0,2.23,literature_placeholder,0.0956,estimated,2026-09-07T09:50:21.371533+00:00
KXHIGHTSATX,KXHIGHTSATX-26SEP07-B96.5,San Antonio Daily Maximum Temperature,KSAT,2026-09-07,between,96.0,97.0,0.02,0.03,0.97,0.98,max,96.0,0,2.23,literature_placeholder,0.173,estimated,2026-09-07T09:50:21.371533+00:00
KXHIGHTSATX,KXHIGHTSATX-26SEP07-B102.5,San Antonio Daily Maximum Temperature,KSAT,2026-09-07,between,102.0,103.0,0.0,0.01,0.99,1.0,max,96.0,0,2.23,literature_placeholder,0.0027,estimated,2026-09-07T09:50:21.371533+00:00
KXHIGHTSATX,KXHIGHTSATX-26SEP07-B100.5,San Antonio Daily Maximum Temperature,KSAT,2026-09-07,between,100.0,101.0,0.28,0.33,0.67,0.72,max,96.0,0,2.23,literature_placeholder,0.024,estimated,2026-09-07T09:50:21.371533+00:00
KXHIGHTSEA,KXHIGHTSEA-26SEP07-T73,Seattle Maximum Temperature Daily,KSEA,2026-09-07,greater,73.0,,0.03,0.04,0.96,0.97,max,73.0,0,2.23,literature_placeholder,0.5,estimated,2026-09-07T09:50:21.371533+00:00
KXHIGHTSEA,KXHIGHTSEA-26SEP07-T66,Seattle Maximum Temperature Daily,KSEA,2026-09-07,less,,66.0,0.01,0.02,0.98,0.99,max,73.0,0,2.23,literature_placeholder,0.0009,estimated,2026-09-07T09:50:21.371533+00:00
KXHIGHTSEA,KXHIGHTSEA-26SEP07-B72.5,Seattle Maximum Temperature Daily,KSEA,2026-09-07,between,72.0,73.0,0.09,0.1,0.9,0.91,max,73.0,0,2.23,literature_placeholder,0.173,estimated,2026-09-07T09:50:21.371533+00:00
KXHIGHTSEA,KXHIGHTSEA-26SEP07-B70.5,Seattle Maximum Temperature Daily,KSEA,2026-09-07,between,70.0,71.0,0.47,0.48,0.52,0.53,max,73.0,0,2.23,literature_placeholder,0.0956,estimated,2026-09-07T09:50:21.371533+00:00
KXHIGHTSEA,KXHIGHTSEA-26SEP07-B68.5,Seattle Maximum Temperature Daily,KSEA,2026-09-07,between,68.0,69.0,0.36,0.37,0.63,0.64,max,73.0,0,2.23,literature_placeholder,0.024,estimated,2026-09-07T09:50:21.371533+00:00
KXHIGHTSEA,KXHIGHTSEA-26SEP07-B66.5,Seattle Maximum Temperature Daily,KSEA,2026-09-07,between,66.0,67.0,0.06,0.08,0.92,0.94,max,73.0,0,2.23,literature_placeholder,0.0027,estimated,2026-09-07T09:50:21.371533+00:00
KXLOWTSFO,KXLOWTSFO-26SEP07-T57,Lowest Temperature San Francisco,KSFO,2026-09-07,greater,57.0,,0.21,0.28,0.72,0.79,min,56.0,0,2.23,literature_placeholder,0.327,estimated,2026-09-07T09:50:21.371533+00:00
KXLOWTSFO,KXLOWTSFO-26SEP07-T50,Lowest Temperature San Francisco,KSFO,2026-09-07,less,,50.0,0.0,0.02,0.98,1.0,min,56.0,0,2.23,literature_placeholder,0.0036,estimated,2026-09-07T09:50:21.371533+00:00
KXLOWTSFO,KXLOWTSFO-26SEP07-B56.5,Lowest Temperature San Francisco,KSFO,2026-09-07,between,56.0,57.0,0.54,0.61,0.39,0.46,min,56.0,0,2.23,literature_placeholder,0.173,estimated,2026-09-07T09:50:21.371533+00:00
KXLOWTSFO,KXLOWTSFO-26SEP07-B54.5,Lowest Temperature San Francisco,KSFO,2026-09-07,between,54.0,55.0,0.12,0.18,0.82,0.88,min,56.0,0,2.23,literature_placeholder,0.142,estimated,2026-09-07T09:50:21.371533+00:00
KXLOWTSFO,KXLOWTSFO-26SEP07-B52.5,Lowest Temperature San Francisco,KSFO,2026-09-07,between,52.0,53.0,0.01,0.03,0.97,0.99,min,56.0,0,2.23,literature_placeholder,0.0529,estimated,2026-09-07T09:50:21.371533+00:00
KXLOWTSFO,KXLOWTSFO-26SEP07-B50.5,Lowest Temperature San Francisco,KSFO,2026-09-07,between,50.0,51.0,0.01,0.04,0.96,0.99,min,56.0,0,2.23,literature_placeholder,0.0089,estimated,2026-09-07T09:50:21.371533+00:00
KXHIGHTNOLA,KXHIGHTNOLA-26SEP07-T97,New Orleans Max temp Daily,KMSY,2026-09-07,greater,97.0,,0.02,0.05,0.95,0.98,max,95.0,0,2.23,literature_placeholder,0.185,estimated,2026-09-07T09:50:21.371533+00:00
KXHIGHTNOLA,KXHIGHTNOLA-26SEP07-T90,New Orleans Max temp Daily,KMSY,2026-09-07,less,,90.0,0.01,0.02,0.98,0.99,max,95.0,0,2.23,literature_placeholder,0.0125,estimated,2026-09-07T09:50:21.371533+00:00
KXHIGHTNOLA,KXHIGHTNOLA-26SEP07-B96.5,New Orleans Max temp Daily,KMSY,2026-09-07,between,96.0,97.0,0.22,0.23,0.77,0.78,max,95.0,0,2.23,literature_placeholder,0.142,estimated,2026-09-07T09:50:21.371533+00:00
KXHIGHTNOLA,KXHIGHTNOLA-26SEP07-B94.5,New Orleans Max temp Daily,KMSY,2026-09-07,between,94.0,95.0,0.51,0.57,0.43,0.49,max,95.0,0,2.23,literature_placeholder,0.173,estimated,2026-09-07T09:50:21.371533+00:00
KXHIGHTNOLA,KXHIGHTNOLA-26SEP07-B92.5,New Orleans Max temp Daily,KMSY,2026-09-07,between,92.0,93.0,0.09,0.13,0.87,0.91,max,95.0,0,2.23,literature_placeholder,0.0956,estimated,2026-09-07T09:50:21.371533+00:00
KXHIGHTNOLA,KXHIGHTNOLA-26SEP07-B90.5,New Orleans Max temp Daily,KMSY,2026-09-07,between,90.0,91.0,0.01,0.03,0.97,0.99,max,95.0,0,2.23,literature_placeholder,0.024,estimated,2026-09-07T09:50:21.371533+00:00
KXLOWTNOLA,KXLOWTNOLA-26SEP07-T78,NOLA Low Temperature,KMSY,2026-09-07,greater,78.0,,0.37,0.43,0.57,0.63,min,78.0,0,2.23,literature_placeholder,0.5,estimated,2026-09-07T09:50:21.371533+00:00
KXLOWTNOLA,KXLOWTNOLA-26SEP07-T71,NOLA Low Temperature,KMSY,2026-09-07,less,,71.0,0.0,0.02,0.98,1.0,min,78.0,0,2.23,literature_placeholder,0.0009,estimated,2026-09-07T09:50:21.371533+00:00
KXLOWTNOLA,KXLOWTNOLA-26SEP07-B77.5,NOLA Low Temperature,KMSY,2026-09-07,between,77.0,78.0,0.44,0.5,0.5,0.56,min,78.0,0,2.23,literature_placeholder,0.173,estimated,2026-09-07T09:50:21.371533+00:00
KXLOWTNOLA,KXLOWTNOLA-26SEP07-B75.5,NOLA Low Temperature,KMSY,2026-09-07,between,75.0,76.0,0.12,0.21,0.79,0.88,min,78.0,0,2.23,literature_placeholder,0.0956,estimated,2026-09-07T09:50:21.371533+00:00
KXLOWTNOLA,KXLOWTNOLA-26SEP07-B73.5,NOLA Low Temperature,KMSY,2026-09-07,between,73.0,74.0,0.02,0.04,0.96,0.98,min,78.0,0,2.23,literature_placeholder,0.024,estimated,2026-09-07T09:50:21.371533+00:00
KXLOWTNOLA,KXLOWTNOLA-26SEP07-B71.5,NOLA Low Temperature,KMSY,2026-09-07,between,71.0,72.0,0.01,0.04,0.96,0.99,min,78.0,0,2.23,literature_placeholder,0.0027,estimated,2026-09-07T09:50:21.371533+00:00
KXHIGHDEN,KXHIGHDEN-26SEP07-T93,Highest temperature in Denver,KDEN,2026-09-07,greater,93.0,,0.01,0.02,0.98,0.99,max,91.0,0,2.23,literature_placeholder,0.185,estimated,2026-09-07T09:50:21.371533+00:00
KXHIGHDEN,KXHIGHDEN-26SEP07-T86,Highest temperature in Denver,KDEN,2026-09-07,less,,86.0,0.01,0.02,0.98,0.99,max,91.0,0,2.23,literature_placeholder,0.0125,estimated,2026-09-07T09:50:21.371533+00:00
KXHIGHDEN,KXHIGHDEN-26SEP07-B92.5,Highest temperature in Denver,KDEN,2026-09-07,between,92.0,93.0,0.05,0.06,0.94,0.95,max,91.0,0,2.23,literature_placeholder,0.142,estimated,2026-09-07T09:50:21.371533+00:00
KXHIGHDEN,KXHIGHDEN-26SEP07-B90.5,Highest temperature in Denver,KDEN,2026-09-07,between,90.0,91.0,0.48,0.49,0.51,0.52,max,91.0,0,2.23,literature_placeholder,0.173,estimated,2026-09-07T09:50:21.371533+00:00
KXHIGHDEN,KXHIGHDEN-26SEP07-B88.5,Highest temperature in Denver,KDEN,2026-09-07,between,88.0,89.0,0.37,0.39,0.61,0.63,max,91.0,0,2.23,literature_placeholder,0.0956,estimated,2026-09-07T09:50:21.371533+00:00
KXHIGHDEN,KXHIGHDEN-26SEP07-B86.5,Highest temperature in Denver,KDEN,2026-09-07,between,86.0,87.0,0.05,0.06,0.94,0.95,max,91.0,0,2.23,literature_placeholder,0.024,estimated,2026-09-07T09:50:21.371533+00:00
