resolved_stat_key,n_total,z_lo,z_hi,calibrated_prob,ready_to_apply,fit_date
hits+runs+rbi,1473,-0.37496411954634823,-0.37496411954634823,0.0,False,2026-09-18
hits+runs+rbi,1473,-0.31007932804641314,-0.2795524552639108,0.35294117647058826,False,2026-09-18
hits+runs+rbi,1473,-0.27868699593818747,-0.2606527214811649,0.35294117647058826,False,2026-09-18
hits+runs+rbi,1473,-0.2602032152644824,-0.19761826601461507,0.38317757009345793,False,2026-09-18
hits+runs+rbi,1473,-0.19639649710734375,-0.16773461751290597,0.43478260869565216,False,2026-09-18
hits+runs+rbi,1473,-0.16717270892695524,-0.10156843767617829,0.4782608695652174,False,2026-09-18
hits+runs+rbi,1473,-0.10146839267690666,-0.0998718858754728,0.5,False,2026-09-18
hits+runs+rbi,1473,-0.09711276800953783,0.002563235437264666,0.5066666666666667,False,2026-09-18
hits+runs+rbi,1473,0.0026289378001820296,0.07209033591789193,0.5258620689655173,False,2026-09-18
hits+runs+rbi,1473,0.07244448273559101,0.11459479088080116,0.5444444444444444,False,2026-09-18
hits+runs+rbi,1473,0.1147796926961746,0.20757445498020388,0.5683453237410072,False,2026-09-18
hits+runs+rbi,1473,0.20823508923058398,0.2400325459020678,0.589041095890411,False,2026-09-18
hits+runs+rbi,1473,0.24043206506757997,0.2410389147407841,0.6666666666666666,False,2026-09-18
hits+runs+rbi,1473,0.24137278852867894,0.2707566172175575,0.7058823529411765,False,2026-09-18
hits+runs+rbi,1473,0.27082136980607174,0.33163094156770967,0.7428571428571429,False,2026-09-18
hits+runs+rbi,1473,0.3329272797855083,0.33573670967598446,0.75,False,2026-09-18
hits+runs+rbi,1473,0.33576290096971206,0.3961125841306057,0.7575757575757576,False,2026-09-18
hits+runs+rbi,1473,0.3961937349231448,0.43928947500535287,0.8571428571428571,False,2026-09-18
hits+runs+rbi,1473,0.4457713801821228,0.47823594420333393,0.8571428571428571,False,2026-09-18
hits+runs+rbi,1473,0.48739760046009906,0.6180865908099804,0.9375,False,2026-09-18
hits+runs+rbi,1473,0.6239249077916611,0.9232656740641687,0.9444444444444444,False,2026-09-18
hits+runs+rbi,1473,0.9286486868804786,0.9286486868804786,1.0,False,2026-09-18
hits+runs+rbi,1473,1.006897432002006,1.006897432002006,1.0,False,2026-09-18
hits+runs+rbi,1473,1.042535367916571,1.042535367916571,1.0,False,2026-09-18
hits+runs+rbi,1473,1.064306379208574,1.064306379208574,1.0,False,2026-09-18
hits+runs+rbi,1473,1.1866093033750076,1.1866093033750076,1.0,False,2026-09-18
totalBases,1453,-0.39617278610239737,-0.39617278610239737,0.0,True,2026-09-18
totalBases,1453,-0.33389800673467107,-0.27493078450788744,0.25,True,2026-09-18
totalBases,1453,-0.26958722455310635,-0.043081590469228104,0.42209631728045327,True,2026-09-18
totalBases,1453,-0.0423297117522452,-0.028727453987812623,0.4230769230769231,True,2026-09-18
totalBases,1453,-0.028646881837630644,0.02205441871774383,0.5039370078740159,True,2026-09-18
totalBases,1453,0.02215809587505646,0.07251622548210435,0.5317073170731705,True,2026-09-18
totalBases,1453,0.07361909837345593,0.19749339143163525,0.5994475138121547,True,2026-09-18
totalBases,1453,0.19826242796261795,0.22381173688336276,0.6704545454545454,True,2026-09-18
totalBases,1453,0.22432014733203687,0.36536405500373803,0.6848739495798319,True,2026-09-18
totalBases,1453,0.36610213821404614,0.3960465753043536,0.7777777777777778,True,2026-09-18
totalBases,1453,0.400613493664423,0.400613493664423,1.0,True,2026-09-18
totalBases,1453,0.4161447121587116,0.4161447121587116,1.0,True,2026-09-18
totalBases,1453,0.45660906299599446,0.45660906299599446,1.0,True,2026-09-18
totalBases,1453,0.4689607076870743,0.4689607076870743,1.0,True,2026-09-18
totalBases,1453,0.47935580849298276,0.47935580849298276,1.0,True,2026-09-18
totalBases,1453,0.4903951172309462,0.4903951172309462,1.0,True,2026-09-18
totalBases,1453,0.5123766766337212,0.5123766766337212,1.0,True,2026-09-18
totalBases,1453,0.5171732313174289,0.5171732313174289,1.0,True,2026-09-18
totalBases,1453,0.5173780813638587,0.5173780813638587,1.0,True,2026-09-18
totalBases,1453,0.5224727996683214,0.5224727996683214,1.0,True,2026-09-18
totalBases,1453,0.5717833366070408,0.5717833366070408,1.0,True,2026-09-18
totalBases,1453,0.6111845754494425,0.6111845754494425,1.0,True,2026-09-18
totalBases,1453,0.6245256588154007,0.6245256588154007,1.0,True,2026-09-18
totalBases,1453,0.6249215270217974,0.6249215270217974,1.0,True,2026-09-18
totalBases,1453,0.6466157078102697,0.6466157078102697,1.0,True,2026-09-18
totalBases,1453,0.6530337301373947,0.6530337301373947,1.0,True,2026-09-18
totalBases,1453,0.6572691084293183,0.6572691084293183,1.0,True,2026-09-18
totalBases,1453,0.6616103848500643,0.6616103848500643,1.0,True,2026-09-18
totalBases,1453,0.6819016773661133,0.6819016773661133,1.0,True,2026-09-18
totalBases,1453,0.687404587661149,0.687404587661149,1.0,True,2026-09-18
totalBases,1453,0.6942842721764464,0.6942842721764464,1.0,True,2026-09-18
totalBases,1453,0.7003773470351007,0.7003773470351007,1.0,True,2026-09-18
totalBases,1453,0.7139628253935371,0.7139628253935371,1.0,True,2026-09-18
totalBases,1453,0.7222455727460328,0.7222455727460328,1.0,True,2026-09-18
totalBases,1453,0.7764032101549674,0.7764032101549674,1.0,True,2026-09-18
totalBases,1453,0.8065427830151748,0.8065427830151748,1.0,True,2026-09-18
totalBases,1453,0.8180042023013812,0.8180042023013812,1.0,True,2026-09-18
totalBases,1453,0.8223524271452334,0.8223524271452334,1.0,True,2026-09-18
totalBases,1453,0.8276880120683927,0.8276880120683927,1.0,True,2026-09-18
totalBases,1453,0.8279452317219693,0.8279452317219693,1.0,True,2026-09-18
totalBases,1453,0.839506547577912,0.839506547577912,1.0,True,2026-09-18
totalBases,1453,0.8785516109492164,0.8785516109492164,1.0,True,2026-09-18
totalBases,1453,0.8818826260103378,0.8818826260103378,1.0,True,2026-09-18
totalBases,1453,0.9015780652698595,0.9015780652698595,1.0,True,2026-09-18
totalBases,1453,0.9144654054834973,0.9144654054834973,1.0,True,2026-09-18
totalBases,1453,0.9293644540302921,0.9293644540302921,1.0,True,2026-09-18
totalBases,1453,1.0645394430903252,1.0645394430903252,1.0,True,2026-09-18
totalBases,1453,1.1055095984775107,1.1055095984775107,1.0,True,2026-09-18
totalBases,1453,1.321954236336751,1.321954236336751,1.0,True,2026-09-18
totalBases,1453,1.4284785606141668,1.4284785606141668,1.0,True,2026-09-18
hitter fs,1379,-0.3101999201171566,-0.26298318241606466,0.3333333333333333,True,2026-09-18
hitter fs,1379,-0.26293259221711196,-0.20731832287856378,0.3333333333333333,True,2026-09-18
hitter fs,1379,-0.20707114899414591,-0.2068857124831993,0.3333333333333333,True,2026-09-18
hitter fs,1379,-0.20672033130540513,-0.20279439984005876,0.375,True,2026-09-18
hitter fs,1379,-0.20253985820454545,-0.02396929109818302,0.43333333333333335,True,2026-09-18
hitter fs,1379,-0.023956471326528117,0.06503761585918255,0.5380116959064327,True,2026-09-18
hitter fs,1379,0.06526509174727835,0.1981833883037325,0.5700483091787439,True,2026-09-18
hitter fs,1379,0.1983516760810744,0.22968333648168482,0.6111111111111112,True,2026-09-18
hitter fs,1379,0.2304903230688069,0.27177496106014587,0.6142857142857142,True,2026-09-18
hitter fs,1379,0.27199003743589856,0.3115075514942873,0.64,True,2026-09-18
hitter fs,1379,0.3151809901755769,0.6130369850143325,0.8529411764705882,True,2026-09-18
hitter fs,1379,0.7697218062530737,0.7697218062530737,1.0,True,2026-09-18
hitter fs,1379,1.0759877977252472,1.0759877977252472,1.0,True,2026-09-18
hits,1210,-0.8405787980591413,-0.8405787980591413,0.0,False,2026-09-18
hits,1210,-0.8141587901336607,-0.8141587901336607,0.0,False,2026-09-18
hits,1210,-0.7525128149136435,-0.5495203128957655,0.21428571428571427,False,2026-09-18
hits,1210,-0.5285137360042427,-0.5170093674387317,0.25,False,2026-09-18
hits,1210,-0.5169697058445308,-0.4290757826238405,0.2903225806451613,False,2026-09-18
hits,1210,-0.4279500286502298,-0.2666978689667303,0.3888888888888889,False,2026-09-18
hits,1210,-0.2651690134371165,-0.23274921273696236,0.3888888888888889,False,2026-09-18
hits,1210,-0.2315298560715746,0.008290637022582814,0.5285714285714286,False,2026-09-18
hits,1210,0.013106365775456652,0.34190747831598856,0.5699481865284974,False,2026-09-18
hits,1210,0.3420243416039739,0.37336543839774095,0.6060606060606061,False,2026-09-18
hits,1210,0.3740959160786588,0.38091545380302705,0.6363636363636364,False,2026-09-18
hits,1210,0.38242932004504837,0.3923368650430348,0.6666666666666666,False,2026-09-18
hits,1210,0.3947354896517936,0.41703716581105255,0.6666666666666666,False,2026-09-18
hits,1210,0.41764119380968623,0.4852413432963658,0.6666666666666666,False,2026-09-18
hits,1210,0.4858239903987851,0.4876562168064993,0.6666666666666666,False,2026-09-18
hits,1210,0.4881728886102792,0.5879649793205317,0.7314814814814815,False,2026-09-18
hits,1210,0.5884994579537306,0.6060911682725418,0.7333333333333333,False,2026-09-18
hits,1210,0.6064072904700879,0.6479607720684726,0.7872340425531915,False,2026-09-18
hits,1210,0.648497946705902,0.8708544054243248,0.8067226890756303,False,2026-09-18
hits,1210,0.8716254452301655,0.9315871951694135,0.85,False,2026-09-18
hits,1210,0.9320221987727564,1.1539340238959994,0.9,False,2026-09-18
hits,1210,1.1580857240769546,1.3033564982179087,0.9411764705882353,False,2026-09-18
hits,1210,1.3320904867432546,1.3320904867432546,1.0,False,2026-09-18
hits,1210,1.344891700980952,1.344891700980952,1.0,False,2026-09-18
hits,1210,1.3477356072107796,1.3477356072107796,1.0,False,2026-09-18
hits,1210,1.3880470604344737,1.3880470604344737,1.0,False,2026-09-18
hits,1210,1.415811201062752,1.415811201062752,1.0,False,2026-09-18
hits,1210,1.4756359242892358,1.4756359242892358,1.0,False,2026-09-18
hits,1210,1.49298259432544,1.49298259432544,1.0,False,2026-09-18
hits,1210,1.4972904753230978,1.4972904753230978,1.0,False,2026-09-18
hits,1210,1.582225220714463,1.582225220714463,1.0,False,2026-09-18
hits,1210,1.59172766332631,1.59172766332631,1.0,False,2026-09-18
hits,1210,1.6283775781921577,1.6283775781921577,1.0,False,2026-09-18
hits,1210,1.6419046108203474,1.6419046108203474,1.0,False,2026-09-18
hits,1210,1.6733744021330494,1.6733744021330494,1.0,False,2026-09-18
hits,1210,1.7331622020865325,1.7331622020865325,1.0,False,2026-09-18
hits,1210,1.7542135254770983,1.7542135254770983,1.0,False,2026-09-18
hits,1210,1.8174056602001656,1.8174056602001656,1.0,False,2026-09-18
hits,1210,1.8263511661498342,1.8263511661498342,1.0,False,2026-09-18
hits,1210,2.0601311454956885,2.0601311454956885,1.0,False,2026-09-18
hits,1210,2.2754789015452843,2.2754789015452843,1.0,False,2026-09-18
hits,1210,2.8523241498915013,2.8523241498915013,1.0,False,2026-09-18
runs,904,-0.31391587646794505,-0.31391587646794505,0.0,True,2026-09-18
runs,904,-0.2999480197613593,-0.2999480197613593,0.0,True,2026-09-18
runs,904,-0.2883289344899822,-0.2883289344899822,0.0,True,2026-09-18
runs,904,-0.2858031011710409,-0.2858031011710409,0.0,True,2026-09-18
runs,904,-0.2826662404986564,-0.2826662404986564,0.0,True,2026-09-18
runs,904,-0.2789859618351329,-0.2789859618351329,0.0,True,2026-09-18
runs,904,-0.258734952803934,-0.18059341408661567,0.1875,True,2026-09-18
runs,904,-0.1785219401062932,-0.06822675859439187,0.23333333333333334,True,2026-09-18
runs,904,-0.06820323274587281,-0.06605929907527752,0.25,True,2026-09-18
runs,904,-0.06505195461795665,-0.05617254626122303,0.29411764705882354,True,2026-09-18
runs,904,-0.05616942924098112,-0.02391068552969955,0.3972602739726027,True,2026-09-18
runs,904,-0.023844318493502215,-0.012647121475310996,0.4,True,2026-09-18
runs,904,-0.012415193748893216,0.00204358299379237,0.5116279069767442,True,2026-09-18
runs,904,0.0030528192000929266,0.02932380113634281,0.5280898876404494,True,2026-09-18
runs,904,0.029780235403450206,0.06506284742499702,0.5602836879432626,True,2026-09-18
runs,904,0.06559476241818629,0.10258551975130104,0.5867768595041319,True,2026-09-18
runs,904,0.10270423392648809,0.1211912444268819,0.625,True,2026-09-18
runs,904,0.12135058399871923,0.12964612789801322,0.6363636363636364,True,2026-09-18
runs,904,0.1301243365451228,0.1611400961119216,0.6428571428571429,True,2026-09-18
runs,904,0.16132199988351204,0.3882971140847076,0.7142857142857143,True,2026-09-18
runs,904,0.3934439847653266,0.4189870045229327,0.8571428571428571,True,2026-09-18
runs,904,0.41926434441120364,0.6807953791285399,0.9380530973451328,True,2026-09-18
runs,904,0.6810030035849195,0.6810030035849195,1.0,True,2026-09-18
runs,904,0.6907817580795381,0.6907817580795381,1.0,True,2026-09-18
runs,904,0.694652230158681,0.694652230158681,1.0,True,2026-09-18
runs,904,0.7002079435333144,0.7002079435333144,1.0,True,2026-09-18
runs,904,0.7010364685265813,0.7010364685265813,1.0,True,2026-09-18
runs,904,0.7057553163322154,0.7057553163322154,1.0,True,2026-09-18
runs,904,0.7080809387553018,0.7080809387553018,1.0,True,2026-09-18
runs,904,0.7115209859039169,0.7115209859039169,1.0,True,2026-09-18
runs,904,0.7187163102498744,0.7187163102498744,1.0,True,2026-09-18
runs,904,0.7273577621381264,0.7273577621381264,1.0,True,2026-09-18
runs,904,0.7315882281691302,0.7315882281691302,1.0,True,2026-09-18
runs,904,0.7353027963836212,0.7353027963836212,1.0,True,2026-09-18
runs,904,0.7389014170330483,0.7389014170330483,1.0,True,2026-09-18
runs,904,0.7415998400829267,0.7415998400829267,1.0,True,2026-09-18
runs,904,0.7725903395621572,0.7725903395621572,1.0,True,2026-09-18
runs,904,0.7913475774985272,0.7913475774985272,1.0,True,2026-09-18
runs,904,0.8139617892738897,0.8139617892738897,1.0,True,2026-09-18
runs,904,0.8317764425592031,0.8317764425592031,1.0,True,2026-09-18
runs,904,0.8438036167935934,0.8438036167935934,1.0,True,2026-09-18
runs,904,0.8693154790962581,0.8693154790962581,1.0,True,2026-09-18
runs,904,0.8755787151458208,0.8755787151458208,1.0,True,2026-09-18
runs,904,0.955918858788209,0.955918858788209,1.0,True,2026-09-18
runs,904,1.0291855869872961,1.0291855869872961,1.0,True,2026-09-18
runs,904,1.093889983574627,1.093889983574627,1.0,True,2026-09-18
runs,904,1.1544008620257955,1.1544008620257955,1.0,True,2026-09-18
runs,904,1.3923006617987994,1.3923006617987994,1.0,True,2026-09-18
rbi,798,-0.6186866168573033,-0.6186866168573033,0.0,True,2026-09-18
rbi,798,-0.47236095028347336,-0.47236095028347336,0.0,True,2026-09-18
rbi,798,-0.40705611612065695,-0.40705611612065695,0.0,True,2026-09-18
rbi,798,-0.3963121465931181,-0.24012352639692836,0.13333333333333333,True,2026-09-18
rbi,798,-0.2361131068028044,-0.08269554327125661,0.17441860465116282,True,2026-09-18
rbi,798,-0.08058395455009304,-0.0396006123337429,0.32,True,2026-09-18
rbi,798,-0.03837919214856811,-0.033190326794283465,0.3333333333333333,True,2026-09-18
rbi,798,-0.033152411197079346,0.015230166871333495,0.40522875816993464,True,2026-09-18
rbi,798,0.015363935992354527,0.056579381838673726,0.4578313253012048,True,2026-09-18
rbi,798,0.057227650861022994,0.05922535140416585,0.5555555555555556,True,2026-09-18
rbi,798,0.05968706720159389,0.06063874639221467,0.6666666666666666,True,2026-09-18
rbi,798,0.06082381310989149,0.08764058075030334,0.6727272727272727,True,2026-09-18
rbi,798,0.0890419906063471,0.13771416383679025,0.7,True,2026-09-18
rbi,798,0.13819731355761178,0.3021302653069142,0.8333333333333334,True,2026-09-18
rbi,798,0.31354022011510096,0.3628570784057956,0.9090909090909091,True,2026-09-18
rbi,798,0.36467957330751233,0.8089863847999368,0.922077922077922,True,2026-09-18
rbi,798,0.8268863677221816,0.8268863677221816,1.0,True,2026-09-18
rbi,798,0.8276961160299834,0.8276961160299834,1.0,True,2026-09-18
rbi,798,0.8502900533203501,0.8502900533203501,1.0,True,2026-09-18
rbi,798,0.8523874277889263,0.8523874277889263,1.0,True,2026-09-18
rbi,798,0.8719372814812232,0.8719372814812232,1.0,True,2026-09-18
rbi,798,0.8792322139197495,0.8792322139197495,1.0,True,2026-09-18
rbi,798,0.8827722776622977,0.8827722776622977,1.0,True,2026-09-18
rbi,798,0.8862752455461305,0.8862752455461305,1.0,True,2026-09-18
rbi,798,0.8880298269505147,0.8880298269505147,1.0,True,2026-09-18
rbi,798,0.8888203577662352,0.8888203577662352,1.0,True,2026-09-18
rbi,798,0.8954710329126101,0.8954710329126101,1.0,True,2026-09-18
rbi,798,0.8962730639323127,0.8962730639323127,1.0,True,2026-09-18
rbi,798,0.9056557665753644,0.9056557665753644,1.0,True,2026-09-18
rbi,798,0.907582087587798,0.907582087587798,1.0,True,2026-09-18
rbi,798,0.9215050746279303,0.9215050746279303,1.0,True,2026-09-18
rbi,798,0.9250319660350215,0.9250319660350215,1.0,True,2026-09-18
rbi,798,0.9302570092550013,0.9302570092550013,1.0,True,2026-09-18
rbi,798,0.9463308501581196,0.9463308501581196,1.0,True,2026-09-18
rbi,798,0.9518568800704088,0.9518568800704088,1.0,True,2026-09-18
rbi,798,0.9548130686453078,0.9548130686453078,1.0,True,2026-09-18
rbi,798,0.9627288684423547,0.9627288684423547,1.0,True,2026-09-18
rbi,798,0.9726787918189075,0.9726787918189075,1.0,True,2026-09-18
rbi,798,0.9758522811171133,0.9758522811171133,1.0,True,2026-09-18
rbi,798,0.9823289268824738,0.9823289268824738,1.0,True,2026-09-18
rbi,798,0.9914314940979239,0.9914314940979239,1.0,True,2026-09-18
rbi,798,0.9937155449006241,0.9937155449006241,1.0,True,2026-09-18
rbi,798,0.9956319628108758,0.9956319628108758,1.0,True,2026-09-18
rbi,798,1.0140537002880592,1.0140537002880592,1.0,True,2026-09-18
rbi,798,1.0688256934226956,1.0688256934226956,1.0,True,2026-09-18
rbi,798,1.0729587046371307,1.0729587046371307,1.0,True,2026-09-18
rbi,798,1.098237316327868,1.098237316327868,1.0,True,2026-09-18
rbi,798,1.099733524984913,1.099733524984913,1.0,True,2026-09-18
rbi,798,1.1017781044065487,1.1017781044065487,1.0,True,2026-09-18
rbi,798,1.165802903153235,1.165802903153235,1.0,True,2026-09-18
rbi,798,1.8515073189919349,1.8515073189919349,1.0,True,2026-09-18
strikeOuts,762,-0.30377162076183595,-0.30377162076183595,0.0,True,2026-09-18
strikeOuts,762,-0.27469734215992503,-0.27469734215992503,0.0,True,2026-09-18
strikeOuts,762,-0.27013328528846614,-0.27013328528846614,0.0,True,2026-09-18
strikeOuts,762,-0.26524339130264707,-0.22491054752026685,0.11764705882352941,True,2026-09-18
strikeOuts,762,-0.22273924024193548,-0.21759097775793634,0.2857142857142857,True,2026-09-18
strikeOuts,762,-0.21712911801296286,-0.15570737243979238,0.2916666666666666,True,2026-09-18
strikeOuts,762,-0.15535985919996165,-0.1522400907415431,0.3333333333333333,True,2026-09-18
strikeOuts,762,-0.15188930268050171,-0.12815493109519593,0.4444444444444444,True,2026-09-18
strikeOuts,762,-0.1281523385841865,0.056727368355495855,0.47183098591549294,True,2026-09-18
strikeOuts,762,0.05824279386433773,0.12781933267251588,0.6060606060606061,True,2026-09-18
strikeOuts,762,0.1375488482590299,0.15129095493466593,0.7142857142857143,True,2026-09-18
strikeOuts,762,0.1574751578446012,0.2548616133572068,0.7364864864864865,True,2026-09-18
strikeOuts,762,0.25560516948462464,0.2676695872505661,0.7894736842105263,True,2026-09-18
strikeOuts,762,0.26833776020794176,0.3505784005683381,0.8,True,2026-09-18
strikeOuts,762,0.3530406995269004,0.45764481052174233,0.8,True,2026-09-18
strikeOuts,762,0.4582066849397961,0.6179169280512724,0.9655172413793104,True,2026-09-18
strikeOuts,762,0.6417124605213758,0.6417124605213758,1.0,True,2026-09-18
strikeOuts,762,0.6580012472986709,0.6580012472986709,1.0,True,2026-09-18
strikeOuts,762,0.6610883400717285,0.6610883400717285,1.0,True,2026-09-18
strikeOuts,762,0.6669102500600275,0.6669102500600275,1.0,True,2026-09-18
strikeOuts,762,0.6679989593976643,0.6679989593976643,1.0,True,2026-09-18
strikeOuts,762,0.6702033803740051,0.6702033803740051,1.0,True,2026-09-18
strikeOuts,762,0.6827833722054493,0.6827833722054493,1.0,True,2026-09-18
strikeOuts,762,0.7355660896573681,0.7355660896573681,1.0,True,2026-09-18
strikeOuts,762,0.7452938844508026,0.7452938844508026,1.0,True,2026-09-18
strikeOuts,762,0.7688386597146746,0.7688386597146746,1.0,True,2026-09-18
strikeOuts,762,0.7694308544450905,0.7694308544450905,1.0,True,2026-09-18
strikeOuts,762,0.7920315154187847,0.7920315154187847,1.0,True,2026-09-18
strikeOuts,762,0.8585824946349021,0.8585824946349021,1.0,True,2026-09-18
strikeOuts,762,0.870772024121834,0.870772024121834,1.0,True,2026-09-18
strikeOuts,762,1.043643102311762,1.043643102311762,1.0,True,2026-09-18
singles,711,-0.4036630431364756,-0.4036630431364756,0.0,False,2026-09-18
singles,711,-0.38456547042005695,-0.38456547042005695,0.0,False,2026-09-18
singles,711,-0.38357619624002837,-0.38357619624002837,0.0,False,2026-09-18
singles,711,-0.3772289168264251,-0.3772289168264251,0.0,False,2026-09-18
singles,711,-0.34125246430630796,-0.34125246430630796,0.0,False,2026-09-18
singles,711,-0.33003905080840923,-0.27425304797361605,0.42857142857142855,False,2026-09-18
singles,711,-0.2736457736173179,-0.12255772543721832,0.46808510638297873,False,2026-09-18
singles,711,-0.12196879638941027,-0.06644053597119637,0.4857142857142858,False,2026-09-18
singles,711,-0.06599691745941527,-0.06533263597521,0.5,False,2026-09-18
singles,711,-0.06514432196854614,0.09179079401656054,0.5051020408163265,False,2026-09-18
singles,711,0.09252476607798599,0.12436656866339035,0.5121951219512195,False,2026-09-18
singles,711,0.12482965397066437,0.14696204991196282,0.5625,False,2026-09-18
singles,711,0.14715567740495317,0.47013580342172645,0.5687499999999999,False,2026-09-18
singles,711,0.47307385187014006,0.5448401861649472,0.7,False,2026-09-18
singles,711,0.5520803290128242,0.8176736258610617,0.8172043010752689,False,2026-09-18
singles,711,0.8292763334757183,0.9330407409288455,0.9090909090909091,False,2026-09-18
singles,711,0.9344326281279791,0.9965591653308365,0.9333333333333333,False,2026-09-18
singles,711,0.9990593245893251,1.05477653912385,0.9411764705882353,False,2026-09-18
singles,711,1.0550328078388702,1.0550328078388702,1.0,False,2026-09-18
singles,711,1.057771696097916,1.057771696097916,1.0,False,2026-09-18
singles,711,1.0617881911748555,1.0617881911748555,1.0,False,2026-09-18
singles,711,1.065326143259881,1.065326143259881,1.0,False,2026-09-18
singles,711,1.0782807108189445,1.0782807108189445,1.0,False,2026-09-18
singles,711,1.0879851849458646,1.0879851849458646,1.0,False,2026-09-18
singles,711,1.0880797541758511,1.0880797541758511,1.0,False,2026-09-18
singles,711,1.089823551446898,1.089823551446898,1.0,False,2026-09-18
singles,711,1.0899797763850074,1.0899797763850074,1.0,False,2026-09-18
singles,711,1.097702629835112,1.097702629835112,1.0,False,2026-09-18
singles,711,1.0978036073211115,1.0978036073211115,1.0,False,2026-09-18
singles,711,1.1244457565189805,1.1244457565189805,1.0,False,2026-09-18
singles,711,1.1569591826118995,1.1569591826118995,1.0,False,2026-09-18
singles,711,1.2338314369844738,1.2338314369844738,1.0,False,2026-09-18
singles,711,1.2436749029147904,1.2436749029147904,1.0,False,2026-09-18
singles,711,1.2559520830691326,1.2559520830691326,1.0,False,2026-09-18
singles,711,1.297893443639623,1.297893443639623,1.0,False,2026-09-18
singles,711,1.7426176632579882,1.7426176632579882,1.0,False,2026-09-18
baseOnBalls,700,-0.6419355456891935,-0.6419355456891935,0.0,True,2026-09-18
baseOnBalls,700,-0.4827280718309339,-0.2807675167277921,0.15384615384615385,True,2026-09-18
baseOnBalls,700,-0.2804384166665841,-0.2604304095439147,0.25,True,2026-09-18
baseOnBalls,700,-0.2542999133875128,-0.14643331410479732,0.28846153846153844,True,2026-09-18
baseOnBalls,700,-0.14459141154657118,-0.06728931594989263,0.32894736842105265,True,2026-09-18
baseOnBalls,700,-0.06652765764738433,0.0010154263873118907,0.4024390243902439,True,2026-09-18
baseOnBalls,700,0.002520805544918403,0.01798049171338789,0.42857142857142855,True,2026-09-18
baseOnBalls,700,0.018939469853648916,0.03164962920709513,0.4375,True,2026-09-18
baseOnBalls,700,0.033564850833499804,0.033828622166765854,0.5,True,2026-09-18
baseOnBalls,700,0.03493715982767753,0.08050359776825644,0.6714285714285714,True,2026-09-18
baseOnBalls,700,0.08059366859379224,0.22135442067519762,0.7339449541284404,True,2026-09-18
baseOnBalls,700,0.22198379706242122,0.26038351070019417,0.7727272727272727,True,2026-09-18
baseOnBalls,700,0.26313178302370943,0.3681708356307354,0.8135593220338984,True,2026-09-18
baseOnBalls,700,0.3681737582955975,0.3935527106805239,0.8333333333333334,True,2026-09-18
baseOnBalls,700,0.39891835101298057,0.48438368245842867,0.8461538461538461,True,2026-09-18
baseOnBalls,700,0.4940777878218796,0.6088112119177822,0.8888888888888888,True,2026-09-18
baseOnBalls,700,0.6226091091812123,0.6226091091812123,1.0,True,2026-09-18
baseOnBalls,700,0.622887449892005,0.622887449892005,1.0,True,2026-09-18
baseOnBalls,700,0.6313834372267593,0.6313834372267593,1.0,True,2026-09-18
baseOnBalls,700,0.7034016661636997,0.7034016661636997,1.0,True,2026-09-18
baseOnBalls,700,0.7638302794366609,0.7638302794366609,1.0,True,2026-09-18
baseOnBalls,700,0.8424770858546253,0.8424770858546253,1.0,True,2026-09-18
doubles,474,-0.1960089428757783,-0.18365286642801948,0.5,True,2026-09-18
doubles,474,0.14718962329789065,0.16249561452423222,0.5,True,2026-09-18
doubles,474,0.16961640646331944,0.21191049108165316,0.6428571428571429,True,2026-09-18
doubles,474,0.21321191886090674,0.22372228759923019,0.8461538461538461,True,2026-09-18
doubles,474,0.22429365493007936,0.2679151202610228,0.863013698630137,True,2026-09-18
doubles,474,0.2683287881372962,0.2945934669987764,0.8653846153846154,True,2026-09-18
doubles,474,0.29555416651419364,0.30301701321150176,0.875,True,2026-09-18
doubles,474,0.30355281915399246,0.3552169732574839,0.8773584905660378,True,2026-09-18
doubles,474,0.3557856531406287,0.383596647559898,0.8823529411764706,True,2026-09-18
doubles,474,0.387580167298438,0.5089393804955762,0.9019607843137255,True,2026-09-18
doubles,474,0.5119423226278741,0.8276194471109193,0.9090909090909091,True,2026-09-18
doubles,474,0.8405621099227574,0.8405621099227574,1.0,True,2026-09-18
doubles,474,0.8629198103153612,0.8629198103153612,1.0,True,2026-09-18
doubles,474,1.1448865529091563,1.1448865529091563,1.0,True,2026-09-18
doubles,474,1.1683896978211123,1.1683896978211123,1.0,True,2026-09-18
doubles,474,1.4564936335373204,1.4564936335373204,1.0,True,2026-09-18
homeRuns,450,0.12709377965074964,0.13873588453861885,0.5,True,2026-09-18
homeRuns,450,0.15040617299382575,0.15514667818206362,0.5,True,2026-09-18
homeRuns,450,0.16075639528571628,0.18460813895217143,0.5,True,2026-09-18
homeRuns,450,0.18614620991866104,0.23285430527175777,0.8095238095238095,True,2026-09-18
homeRuns,450,0.23500160776893608,0.3760784849000629,0.841726618705036,True,2026-09-18
homeRuns,450,0.3789494037919212,0.48370215969043784,0.8811881188118812,True,2026-09-18
homeRuns,450,0.485899507853901,0.5337372186768334,0.926829268292683,True,2026-09-18
homeRuns,450,0.5343793565116357,0.9546135734126437,0.940677966101695,True,2026-09-18
homeRuns,450,0.955377535225125,0.955377535225125,1.0,True,2026-09-18
homeRuns,450,0.9602555571764242,0.9602555571764242,1.0,True,2026-09-18
homeRuns,450,0.9633996985794511,0.9633996985794511,1.0,True,2026-09-18
homeRuns,450,0.9719217033998575,0.9719217033998575,1.0,True,2026-09-18
homeRuns,450,0.9811569220328238,0.9811569220328238,1.0,True,2026-09-18
homeRuns,450,0.9855474445212167,0.9855474445212167,1.0,True,2026-09-18
homeRuns,450,0.9954984804790001,0.9954984804790001,1.0,True,2026-09-18
homeRuns,450,1.039729698706651,1.039729698706651,1.0,True,2026-09-18
homeRuns,450,1.0840364463801961,1.0840364463801961,1.0,True,2026-09-18
homeRuns,450,1.0840364463801961,1.0840364463801961,1.0,True,2026-09-18
homeRuns,450,1.089336784236366,1.089336784236366,1.0,True,2026-09-18
homeRuns,450,1.0946120173612144,1.0946120173612144,1.0,True,2026-09-18
homeRuns,450,1.1883707935048733,1.1883707935048733,1.0,True,2026-09-18
homeRuns,450,1.1975699546455871,1.1975699546455871,1.0,True,2026-09-18
homeRuns,450,1.2097249875369016,1.2097249875369016,1.0,True,2026-09-18
homeRuns,450,1.2517997511022259,1.2517997511022259,1.0,True,2026-09-18
homeRuns,450,1.264806306018727,1.264806306018727,1.0,True,2026-09-18
homeRuns,450,1.289744066161802,1.289744066161802,1.0,True,2026-09-18
homeRuns,450,1.3161618356534746,1.3161618356534746,1.0,True,2026-09-18
homeRuns,450,1.417062940861797,1.417062940861797,1.0,True,2026-09-18
homeRuns,450,1.6324369779031258,1.6324369779031258,1.0,True,2026-09-18
homeRuns,450,1.7649667293007951,1.7649667293007951,1.0,True,2026-09-18
stolenBases,341,0.13496682673576288,0.24991503419005312,0.6538461538461539,True,2026-09-18
stolenBases,341,0.2511907068255823,0.2925184002087917,0.7,True,2026-09-18
stolenBases,341,0.29487592962686904,0.3530369799991604,0.8214285714285714,True,2026-09-18
stolenBases,341,0.35934196689049713,0.44426903026760556,0.875,True,2026-09-18
stolenBases,341,0.44472676402074285,0.7385180705750827,0.9252336448598131,True,2026-09-18
stolenBases,341,0.7394559799286071,0.8650689610221889,0.9354838709677419,True,2026-09-18
stolenBases,341,0.8928065740328748,1.278085390018532,0.9375,True,2026-09-18
stolenBases,341,1.2854362071084324,1.2854362071084324,1.0,True,2026-09-18
stolenBases,341,1.2899575397896115,1.2899575397896115,1.0,True,2026-09-18
stolenBases,341,1.2966492731648032,1.2966492731648032,1.0,True,2026-09-18
stolenBases,341,1.3221663389413152,1.3221663389413152,1.0,True,2026-09-18
stolenBases,341,1.339230062236311,1.339230062236311,1.0,True,2026-09-18
stolenBases,341,1.3490070802799892,1.3490070802799892,1.0,True,2026-09-18
stolenBases,341,1.3744490177778061,1.3744490177778061,1.0,True,2026-09-18
stolenBases,341,1.3826082515588496,1.3826082515588496,1.0,True,2026-09-18
stolenBases,341,1.4952557524957228,1.4952557524957228,1.0,True,2026-09-18
stolenBases,341,1.5125536692503374,1.5125536692503374,1.0,True,2026-09-18
stolenBases,341,1.5182762763870414,1.5182762763870414,1.0,True,2026-09-18
stolenBases,341,1.5409562023996841,1.5409562023996841,1.0,True,2026-09-18
stolenBases,341,1.5688492489571217,1.5688492489571217,1.0,True,2026-09-18
stolenBases,341,1.5862504563119728,1.5862504563119728,1.0,True,2026-09-18
stolenBases,341,1.6186642569082323,1.6186642569082323,1.0,True,2026-09-18
stolenBases,341,1.6293277305958327,1.6293277305958327,1.0,True,2026-09-18
stolenBases,341,1.6399228817608673,1.6399228817608673,1.0,True,2026-09-18
stolenBases,341,1.6399228817608673,1.6399228817608673,1.0,True,2026-09-18
stolenBases,341,1.6609133045130875,1.6609133045130875,1.0,True,2026-09-18
stolenBases,341,1.6713110238488298,1.6713110238488298,1.0,True,2026-09-18
stolenBases,341,1.7621659174037632,1.7621659174037632,1.0,True,2026-09-18
stolenBases,341,1.7719767350063194,1.7719767350063194,1.0,True,2026-09-18
stolenBases,341,1.876547500520246,1.876547500520246,1.0,True,2026-09-18
stolenBases,341,1.8857691428565886,1.8857691428565886,1.0,True,2026-09-18
stolenBases,341,1.8857691428565886,1.8857691428565886,1.0,True,2026-09-18
stolenBases,341,1.894946309941588,1.894946309941588,1.0,True,2026-09-18
stolenBases,341,1.894946309941588,1.894946309941588,1.0,True,2026-09-18
stolenBases,341,1.9401866532571148,1.9401866532571148,1.0,True,2026-09-18
stolenBases,341,1.9491097544378135,1.9491097544378135,1.0,True,2026-09-18
stolenBases,341,1.9579925149155315,1.9579925149155315,1.0,True,2026-09-18
stolenBases,341,1.9579925149155315,1.9579925149155315,1.0,True,2026-09-18
stolenBases,341,2.0700273661350366,2.0700273661350366,1.0,True,2026-09-18
stolenBases,341,2.215876517322613,2.215876517322613,1.0,True,2026-09-18
passing_tds+rushing_tds+receiving_tds,217,-0.24408393327030353,0.01786567093222402,0.2857142857142857,False,2026-09-18
passing_tds+rushing_tds+receiving_tds,217,0.03978774361894466,0.07485779814305715,0.3333333333333333,False,2026-09-18
passing_tds+rushing_tds+receiving_tds,217,0.08065806902595796,0.19830880986410193,0.6470588235294118,False,2026-09-18
passing_tds+rushing_tds+receiving_tds,217,0.20303394258371554,0.612213315354893,0.7285714285714285,False,2026-09-18
passing_tds+rushing_tds+receiving_tds,217,0.6166315525479149,0.639957048377255,0.75,False,2026-09-18
passing_tds+rushing_tds+receiving_tds,217,0.6483868012728635,0.861967069824459,0.75,False,2026-09-18
passing_tds+rushing_tds+receiving_tds,217,0.8686176295450423,4.106240026507294,0.9090909090909091,False,2026-09-18
receptions,211,-0.8970330671581905,-0.8970330671581905,0.0,False,2026-09-18
receptions,211,-0.3923112959309947,-0.3769223057606723,0.3333333333333333,False,2026-09-18
receptions,211,-0.3654119565326255,-0.27885613541002385,0.5,False,2026-09-18
receptions,211,-0.27351119738887064,-0.09328516214736737,0.5357142857142858,False,2026-09-18
receptions,211,-0.08940457695280202,0.4735562200366985,0.5734265734265735,False,2026-09-18
receptions,211,0.4739609326061327,0.5835947115847375,0.7142857142857143,False,2026-09-18
receptions,211,0.589539523847634,0.7541708817298058,0.7777777777777778,False,2026-09-18
receptions,211,0.7942395651771221,0.7942395651771221,1.0,False,2026-09-18
receptions,211,0.8188435856427532,0.8188435856427532,1.0,False,2026-09-18
receptions,211,0.8850677403679583,0.8850677403679583,1.0,False,2026-09-18
receptions,211,1.0609389357559849,1.0609389357559849,1.0,False,2026-09-18
receptions,211,1.1621529757685494,1.1621529757685494,1.0,False,2026-09-18
receptions,211,1.4315329231030773,1.4315329231030773,1.0,False,2026-09-18
receptions,211,1.4406563123629894,1.4406563123629894,1.0,False,2026-09-18
receptions,211,1.9272316220158245,1.9272316220158245,1.0,False,2026-09-18
receptions,211,2.5117961323994678,2.5117961323994678,1.0,False,2026-09-18
totalShots,207,-0.49753087034332566,-0.49753087034332566,0.0,False,2026-09-18
totalShots,207,-0.45435835400712676,-0.45435835400712676,0.0,False,2026-09-18
totalShots,207,-0.30393192838528194,-0.09566285167238675,0.4074074074074074,False,2026-09-18
totalShots,207,-0.09376814015558921,-0.0825810574751813,0.5,False,2026-09-18
totalShots,207,-0.07232848028070293,0.0645425695402082,0.5769230769230769,False,2026-09-18
totalShots,207,0.06714384080260061,0.44062005399609916,0.5974025974025974,False,2026-09-18
totalShots,207,0.4529756562842522,0.7477177720575128,0.7096774193548387,False,2026-09-18
totalShots,207,0.777061012777267,1.029623328737216,0.7391304347826086,False,2026-09-18
totalShots,207,1.0474814244371373,1.2704858506040182,0.75,False,2026-09-18
totalShots,207,1.279711017239606,1.279711017239606,1.0,False,2026-09-18
totalShots,207,1.4753274296235759,1.4753274296235759,1.0,False,2026-09-18
totalShots,207,1.6348551159899216,1.6348551159899216,1.0,False,2026-09-18
totalShots,207,1.738286419044016,1.738286419044016,1.0,False,2026-09-18
totalShots,207,2.07673251311644,2.07673251311644,1.0,False,2026-09-18
totalShots,207,3.076504029420903,3.076504029420903,1.0,False,2026-09-18
totalShots,207,4.2375780844304245,4.2375780844304245,1.0,False,2026-09-18
numberOfPitchesSeen,205,-0.17472576515865512,-0.17472576515865512,0.0,False,2026-09-18
numberOfPitchesSeen,205,-0.16813484459999017,-0.16813484459999017,0.0,False,2026-09-18
numberOfPitchesSeen,205,-0.15630348838749342,-0.0802634968131315,0.3333333333333333,False,2026-09-18
numberOfPitchesSeen,205,-0.06673615364707075,-0.06281664487323724,0.3333333333333333,False,2026-09-18
numberOfPitchesSeen,205,-0.0625220944348257,0.06337786492076702,0.4117647058823529,False,2026-09-18
numberOfPitchesSeen,205,0.06531376260682009,0.06639263036777265,0.5,False,2026-09-18
numberOfPitchesSeen,205,0.06689275699318387,0.21162415799335577,0.5666666666666665,False,2026-09-18
numberOfPitchesSeen,205,0.21936484859907068,0.26930800764239393,0.6363636363636364,False,2026-09-18
numberOfPitchesSeen,205,0.26954059189301915,0.5131538791756611,0.7272727272727273,False,2026-09-18
numberOfPitchesSeen,205,0.5829575867683161,0.5829575867683161,1.0,False,2026-09-18
plateAppearances,200,-0.3000208562298212,0.05727207913878374,0.47619047619047616,False,2026-09-18
plateAppearances,200,0.05923252095817588,0.17554166846093722,0.5581395348837209,False,2026-09-18
plateAppearances,200,0.17745751512120478,0.24732434496399947,0.5789473684210527,False,2026-09-18
plateAppearances,200,0.2533244695805479,0.43914546942687593,0.625,False,2026-09-18
plateAppearances,200,0.44172323125530966,0.6966393204347696,0.6538461538461539,False,2026-09-18
plateAppearances,200,0.7318347373220604,0.9130384799500462,0.8333333333333334,False,2026-09-18
plateAppearances,200,0.9475088479521219,0.9475088479521219,1.0,False,2026-09-18
plateAppearances,200,0.9483796045242343,0.9483796045242343,1.0,False,2026-09-18
receiving_yards,184,-0.6045027977379505,-0.6045027977379505,0.0,False,2026-09-18
receiving_yards,184,-0.5639066893782001,-0.5639066893782001,0.0,False,2026-09-18
receiving_yards,184,-0.5616971747076605,-0.08790216772467829,0.5263157894736842,False,2026-09-18
receiving_yards,184,-0.0786241352034267,0.28786286487593316,0.5945945945945946,False,2026-09-18
receiving_yards,184,0.29389977260143496,0.4674697483133059,0.625,False,2026-09-18
receiving_yards,184,0.4679190728638787,0.762146584718721,0.6842105263157895,False,2026-09-18
receiving_yards,184,0.7866160348930862,1.2156748809793498,0.6875,False,2026-09-18
receiving_yards,184,1.2582594107661862,1.2582594107661862,1.0,False,2026-09-18
receiving_yards,184,1.6925584914570209,1.6925584914570209,1.0,False,2026-09-18
receiving_yards,184,1.9161887879890855,1.9161887879890855,1.0,False,2026-09-18
receiving_yards,184,2.0981046160159167,2.0981046160159167,1.0,False,2026-09-18
receiving_yards,184,2.1234712840232532,2.1234712840232532,1.0,False,2026-09-18
receiving_yards,184,2.2225783434405457,2.2225783434405457,1.0,False,2026-09-18
receiving_yards,184,2.4418546339438763,2.4418546339438763,1.0,False,2026-09-18
receiving_yards,184,3.114626943221083,3.114626943221083,1.0,False,2026-09-18
receiving_yards,184,3.4405514808313455,3.4405514808313455,1.0,False,2026-09-18
receiving_yards,184,4.179479405313032,4.179479405313032,1.0,False,2026-09-18
receiving_yards,184,8.0,8.0,1.0,False,2026-09-18
p_strikeOuts,158,-0.31846279519959353,-0.1127022516739089,0.2857142857142857,False,2026-09-18
p_strikeOuts,158,-0.101318522967631,-0.01999673029058613,0.5263157894736842,False,2026-09-18
p_strikeOuts,158,-0.008352469449164346,0.2931788913847413,0.5308641975308642,False,2026-09-18
p_strikeOuts,158,0.2951817821303848,0.886883676663274,0.7666666666666667,False,2026-09-18
p_strikeOuts,158,0.903887936292449,0.903887936292449,1.0,False,2026-09-18
p_strikeOuts,158,0.9100185086426791,0.9100185086426791,1.0,False,2026-09-18
p_strikeOuts,158,0.9100185086426791,0.9100185086426791,1.0,False,2026-09-18
p_strikeOuts,158,1.0084527122380678,1.0084527122380678,1.0,False,2026-09-18
p_strikeOuts,158,1.249873415363254,1.249873415363254,1.0,False,2026-09-18
p_strikeOuts,158,1.3628105509269517,1.3628105509269517,1.0,False,2026-09-18
p_strikeOuts,158,1.5497564748220611,1.5497564748220611,1.0,False,2026-09-18
p_hits,150,-0.3602488564501982,-0.20908903740928508,0.14285714285714285,False,2026-09-18
p_hits,150,-0.20838241835008375,-0.17036244363407604,0.2857142857142857,False,2026-09-18
p_hits,150,-0.1687230902898591,-0.16156492559821345,0.3333333333333333,False,2026-09-18
p_hits,150,-0.15519203207804821,-0.052213678281987086,0.391304347826087,False,2026-09-18
p_hits,150,-0.05128025161684491,-0.032519869884708896,0.42857142857142855,False,2026-09-18
p_hits,150,-0.026292097609257326,0.02183057859656401,0.42857142857142855,False,2026-09-18
p_hits,150,0.022453960933489725,0.21150518048671074,0.5333333333333333,False,2026-09-18
p_hits,150,0.21656422849628143,0.33684860888752155,0.6296296296296297,False,2026-09-18
p_hits,150,0.3395351976796519,0.3754401402256917,0.8181818181818182,False,2026-09-18
p_hits,150,0.38419342497945763,0.8579035700240638,0.8695652173913043,False,2026-09-18
p_hits,150,0.8907235932711046,0.8907235932711046,1.0,False,2026-09-18
p_hits,150,1.0710554687830154,1.0710554687830154,1.0,False,2026-09-18
p_hits,150,1.1181899894436356,1.1181899894436356,1.0,False,2026-09-18
p_hits,150,1.1181899894436356,1.1181899894436356,1.0,False,2026-09-18
p_hits,150,1.1981346073152963,1.1981346073152963,1.0,False,2026-09-18
p_earnedRuns,147,-0.32987357847741805,-0.2066470135760028,0.16666666666666666,False,2026-09-18
p_earnedRuns,147,-0.19183267882908694,0.08422046634950675,0.34545454545454546,False,2026-09-18
p_earnedRuns,147,0.08649479210725985,0.09510056799626909,0.5,False,2026-09-18
p_earnedRuns,147,0.09587028963142075,0.10513817201717757,0.6666666666666666,False,2026-09-18
p_earnedRuns,147,0.11316912199254148,0.2365164417133201,0.7142857142857143,False,2026-09-18
p_earnedRuns,147,0.246436972549418,0.28916216592187993,0.8,False,2026-09-18
p_earnedRuns,147,0.2940182262973394,0.7908735398377758,0.9,False,2026-09-18
p_earnedRuns,147,0.7953969730006065,0.7953969730006065,1.0,False,2026-09-18
p_earnedRuns,147,0.8349268730671611,0.8349268730671611,1.0,False,2026-09-18
p_earnedRuns,147,0.844695341278566,0.844695341278566,1.0,False,2026-09-18
p_earnedRuns,147,0.8447659120138269,0.8447659120138269,1.0,False,2026-09-18
p_earnedRuns,147,0.8916272089409176,0.8916272089409176,1.0,False,2026-09-18
p_earnedRuns,147,0.9370275332767051,0.9370275332767051,1.0,False,2026-09-18
shotsOnTarget,140,-0.4399870944034774,-0.28794294406543486,0.16666666666666666,False,2026-09-18
shotsOnTarget,140,-0.24464576275204308,-0.018310403189389035,0.20833333333333334,False,2026-09-18
shotsOnTarget,140,-0.018015768873738125,0.005184507492231205,0.3333333333333333,False,2026-09-18
shotsOnTarget,140,0.008039712469326332,0.03930052599753253,0.5454545454545454,False,2026-09-18
shotsOnTarget,140,0.04919838297064416,0.20725312424474396,0.5675675675675675,False,2026-09-18
shotsOnTarget,140,0.20725312424474396,0.41165406999061815,0.6333333333333333,False,2026-09-18
shotsOnTarget,140,0.44226170631009154,0.5580591068428475,0.7777777777777778,False,2026-09-18
shotsOnTarget,140,0.6147500393853988,0.7631246258679312,0.8888888888888888,False,2026-09-18
shotsOnTarget,140,0.8568913893250283,0.8568913893250283,1.0,False,2026-09-18
shotsOnTarget,140,0.9447934450290632,0.9447934450290632,1.0,False,2026-09-18
shotsOnTarget,140,0.9471359266608488,0.9471359266608488,1.0,False,2026-09-18
shotsOnTarget,140,1.0221824085747357,1.0221824085747357,1.0,False,2026-09-18
shotsOnTarget,140,1.0730214102368336,1.0730214102368336,1.0,False,2026-09-18
shotsOnTarget,140,1.0778171546699014,1.0778171546699014,1.0,False,2026-09-18
shotsOnTarget,140,1.1904711428505834,1.1904711428505834,1.0,False,2026-09-18
shotsOnTarget,140,1.912693710270105,1.912693710270105,1.0,False,2026-09-18
p_outs,139,-0.6601495300710667,0.1707365733163897,0.24999999999999997,False,2026-09-18
p_outs,139,0.17759716909495182,0.18151136123924516,0.25,False,2026-09-18
p_outs,139,0.18212804678478278,0.21633866321644746,0.375,False,2026-09-18
p_outs,139,0.2196880655537825,0.24831297199125402,0.7142857142857143,False,2026-09-18
p_outs,139,0.260146889166208,0.3476345035887789,0.7142857142857143,False,2026-09-18
p_outs,139,0.35756703538936563,0.4651399304566439,0.7777777777777778,False,2026-09-18
p_outs,139,0.4778879249060992,1.135346680675866,0.8620689655172413,False,2026-09-18
p_outs,139,1.3497390371921938,1.3497390371921938,1.0,False,2026-09-18
p_outs,139,1.3497390371921938,1.3497390371921938,1.0,False,2026-09-18
p_outs,139,1.4882419076457154,1.4882419076457154,1.0,False,2026-09-18
p_outs,139,1.8055132812878583,1.8055132812878583,1.0,False,2026-09-18
p_baseOnBalls,137,-0.3183663024974521,-0.3183663024974521,0.0,False,2026-09-18
p_baseOnBalls,137,-0.2861236601311248,-0.18542468789382838,0.125,False,2026-09-18
p_baseOnBalls,137,-0.17510091289295815,-0.15995090568321757,0.25,False,2026-09-18
p_baseOnBalls,137,-0.14259128327830695,-0.10276712480117567,0.25,False,2026-09-18
p_baseOnBalls,137,-0.08901986418641172,-0.02227194359875284,0.4,False,2026-09-18
p_baseOnBalls,137,-0.013907999004004523,-0.006789879669668153,0.5,False,2026-09-18
p_baseOnBalls,137,0.001432756456779316,0.012857046531280503,0.5,False,2026-09-18
p_baseOnBalls,137,0.014085064904065803,0.019801925373030826,0.5,False,2026-09-18
p_baseOnBalls,137,0.02227194359875284,0.02267357546952553,0.6666666666666666,False,2026-09-18
p_baseOnBalls,137,0.024112485552905127,0.050656736275414005,0.7,False,2026-09-18
p_baseOnBalls,137,0.06880783292581327,0.1360567024385091,0.7142857142857143,False,2026-09-18
p_baseOnBalls,137,0.16230849552084692,0.17510091289295815,0.75,False,2026-09-18
p_baseOnBalls,137,0.18400134003604762,0.2575887202692684,0.7647058823529411,False,2026-09-18
p_baseOnBalls,137,0.26378695378662087,0.4964931225113105,0.8285714285714286,False,2026-09-18
p_baseOnBalls,137,0.5440284784708638,0.8774713499296922,0.8421052631578947,False,2026-09-18
p_baseOnBalls,137,0.8964889473572839,0.8964889473572839,1.0,False,2026-09-18
p_baseOnBalls,137,0.9847998081531841,0.9847998081531841,1.0,False,2026-09-18
p_baseOnBalls,137,0.9851509215368424,0.9851509215368424,1.0,False,2026-09-18
p_baseOnBalls,137,1.225834514159942,1.225834514159942,1.0,False,2026-09-18
p_baseOnBalls,137,2.029828715225449,2.029828715225449,1.0,False,2026-09-18
pitcher fs,134,-0.3229347323940601,-0.3229347323940601,0.0,False,2026-09-18
pitcher fs,134,-0.2586861371237319,-0.1703576522122603,0.2,False,2026-09-18
pitcher fs,134,-0.162131543882424,-0.08205426365020685,0.26666666666666666,False,2026-09-18
pitcher fs,134,-0.08164371878956445,-0.04829927915125154,0.42857142857142855,False,2026-09-18
pitcher fs,134,-0.04479802559944801,-0.01672310775029473,0.5,False,2026-09-18
pitcher fs,134,-0.0044068121642339975,-0.0021598503517452627,0.5,False,2026-09-18
pitcher fs,134,0.00458955139038153,0.014809754822636023,0.5,False,2026-09-18
pitcher fs,134,0.015280400082701817,0.04732582301949151,0.5,False,2026-09-18
pitcher fs,134,0.049306353932479396,0.1504968939407263,0.5,False,2026-09-18
pitcher fs,134,0.15400241388124414,0.1582014187297318,0.5,False,2026-09-18
pitcher fs,134,0.1615377264970448,0.20045705520897172,0.5,False,2026-09-18
pitcher fs,134,0.20421955347410403,0.3622244165453594,0.5757575757575758,False,2026-09-18
pitcher fs,134,0.36856486278702505,1.817850789608201,0.7142857142857143,False,2026-09-18
pitcher fs,134,1.9121007210051175,1.9121007210051175,1.0,False,2026-09-18
fantasy score,120,-0.9996558288403321,-0.9996558288403321,0.0,False,2026-09-18
fantasy score,120,-0.26010451433830895,-0.16620715396129526,0.3333333333333333,False,2026-09-18
fantasy score,120,-0.1104325530177448,1.0240894126181956,0.6434782608695652,False,2026-09-18
fantasy score,120,8.0,8.0,1.0,False,2026-09-18
def_sacks,101,-0.49188780222903006,-0.49188780222903006,0.0,False,2026-09-18
def_sacks,101,-0.4718280988454353,-0.4718280988454353,0.0,False,2026-09-18
def_sacks,101,-0.3717615995265078,-0.3717615995265078,0.0,False,2026-09-18
def_sacks,101,-0.3284687638224568,-0.3284687638224568,0.0,False,2026-09-18
def_sacks,101,-0.3238656592729967,-0.3238656592729967,0.0,False,2026-09-18
def_sacks,101,-0.3216792583989445,-0.3216792583989445,0.0,False,2026-09-18
def_sacks,101,-0.31851114306482486,-0.31851114306482486,0.0,False,2026-09-18
def_sacks,101,-0.3165956139273476,-0.3165956139273476,0.0,False,2026-09-18
def_sacks,101,-0.2601051955425646,-0.2601051955425646,0.0,False,2026-09-18
def_sacks,101,-0.24687992394319735,-0.24687992394319735,0.0,False,2026-09-18
def_sacks,101,-0.2465894655615557,-0.2465894655615557,0.0,False,2026-09-18
def_sacks,101,-0.24119095286005177,-0.24119095286005177,0.0,False,2026-09-18
def_sacks,101,-0.17029993442702107,-0.17029993442702107,0.0,False,2026-09-18
def_sacks,101,-0.14434458976029418,-0.14434458976029418,0.0,False,2026-09-18
def_sacks,101,-0.12996937331627123,-0.12996937331627123,0.0,False,2026-09-18
def_sacks,101,-0.12927154611679725,-0.12927154611679725,0.0,False,2026-09-18
def_sacks,101,-0.10660448830458336,-0.10660448830458336,0.0,False,2026-09-18
def_sacks,101,-0.10595030526746996,-0.0832704244821798,0.4,False,2026-09-18
def_sacks,101,-0.047253702621674165,-0.006383966450812295,0.4,False,2026-09-18
def_sacks,101,0.0009270333976019174,0.011858746904181316,0.5,False,2026-09-18
def_sacks,101,0.022726722090737894,0.15887858645874076,0.5454545454545454,False,2026-09-18
def_sacks,101,0.17681250770692714,0.19101700824103318,0.6666666666666666,False,2026-09-18
def_sacks,101,0.20401011212379672,0.22384897331357934,0.6666666666666666,False,2026-09-18
def_sacks,101,0.24119095286005177,0.681750130810542,0.6944444444444444,False,2026-09-18
def_sacks,101,0.6903889385575894,0.6903889385575894,1.0,False,2026-09-18
def_sacks,101,0.6903889385575894,0.6903889385575894,1.0,False,2026-09-18
def_sacks,101,0.6903889385575894,0.6903889385575894,1.0,False,2026-09-18
def_sacks,101,0.7631891884666402,0.7631891884666402,1.0,False,2026-09-18
def_sacks,101,0.7631891884666402,0.7631891884666402,1.0,False,2026-09-18
def_sacks,101,0.904541657975642,0.904541657975642,1.0,False,2026-09-18
def_sacks,101,0.9194390600023326,0.9194390600023326,1.0,False,2026-09-18
def_sacks,101,0.9231581340718549,0.9231581340718549,1.0,False,2026-09-18
def_sacks,101,0.9585067745356355,0.9585067745356355,1.0,False,2026-09-18
def_sacks,101,0.9733172721171286,0.9733172721171286,1.0,False,2026-09-18
def_sacks,101,0.9907608655339573,0.9907608655339573,1.0,False,2026-09-18
def_sacks,101,0.9907608655339573,0.9907608655339573,1.0,False,2026-09-18
def_sacks,101,1.0317196583782788,1.0317196583782788,1.0,False,2026-09-18
def_sacks,101,1.2009488084877376,1.2009488084877376,1.0,False,2026-09-18
def_sacks,101,1.666680711117806,1.666680711117806,1.0,False,2026-09-18
def_sacks,101,1.741423183848383,1.741423183848383,1.0,False,2026-09-18
def_sacks,101,2.1721052374050487,2.1721052374050487,1.0,False,2026-09-18
def_sacks,101,2.1721052374050487,2.1721052374050487,1.0,False,2026-09-18
def_sacks,101,3.5282893122930545,3.5282893122930545,1.0,False,2026-09-18
p_numberOfPitches,95,-1.7216650185582694,0.7473859966557939,0.45238095238095244,False,2026-09-18
p_numberOfPitches,95,0.7606936796510126,0.9223556691722479,0.5384615384615384,False,2026-09-18
p_numberOfPitches,95,0.935025980201317,1.072989027859876,0.6666666666666666,False,2026-09-18
p_numberOfPitches,95,1.0887951310432982,1.5592376172135118,0.6956521739130435,False,2026-09-18
p_numberOfPitches,95,1.6175587572797667,1.708422312134644,0.8,False,2026-09-18
p_numberOfPitches,95,1.7986728450341616,1.7986728450341616,1.0,False,2026-09-18
p_numberOfPitches,95,1.8830853737599682,1.8830853737599682,1.0,False,2026-09-18
p_numberOfPitches,95,1.8867547181725968,1.8867547181725968,1.0,False,2026-09-18
p_numberOfPitches,95,2.213192931463709,2.213192931463709,1.0,False,2026-09-18
p_numberOfPitches,95,2.4340334791049827,2.4340334791049827,1.0,False,2026-09-18
p_numberOfPitches,95,2.554610751598375,2.554610751598375,1.0,False,2026-09-18
rushing_yards,86,-0.5453255822358187,-0.5453255822358187,0.0,False,2026-09-18
rushing_yards,86,-0.3882455062412191,0.07627076379139908,0.425,False,2026-09-18
rushing_yards,86,0.0877300435968209,0.22682209897902794,0.46153846153846156,False,2026-09-18
rushing_yards,86,0.22756503240088932,0.23861227804445662,0.5,False,2026-09-18
rushing_yards,86,0.2523180073185358,0.2845507151505444,0.5,False,2026-09-18
rushing_yards,86,0.28945446384022944,0.4038885903719347,0.6111111111111112,False,2026-09-18
rushing_yards,86,0.48181789039517753,1.7833008792658802,0.8571428571428571,False,2026-09-18
rushing_yards,86,2.5575823556573596,2.5575823556573596,1.0,False,2026-09-18
targets,67,-0.45039146530325525,-0.45039146530325525,0.0,False,2026-09-18
targets,67,-0.3579576746269595,-0.3579576746269595,0.0,False,2026-09-18
targets,67,-0.35764752273098566,-0.18325393673148938,0.4,False,2026-09-18
targets,67,-0.15980108801159076,-0.07266403062385507,0.4,False,2026-09-18
targets,67,-0.05779522590455599,-0.042466959421290085,0.5,False,2026-09-18
targets,67,-0.028558213234646246,1.2555659177305643,0.5348837209302325,False,2026-09-18
saves,60,-0.8677610369923059,-0.5150409587367903,0.3333333333333333,False,2026-09-18
saves,60,-0.3858237882668618,1.9091523503593635,0.5000000000000001,False,2026-09-18
saves,60,2.513591772672953,2.513591772672953,1.0,False,2026-09-18
passing_tds,46,-0.6577736620383803,-0.6577736620383803,0.0,False,2026-09-18
passing_tds,46,-0.3448053640022408,0.47091163668665104,0.5,False,2026-09-18
passing_tds,46,0.5418877468036953,0.580602925241692,0.5,False,2026-09-18
passing_tds,46,0.6658570873260032,0.8473992868966889,0.5,False,2026-09-18
passing_tds,46,0.8657760859641712,1.4267922299623024,0.6666666666666666,False,2026-09-18
passing_tds,46,1.4621645681618247,1.4621645681618247,1.0,False,2026-09-18
passing_tds,46,1.5049750181788113,1.5049750181788113,1.0,False,2026-09-18
passing_tds,46,1.518667843687581,1.518667843687581,1.0,False,2026-09-18
passing_tds,46,1.6735265476454515,1.6735265476454515,1.0,False,2026-09-18
passing_tds,46,1.7147734003083315,1.7147734003083315,1.0,False,2026-09-18
passing_tds,46,1.7340145765629131,1.7340145765629131,1.0,False,2026-09-18
passing_tds,46,1.8022156009392347,1.8022156009392347,1.0,False,2026-09-18
passing_tds,46,1.8082433374074753,1.8082433374074753,1.0,False,2026-09-18
passing_tds,46,1.913957242417382,1.913957242417382,1.0,False,2026-09-18
passing_tds,46,2.2483358265890274,2.2483358265890274,1.0,False,2026-09-18
passing_tds,46,2.4170244823617395,2.4170244823617395,1.0,False,2026-09-18
passing_tds,46,2.629700987105025,2.629700987105025,1.0,False,2026-09-18
passing_tds,46,2.8650416570308153,2.8650416570308153,1.0,False,2026-09-18
passing_tds,46,2.870274066197453,2.870274066197453,1.0,False,2026-09-18
passing_tds,46,3.082305410556728,3.082305410556728,1.0,False,2026-09-18
passing_tds,46,3.554822530859383,3.554822530859383,1.0,False,2026-09-18
rushing_yards+receiving_yards,43,-0.2976982150285039,0.3812969587452244,0.42105263157894735,False,2026-09-18
rushing_yards+receiving_yards,43,0.4053425875317771,1.1750525312672835,0.75,False,2026-09-18
rushing_yards+receiving_yards,43,1.4467690694436897,1.4467690694436897,1.0,False,2026-09-18
p_strikes,42,-2.165106578700943,-2.165106578700943,0.0,False,2026-09-18
p_strikes,42,-1.897160868422361,0.8425006345205475,0.45454545454545453,False,2026-09-18
p_strikes,42,0.8522170340584125,1.7597493331704754,0.5909090909090909,False,2026-09-18
p_strikes,42,1.7660053168947343,1.7660053168947343,1.0,False,2026-09-18
p_strikes,42,1.8162941887567285,1.8162941887567285,1.0,False,2026-09-18
p_strikes,42,1.8635136476659682,1.8635136476659682,1.0,False,2026-09-18
p_strikes,42,2.1958232575270813,2.1958232575270813,1.0,False,2026-09-18
p_strikes,42,2.19930865362403,2.19930865362403,1.0,False,2026-09-18
p_strikes,42,2.24723214583355,2.24723214583355,1.0,False,2026-09-18
p_strikes,42,2.43507870475878,2.43507870475878,1.0,False,2026-09-18
p_strikes,42,2.4734572455927264,2.4734572455927264,1.0,False,2026-09-18
kicking points,39,-0.4923810623877216,-0.4923810623877216,0.0,False,2026-09-18
kicking points,39,-0.4762356180290226,-0.4762356180290226,0.0,False,2026-09-18
kicking points,39,-0.4145687928830739,-0.4145687928830739,0.0,False,2026-09-18
kicking points,39,-0.37268604084965773,-0.37268604084965773,0.0,False,2026-09-18
kicking points,39,-0.31281582327210344,-0.04877242349903099,0.4444444444444444,False,2026-09-18
kicking points,39,0.01873893811716698,0.4546842549170833,0.6875,False,2026-09-18
kicking points,39,0.6397681582311634,1.0933045829006005,0.75,False,2026-09-18
kicking points,39,1.1259439667046536,1.618046775838593,0.75,False,2026-09-18
kicking points,39,1.7797608544642571,1.7797608544642571,1.0,False,2026-09-18
kicking points,39,2.057523432682501,2.057523432682501,1.0,False,2026-09-18
fg_made,38,-0.44295035177492537,-0.44295035177492537,0.0,False,2026-09-18
fg_made,38,-0.3119357541145291,0.16726325752097182,0.2222222222222222,False,2026-09-18
fg_made,38,0.2019027295464184,0.2621177122055087,0.3333333333333333,False,2026-09-18
fg_made,38,0.38948528331820853,0.5571050793223549,0.6666666666666666,False,2026-09-18
fg_made,38,0.5962261067761574,1.5911149906751234,0.875,False,2026-09-18
fg_made,38,1.5984860232274514,2.09035940936883,0.875,False,2026-09-18
fg_made,38,2.128083273797529,2.128083273797529,1.0,False,2026-09-18
fg_made,38,2.1443271662283223,2.1443271662283223,1.0,False,2026-09-18
fg_made,38,2.2272858129872475,2.2272858129872475,1.0,False,2026-09-18
fg_made,38,2.268971258919919,2.268971258919919,1.0,False,2026-09-18
fg_made,38,2.399319248768734,2.399319248768734,1.0,False,2026-09-18
fg_made,38,2.796331234072568,2.796331234072568,1.0,False,2026-09-18
triples,35,1.1137020280293655,2.3052882165357005,0.8,False,2026-09-18
triples,35,2.3318463710311335,2.3318463710311335,1.0,False,2026-09-18
triples,35,2.3638576938246842,2.3638576938246842,1.0,False,2026-09-18
triples,35,2.375402577134082,2.375402577134082,1.0,False,2026-09-18
triples,35,2.707392176060239,2.707392176060239,1.0,False,2026-09-18
triples,35,2.7396734700596426,2.7396734700596426,1.0,False,2026-09-18
triples,35,2.8502691385510843,2.8502691385510843,1.0,False,2026-09-18
triples,35,3.1552658162254374,3.1552658162254374,1.0,False,2026-09-18
triples,35,3.1794674475386273,3.1794674475386273,1.0,False,2026-09-18
triples,35,3.394701637007529,3.394701637007529,1.0,False,2026-09-18
triples,35,3.552811881614616,3.552811881614616,1.0,False,2026-09-18
triples,35,3.5850005533138756,3.5850005533138756,1.0,False,2026-09-18
triples,35,4.017976333765546,4.017976333765546,1.0,False,2026-09-18
triples,35,4.099160283367382,4.099160283367382,1.0,False,2026-09-18
triples,35,4.099160283367382,4.099160283367382,1.0,False,2026-09-18
triples,35,4.125870837859111,4.125870837859111,1.0,False,2026-09-18
triples,35,4.556286627455847,4.556286627455847,1.0,False,2026-09-18
triples,35,5.230737089092145,5.230737089092145,1.0,False,2026-09-18
triples,35,5.314236198930303,5.314236198930303,1.0,False,2026-09-18
triples,35,5.5770192813070025,5.5770192813070025,1.0,False,2026-09-18
triples,35,5.596724451432237,5.596724451432237,1.0,False,2026-09-18
p_battersFaced,32,-1.0949531092483085,-0.07841022257343866,0.3333333333333333,False,2026-09-18
p_battersFaced,32,0.008283220086013898,0.4847590565041173,0.35,False,2026-09-18
p_battersFaced,32,0.48872786868014373,1.8647554788913112,0.8888888888888888,False,2026-09-18
passing_yards,31,-3.2968261888890993,-3.2968261888890993,0.0,False,2026-09-18
passing_yards,31,-1.387414760683896,0.9383918658422772,0.45454545454545453,False,2026-09-18
passing_yards,31,0.9529258248221595,2.0435775083315093,0.5333333333333333,False,2026-09-18
passing_yards,31,2.348967628815444,2.348967628815444,1.0,False,2026-09-18
passing_yards,31,2.403473029000452,2.403473029000452,1.0,False,2026-09-18
passing_yards,31,2.580351044278359,2.580351044278359,1.0,False,2026-09-18
passing_yards,31,5.437317929434357,5.437317929434357,1.0,False,2026-09-18
attempts,30,-1.4621786579082254,-1.4621786579082254,0.0,False,2026-09-18
attempts,30,-0.7783269661886152,-0.7783269661886152,0.0,False,2026-09-18
attempts,30,-0.748569972027326,0.4998161606199574,0.2222222222222222,False,2026-09-18
attempts,30,0.5250054545758758,0.5991665472683962,0.6,False,2026-09-18
attempts,30,0.690737596800318,0.7692561016592663,0.75,False,2026-09-18
attempts,30,0.8485402559454087,1.0883831840765197,0.8,False,2026-09-18
attempts,30,1.4311222296964843,1.4311222296964843,1.0,False,2026-09-18
attempts,30,1.4798615366744343,1.4798615366744343,1.0,False,2026-09-18
attempts,30,1.572226817108458,1.572226817108458,1.0,False,2026-09-18
attempts,30,1.572226817108458,1.572226817108458,1.0,False,2026-09-18
attempts,30,1.578045822767308,1.578045822767308,1.0,False,2026-09-18
