flag_id,platform,source_line_id,player_name,game_matchup,sport,stat_type,resolved_stat_key,mlb_starter_status,nfl_injury_status,weather_wind_mph,weather_factor,odds_type,allowed_wager_types,adjusted_odds,game_id,game_start_time,flagged_side,first_flagged_at,first_flagged_line,first_flagged_model_prob,first_flagged_implied_prob,first_flagged_edge,consensus_available,consensus_platform,consensus_source_line_id,consensus_line,consensus_implied_prob_same_side,consensus_edge,last_seen_at,last_seen_line,last_seen_implied_prob,status,closing_line,closing_implied_prob,closing_pulled_at,line_moved,clv_edge_at_close,season_avg,recent_form,model_sigma,games_used,league_avg
prizepicks|15047793,prizepicks,15047793,Samad Taylor,MIA @ SD,MLB,Hitter FS,hitter fs,,,,,standard,,,181668.0,2026-09-20T16:10:00.000-04:00,over,2026-09-20T18:54:59Z,3.5,0.6142857142857142,0.5490575349432251,0.0652281793424891,False,,,,,,2026-09-20T18:54:59Z,3.5,0.5490575349432251,closed,3.5,0.5490575349432251,2026-09-20T18:54:59Z,,,8.097560975609756,14.78,17.922689312780015,41.0,5.797706706788194
prizepicks|15209596,prizepicks,15209596,Samad Taylor,AZ @ SD,MLB,Hitter FS,hitter fs,,,,,standard,,,182957.0,2026-09-25T21:40:00.000-04:00,over,2026-09-25T13:51:25Z,3.5,0.6142857142857142,0.5490575349432251,0.0652281793424891,False,,,,,,2026-09-25T13:51:25Z,3.5,0.5490575349432251,closed,3.5,0.5490575349432251,2026-09-25T13:51:25Z,,,7.977777777777778,6.5,17.970963808433883,45.0,5.783664778114401
prizepicks|15210754,prizepicks,15210754,Bo Davidson,LAD @ SF,MLB,Hitter FS,hitter fs,,,,,standard,,,182959.0,2026-09-25T22:15:00.000-04:00,over,2026-09-25T13:51:25Z,3.5,0.8529411764705882,0.5490575349432251,0.3038836415273631,False,,,,,,2026-09-25T13:51:25Z,3.5,0.5490575349432251,closed,3.5,0.5490575349432251,2026-09-25T13:51:25Z,,,6.666666666666667,6.25,7.739380358486933,3.0,5.783664778114401
prizepicks|15235261,prizepicks,15235261,Bo Davidson,LAD @ SF,MLB,Hitter FS,hitter fs,,,,,standard,over,,182962.0,2026-09-26T16:05:00.000-04:00,over,2026-09-26T13:14:35Z,4.0,0.6111111111111112,0.5490575349432251,0.062053576167886,False,,,,,,2026-09-26T13:14:35Z,4.0,0.5490575349432251,closed,4.0,0.5490575349432251,2026-09-26T13:14:35Z,,,5.75,4.891304347826087,8.00567729281331,4.0,5.773707936785344
prizepicks|15265167,prizepicks,15265167,Bo Davidson,LAD @ SF,MLB,Hitter FS,hitter fs,,,,,standard,,,183629.0,2026-09-27T15:05:00.000-04:00,over,2026-09-27T14:04:39Z,4.5,0.6111111111111112,0.5490575349432251,0.062053576167886,False,,,,,,2026-09-27T14:04:39Z,4.5,0.5490575349432251,closed,4.5,0.5490575349432251,2026-09-27T14:04:39Z,,,6.2,5.949999999999999,7.439473079459325,5.0,5.7630218871977466
prizepicks|15276194,prizepicks,15276194,Parker Messick,CLE @ KC,MLB,Ks,p_strikeOuts,,,,,standard,under_or_over,False,183638.0,2026-09-27T15:10:00.000-04:00,over,2026-09-27T14:04:39Z,4.0,0.6048786401958355,0.5490575349432251,0.0558211052526104,False,,,,,,2026-09-27T14:04:39Z,4.0,0.5490575349432251,closed,4.0,0.5490575349432251,2026-09-27T14:04:39Z,,,6.161290322580645,6.59,6.272118152448947,31.0,2.479254835768953
prizepicks|15375110,prizepicks,15375110,Colson Montgomery,CWS @ CLE,MLB,Hitter FS,hitter fs,,,,,standard,,,191112.0,2026-10-03T13:00:00.000-04:00,over,2026-10-02T05:37:56Z,2.5,0.6111111111111112,0.5490575349432251,0.062053576167886,False,,,,,,2026-10-03T05:27:17Z,2.5,0.5490575349432251,closed,2.5,0.5490575349432251,2026-10-03T05:27:17Z,,,6.915032679738562,0.0,19.99890307464238,153.0,5.515820176251893
prizepicks|15375453,prizepicks,15375453,Jackson Merrill,SD @ MIL,MLB,Hitter FS,hitter fs,,,,,standard,,,191360.0,2026-10-03T20:30:00.000-04:00,over,2026-10-02T05:37:56Z,3.5,0.6111111111111112,0.5490575349432251,0.062053576167886,False,,,,,,2026-10-03T23:03:57Z,4.0,0.5490575349432251,closed,4.0,0.5490575349432251,2026-10-03T23:03:57Z,,,8.20253164556962,9.3,22.57684310072476,158.0,5.515820176251893
prizepicks|15375499,prizepicks,15375499,Dustin Harris,SD @ MIL,MLB,Hitter FS,hitter fs,,,,,standard,,,191360.0,2026-10-03T20:30:00.000-04:00,over,2026-10-02T05:37:56Z,3.0,0.6142857142857142,0.5490575349432251,0.0652281793424891,False,,,,,,2026-10-03T23:03:57Z,4.0,0.5490575349432251,closed,4.0,0.5490575349432251,2026-10-03T23:03:57Z,,,6.866666666666666,9.77,16.67048222376087,45.0,5.515820176251893
prizepicks|15406944,prizepicks,15406944,Robbie Ray,SD @ MIL,MLB,Batters Faced,p_battersFaced,,,,,standard,,,191360.0,2026-10-03T20:30:00.000-04:00,over,2026-10-03T23:03:57Z,17.5,0.6582434564291808,0.5490575349432251,0.1091859214859557,False,,,,,,2026-10-03T23:03:57Z,17.5,0.5490575349432251,closed,17.5,0.5490575349432251,2026-10-03T23:03:57Z,,,22.64516129032258,20.23,8.40849785390588,31.0,11.0297620061
prizepicks|15435695,prizepicks,15435695,Chase Meidroth,CWS @ CLE,MLB,Hitter FS,hitter fs,,,,,standard,,,191113.0,2026-10-05T17:00:00.000-04:00,over,2026-10-05T05:34:45Z,3.5,0.6111111111111112,0.5490575349432251,0.062053576167886,False,,,,,,2026-10-05T05:34:45Z,3.5,0.5490575349432251,closed,3.5,0.5490575349432251,2026-10-05T05:34:45Z,,,7.155844155844156,11.03,18.322743297349945,154.0,5.5636544453127375
prizepicks|15499345,prizepicks,15499345,Andy Pages,LAD @ ATL,MLB,Hitter FS,hitter fs,,,,,standard,over,,192352.0,2026-10-07T18:00:00.000-04:00,over,2026-10-07T05:57:48Z,4.0,0.6111111111111112,0.5490575349432251,0.062053576167886,False,,,,,,2026-10-07T05:57:48Z,4.0,0.5490575349432251,closed,4.0,0.5490575349432251,2026-10-07T05:57:48Z,,,8.522388059701493,13.72,22.485520031644366,134.0,5.5636544453127375
prizepicks|15476167,prizepicks,15476167,Nick Martinez,TB @ NYY,MLB,Pitcher FS,pitcher fs,,,,,standard,,False,191179.0,2026-10-07T20:00:00.000-04:00,over,2026-10-07T05:57:48Z,16.5,0.5986220456159768,0.5490575349432251,0.0495645106727516,False,,,,,,2026-10-07T05:57:48Z,16.5,0.5490575349432251,closed,16.5,0.5490575349432251,2026-10-07T05:57:48Z,,,26.93548387096774,20.1,32.53439238967883,31.0,12.429849938203438
